doc_id,task,row_key,column,field_type,value_correct
D001,T1,2567-พช-757,รหัสกิจกรรม,ข้อความ,2567-พช-757
D001,T1,2567-พช-757,ชื่อกิจกรรม,ข้อความ,กิจกรรมสำรวจข้อมูลถนนสายหลักในเขตพื้นที่
D001,T1,2567-พช-757,หน่วยงานรับผิดชอบ,ข้อความ,สำนักงานปศุสัตว์อำเภอวังน้ำเขียว
D001,T1,2567-พช-757,งบจัดสรร,เงินบาท,307000
D001,T1,2567-พช-757,เบิกจ่าย,เงินบาท,0
D001,T1,2567-พช-757,จำนวนผู้เข้าร่วม,จำนวนนับ,45
D001,T1,2567-พช-757,กลุ่มเป้าหมาย,รายการ,ผู้ต้องขัง
D001,T1,2567-พช-757,สถานะ,ข้อความ,ยังไม่ดำเนินการ
D001,T1,2567-พช-757,หมายเหตุ,ข้อความ,
D001,T1,2567-ทถ-105,รหัสกิจกรรม,ข้อความ,2567-ทถ-105
D001,T1,2567-ทถ-105,ชื่อกิจกรรม,ข้อความ,กิจกรรมตรวจเยี่ยมการป้องกันโรคไข้เลือดออก
D001,T1,2567-ทถ-105,หน่วยงานรับผิดชอบ,ข้อความ,ปศอ.วังน้ำเขียว
D001,T1,2567-ทถ-105,งบจัดสรร,เงินบาท,439500
D001,T1,2567-ทถ-105,เบิกจ่าย,เงินบาท,253000
D001,T1,2567-ทถ-105,จำนวนผู้เข้าร่วม,จำนวนนับ,111
D001,T1,2567-ทถ-105,กลุ่มเป้าหมาย,รายการ,ประชาชนทั่วไป
D001,T1,2567-ทถ-105,สถานะ,ข้อความ,ดำเนินการแล้วเสร็จ
D001,T1,2567-ทถ-105,หมายเหตุ,ข้อความ,
D001,T1,2567-กษ-274,รหัสกิจกรรม,ข้อความ,2567-กษ-274
D001,T1,2567-กษ-274,ชื่อกิจกรรม,ข้อความ,โครงการจัดทำแผนกลุ่มวิสาหกิจชุมชน
D001,T1,2567-กษ-274,หน่วยงานรับผิดชอบ,ข้อความ,ปศอ.วังน้ำเขียว
D001,T1,2567-กษ-274,งบจัดสรร,เงินบาท,799500
D001,T1,2567-กษ-274,เบิกจ่าย,เงินบาท,632500
D001,T1,2567-กษ-274,จำนวนผู้เข้าร่วม,จำนวนนับ,142
D001,T1,2567-กษ-274,กลุ่มเป้าหมาย,รายการ,ผู้ประกอบการร้านอาหาร
D001,T1,2567-กษ-274,สถานะ,ข้อความ,ดำเนินการแล้วเสร็จ
D001,T1,2567-กษ-274,หมายเหตุ,ข้อความ,
D001,T1,2567-พช-024,รหัสกิจกรรม,ข้อความ,2567-พช-024
D001,T1,2567-พช-024,ชื่อกิจกรรม,ข้อความ,กิจกรรมประชาสัมพันธ์ถนนสายหลักในเขตพื้นที่
D001,T1,2567-พช-024,หน่วยงานรับผิดชอบ,ข้อความ,สำนักงานปศุสัตว์อำเภอวังน้ำเขียว
D001,T1,2567-พช-024,งบจัดสรร,เงินบาท,828500
D001,T1,2567-พช-024,เบิกจ่าย,เงินบาท,570000
D001,T1,2567-พช-024,จำนวนผู้เข้าร่วม,จำนวนนับ,48
D001,T1,2567-พช-024,กลุ่มเป้าหมาย,รายการ,ผู้ต้องขัง
D001,T1,2567-พช-024,สถานะ,ข้อความ,ดำเนินการแล้วเสร็จ
D001,T1,2567-พช-024,หมายเหตุ,ข้อความ,
D001,T1,2567-สธ-102,รหัสกิจกรรม,ข้อความ,2567-สธ-102
D001,T1,2567-สธ-102,ชื่อกิจกรรม,ข้อความ,โครงการประชาสัมพันธ์คุณภาพชีวิตผู้สูงอายุ
D001,T1,2567-สธ-102,หน่วยงานรับผิดชอบ,ข้อความ,ปศอ.วังน้ำเขียว
D001,T1,2567-สธ-102,งบจัดสรร,เงินบาท,507000
D001,T1,2567-สธ-102,เบิกจ่าย,เงินบาท,365000
D001,T1,2567-สธ-102,จำนวนผู้เข้าร่วม,จำนวนนับ,136
D001,T1,2567-สธ-102,กลุ่มเป้าหมาย,รายการ,กลุ่มวิสาหกิจชุมชน
D001,T1,2567-สธ-102,สถานะ,ข้อความ,ดำเนินการแล้วเสร็จ
D001,T1,2567-สธ-102,หมายเหตุ,ข้อความ,
D001,T1,2567-กษ-552,รหัสกิจกรรม,ข้อความ,2567-กษ-552
D001,T1,2567-กษ-552,ชื่อกิจกรรม,ข้อความ,โครงการจัดเก็บข้อมูลการท่องเที่ยวโดยชุมชน
D001,T1,2567-กษ-552,หน่วยงานรับผิดชอบ,ข้อความ,ปศอ.วังน้ำเขียว
D001,T1,2567-กษ-552,งบจัดสรร,เงินบาท,638000
D001,T1,2567-กษ-552,เบิกจ่าย,เงินบาท,
D001,T1,2567-กษ-552,จำนวนผู้เข้าร่วม,จำนวนนับ,110
D001,T1,2567-กษ-552,กลุ่มเป้าหมาย,รายการ,ผู้ประกันตนตามมาตรา 40
D001,T1,2567-กษ-552,สถานะ,ข้อความ,อยู่ระหว่างดำเนินการ
D001,T1,2567-กษ-552,หมายเหตุ,ข้อความ,
D001,T1,2567-กษ-600,รหัสกิจกรรม,ข้อความ,2567-กษ-600
D001,T1,2567-กษ-600,ชื่อกิจกรรม,ข้อความ,โครงการจัดเก็บข้อมูลการเกษตรปลอดภัย
D001,T1,2567-กษ-600,หน่วยงานรับผิดชอบ,ข้อความ,ปศอ.วังน้ำเขียว
D001,T1,2567-กษ-600,งบจัดสรร,เงินบาท,87500
D001,T1,2567-กษ-600,เบิกจ่าย,เงินบาท,53500
D001,T1,2567-กษ-600,จำนวนผู้เข้าร่วม,จำนวนนับ,121
D001,T1,2567-กษ-600,กลุ่มเป้าหมาย,รายการ,สตรีและครอบครัว
D001,T1,2567-กษ-600,สถานะ,ข้อความ,ดำเนินการแล้วเสร็จ
D001,T1,2567-กษ-600,หมายเหตุ,ข้อความ,
D002,T1,2567-พช-399,รหัสกิจกรรม,ข้อความ,2567-พช-399
D002,T1,2567-พช-399,ชื่อกิจกรรม,ข้อความ,โครงการอบรมเชิงปฏิบัติการการจัดการน้ำเสียชุมชน
D002,T1,2567-พช-399,หน่วยงานรับผิดชอบ,ข้อความ,องค์การบริหารส่วนตำบลบ้านแหลม
D002,T1,2567-พช-399,งบจัดสรร,เงินบาท,310500
D002,T1,2567-พช-399,เบิกจ่าย,เงินบาท,0
D002,T1,2567-พช-399,จำนวนผู้เข้าร่วม,จำนวนนับ,228
D002,T1,2567-พช-399,กลุ่มเป้าหมาย,รายการ,ผู้ค้าในตลาดสด
D002,T1,2567-พช-399,สถานะ,ข้อความ,ยังไม่ดำเนินการ
D002,T1,2567-พช-399,หมายเหตุ,ข้อความ,
D002,T1,2567-กษ-283,รหัสกิจกรรม,ข้อความ,2567-กษ-283
D002,T1,2567-กษ-283,ชื่อกิจกรรม,ข้อความ,กิจกรรมจัดประชุมกองทุนสวัสดิการชุมชน
D002,T1,2567-กษ-283,หน่วยงานรับผิดชอบ,ข้อความ,องค์การบริหารส่วนตำบลบ้านแหลม
D002,T1,2567-กษ-283,งบจัดสรร,เงินบาท,111500
D002,T1,2567-กษ-283,เบิกจ่าย,เงินบาท,107000
D002,T1,2567-กษ-283,จำนวนผู้เข้าร่วม,จำนวนนับ,232
D002,T1,2567-กษ-283,กลุ่มเป้าหมาย,รายการ,นักท่องเที่ยว
D002,T1,2567-กษ-283,สถานะ,ข้อความ,ดำเนินการแล้วเสร็จ
D002,T1,2567-กษ-283,หมายเหตุ,ข้อความ,
D002,T1,2567-กษ-048,รหัสกิจกรรม,ข้อความ,2567-กษ-048
D002,T1,2567-กษ-048,ชื่อกิจกรรม,ข้อความ,โครงการตรวจเยี่ยมกองทุนสวัสดิการชุมชน
D002,T1,2567-กษ-048,หน่วยงานรับผิดชอบ,ข้อความ,องค์การบริหารส่วนตำบลบ้านแหลม
D002,T1,2567-กษ-048,งบจัดสรร,เงินบาท,491500
D002,T1,2567-กษ-048,เบิกจ่าย,เงินบาท,335000
D002,T1,2567-กษ-048,จำนวนผู้เข้าร่วม,จำนวนนับ,35
D002,T1,2567-กษ-048,กลุ่มเป้าหมาย,รายการ,ผู้ต้องขัง
D002,T1,2567-กษ-048,สถานะ,ข้อความ,ดำเนินการแล้วเสร็จ
D002,T1,2567-กษ-048,หมายเหตุ,ข้อความ,
D002,T1,2567-พช-738,รหัสกิจกรรม,ข้อความ,2567-พช-738
D002,T1,2567-พช-738,ชื่อกิจกรรม,ข้อความ,กิจกรรมตรวจเยี่ยมกลุ่มวิสาหกิจชุมชน
D002,T1,2567-พช-738,หน่วยงานรับผิดชอบ,ข้อความ,อบต.บ้านแหลม
D002,T1,2567-พช-738,งบจัดสรร,เงินบาท,76000
D002,T1,2567-พช-738,เบิกจ่าย,เงินบาท,72000
D002,T1,2567-พช-738,จำนวนผู้เข้าร่วม,จำนวนนับ,246
D002,T1,2567-พช-738,กลุ่มเป้าหมาย,รายการ,เกษตรกรผู้เลี้ยงโคเนื้อ
D002,T1,2567-พช-738,สถานะ,ข้อความ,ดำเนินการแล้วเสร็จ
D002,T1,2567-พช-738,หมายเหตุ,ข้อความ,
D002,T1,2567-ทถ-292,รหัสกิจกรรม,ข้อความ,2567-ทถ-292
D002,T1,2567-ทถ-292,ชื่อกิจกรรม,ข้อความ,โครงการอบรมเชิงปฏิบัติการการท่องเที่ยวโดยชุมชน
D002,T1,2567-ทถ-292,หน่วยงานรับผิดชอบ,ข้อความ,อบต.บ้านแหลม
D002,T1,2567-ทถ-292,งบจัดสรร,เงินบาท,366000
D002,T1,2567-ทถ-292,เบิกจ่าย,เงินบาท,250000
D002,T1,2567-ทถ-292,จำนวนผู้เข้าร่วม,จำนวนนับ,63
D002,T1,2567-ทถ-292,กลุ่มเป้าหมาย,รายการ,ผู้นำชุมชนและปราชญ์ชาวบ้าน
D002,T1,2567-ทถ-292,สถานะ,ข้อความ,ดำเนินการแล้วเสร็จ
D002,T1,2567-ทถ-292,หมายเหตุ,ข้อความ,
D002,T1,2567-สค-928,รหัสกิจกรรม,ข้อความ,2567-สค-928
D002,T1,2567-สค-928,ชื่อกิจกรรม,ข้อความ,โครงการอบรมเชิงปฏิบัติการกองทุนสวัสดิการชุมชน
D002,T1,2567-สค-928,หน่วยงานรับผิดชอบ,ข้อความ,องค์การบริหารส่วนตำบลบ้านแหลม
D002,T1,2567-สค-928,งบจัดสรร,เงินบาท,606000
D002,T1,2567-สค-928,เบิกจ่าย,เงินบาท,
D002,T1,2567-สค-928,จำนวนผู้เข้าร่วม,จำนวนนับ,55
D002,T1,2567-สค-928,กลุ่มเป้าหมาย,รายการ,อาสาสมัครป้องกันภัยฝ่ายพลเรือน
D002,T1,2567-สค-928,สถานะ,ข้อความ,อยู่ระหว่างดำเนินการ
D002,T1,2567-สค-928,หมายเหตุ,ข้อความ,
D002,T1,2567-สค-665,รหัสกิจกรรม,ข้อความ,2567-สค-665
D002,T1,2567-สค-665,ชื่อกิจกรรม,ข้อความ,กิจกรรมบำรุงรักษาถนนสายหลักในเขตพื้นที่
D002,T1,2567-สค-665,หน่วยงานรับผิดชอบ,ข้อความ,องค์การบริหารส่วนตำบลบ้านแหลม
D002,T1,2567-สค-665,งบจัดสรร,เงินบาท,380000
D002,T1,2567-สค-665,เบิกจ่าย,เงินบาท,259000
D002,T1,2567-สค-665,จำนวนผู้เข้าร่วม,จำนวนนับ,47
D002,T1,2567-สค-665,กลุ่มเป้าหมาย,รายการ,ผู้ปกครองเด็กก่อนวัยเรียน
D002,T1,2567-สค-665,สถานะ,ข้อความ,ดำเนินการแล้วเสร็จ
D002,T1,2567-สค-665,หมายเหตุ,ข้อความ,
D003,T1,2567-สค-498,รหัสกิจกรรม,ข้อความ,2567-สค-498
D003,T1,2567-สค-498,ชื่อกิจกรรม,ข้อความ,กิจกรรมจัดทำแผนการท่องเที่ยวโดยชุมชน
D003,T1,2567-สค-498,หน่วยงานรับผิดชอบ,ข้อความ,องค์การบริหารส่วนจังหวัดพะเยา
D003,T1,2567-สค-498,งบจัดสรร,เงินบาท,132000
D003,T1,2567-สค-498,เบิกจ่าย,เงินบาท,0
D003,T1,2567-สค-498,จำนวนผู้เข้าร่วม,จำนวนนับ,60
D003,T1,2567-สค-498,กลุ่มเป้าหมาย,รายการ,ประชาชนทั่วไป
D003,T1,2567-สค-498,สถานะ,ข้อความ,ยังไม่ดำเนินการ
D003,T1,2567-สค-498,หมายเหตุ,ข้อความ,
D003,T1,2567-พช-201,รหัสกิจกรรม,ข้อความ,2567-พช-201
D003,T1,2567-พช-201,ชื่อกิจกรรม,ข้อความ,โครงการสำรวจข้อมูลแผนพัฒนาท้องถิ่นห้าปี
D003,T1,2567-พช-201,หน่วยงานรับผิดชอบ,ข้อความ,อบจ.พะเยา
D003,T1,2567-พช-201,งบจัดสรร,เงินบาท,331500
D003,T1,2567-พช-201,เบิกจ่าย,เงินบาท,244000
D003,T1,2567-พช-201,จำนวนผู้เข้าร่วม,จำนวนนับ,61
D003,T1,2567-พช-201,กลุ่มเป้าหมาย,รายการ,ผู้พิการและผู้ดูแล
D003,T1,2567-พช-201,สถานะ,ข้อความ,ดำเนินการแล้วเสร็จ
D003,T1,2567-พช-201,หมายเหตุ,ข้อความ,
D003,T1,2567-สค-950,รหัสกิจกรรม,ข้อความ,2567-สค-950
D003,T1,2567-สค-950,ชื่อกิจกรรม,ข้อความ,โครงการจัดประชุมกองทุนสวัสดิการชุมชน
D003,T1,2567-สค-950,หน่วยงานรับผิดชอบ,ข้อความ,องค์การบริหารส่วนจังหวัดพะเยา
D003,T1,2567-สค-950,งบจัดสรร,เงินบาท,578500
D003,T1,2567-สค-950,เบิกจ่าย,เงินบาท,578000
D003,T1,2567-สค-950,จำนวนผู้เข้าร่วม,จำนวนนับ,137
D003,T1,2567-สค-950,กลุ่มเป้าหมาย,รายการ,ผู้ปกครองเด็กก่อนวัยเรียน
D003,T1,2567-สค-950,สถานะ,ข้อความ,ดำเนินการแล้วเสร็จ
D003,T1,2567-สค-950,หมายเหตุ,ข้อความ,
D003,T1,2567-ทถ-952,รหัสกิจกรรม,ข้อความ,2567-ทถ-952
D003,T1,2567-ทถ-952,ชื่อกิจกรรม,ข้อความ,กิจกรรมจัดประชุมการท่องเที่ยวโดยชุมชน
D003,T1,2567-ทถ-952,หน่วยงานรับผิดชอบ,ข้อความ,อบจ.พะเยา
D003,T1,2567-ทถ-952,งบจัดสรร,เงินบาท,441000
D003,T1,2567-ทถ-952,เบิกจ่าย,เงินบาท,300500
D003,T1,2567-ทถ-952,จำนวนผู้เข้าร่วม,จำนวนนับ,244
D003,T1,2567-ทถ-952,กลุ่มเป้าหมาย,รายการ,ผู้ประกันตนตามมาตรา 40
D003,T1,2567-ทถ-952,สถานะ,ข้อความ,ดำเนินการแล้วเสร็จ
D003,T1,2567-ทถ-952,หมายเหตุ,ข้อความ,
D003,T1,2567-สธ-590,รหัสกิจกรรม,ข้อความ,2567-สธ-590
D003,T1,2567-สธ-590,ชื่อกิจกรรม,ข้อความ,โครงการอบรมเชิงปฏิบัติการการเกษตรปลอดภัย
D003,T1,2567-สธ-590,หน่วยงานรับผิดชอบ,ข้อความ,องค์การบริหารส่วนจังหวัดพะเยา
D003,T1,2567-สธ-590,งบจัดสรร,เงินบาท,595000
D003,T1,2567-สธ-590,เบิกจ่าย,เงินบาท,
D003,T1,2567-สธ-590,จำนวนผู้เข้าร่วม,จำนวนนับ,229
D003,T1,2567-สธ-590,กลุ่มเป้าหมาย,รายการ,ผู้ประสบภัยพิบัติ
D003,T1,2567-สธ-590,สถานะ,ข้อความ,อยู่ระหว่างดำเนินการ
D003,T1,2567-สธ-590,หมายเหตุ,ข้อความ,
D003,T1,2567-ศษ-168,รหัสกิจกรรม,ข้อความ,2567-ศษ-168
D003,T1,2567-ศษ-168,ชื่อกิจกรรม,ข้อความ,กิจกรรมบำรุงรักษากองทุนสวัสดิการชุมชน
D003,T1,2567-ศษ-168,หน่วยงานรับผิดชอบ,ข้อความ,อบจ.พะเยา
D003,T1,2567-ศษ-168,งบจัดสรร,เงินบาท,375500
D003,T1,2567-ศษ-168,เบิกจ่าย,เงินบาท,214000
D003,T1,2567-ศษ-168,จำนวนผู้เข้าร่วม,จำนวนนับ,42
D003,T1,2567-ศษ-168,กลุ่มเป้าหมาย,รายการ,กลุ่มวิสาหกิจชุมชน
D003,T1,2567-ศษ-168,สถานะ,ข้อความ,ดำเนินการแล้วเสร็จ
D003,T1,2567-ศษ-168,หมายเหตุ,ข้อความ,
D003,T1,2567-พช-068,รหัสกิจกรรม,ข้อความ,2567-พช-068
D003,T1,2567-พช-068,ชื่อกิจกรรม,ข้อความ,กิจกรรมอบรมเชิงปฏิบัติการกลุ่มวิสาหกิจชุมชน
D003,T1,2567-พช-068,หน่วยงานรับผิดชอบ,ข้อความ,องค์การบริหารส่วนจังหวัดพะเยา
D003,T1,2567-พช-068,งบจัดสรร,เงินบาท,599500
D003,T1,2567-พช-068,เบิกจ่าย,เงินบาท,597000
D003,T1,2567-พช-068,จำนวนผู้เข้าร่วม,จำนวนนับ,26
D003,T1,2567-พช-068,กลุ่มเป้าหมาย,รายการ,ผู้สูงอายุ
D003,T1,2567-พช-068,สถานะ,ข้อความ,ดำเนินการแล้วเสร็จ
D003,T1,2567-พช-068,หมายเหตุ,ข้อความ,
D004,T1,2567-ทถ-509,รหัสกิจกรรม,ข้อความ,2567-ทถ-509
D004,T1,2567-ทถ-509,ชื่อกิจกรรม,ข้อความ,กิจกรรมจัดทำแผนการท่องเที่ยวโดยชุมชน
D004,T1,2567-ทถ-509,หน่วยงานรับผิดชอบ,ข้อความ,ศูนย์การศึกษานอกระบบและการศึกษาตามอัธยาศัยอำเภอเมือง
D004,T1,2567-ทถ-509,งบจัดสรร,เงินบาท,177000
D004,T1,2567-ทถ-509,เบิกจ่าย,เงินบาท,0
D004,T1,2567-ทถ-509,จำนวนผู้เข้าร่วม,จำนวนนับ,121
D004,T1,2567-ทถ-509,กลุ่มเป้าหมาย,รายการ,ผู้สูงอายุ
D004,T1,2567-ทถ-509,สถานะ,ข้อความ,ยังไม่ดำเนินการ
D004,T1,2567-ทถ-509,หมายเหตุ,ข้อความ,
D004,T1,2567-ศษ-329,รหัสกิจกรรม,ข้อความ,2567-ศษ-329
D004,T1,2567-ศษ-329,ชื่อกิจกรรม,ข้อความ,โครงการจัดประชุมครัวเรือนยากจนเป้าหมาย
D004,T1,2567-ศษ-329,หน่วยงานรับผิดชอบ,ข้อความ,ศูนย์การศึกษานอกระบบและการศึกษาตามอัธยาศัยอำเภอเมือง
D004,T1,2567-ศษ-329,งบจัดสรร,เงินบาท,394000
D004,T1,2567-ศษ-329,เบิกจ่าย,เงินบาท,389500
D004,T1,2567-ศษ-329,จำนวนผู้เข้าร่วม,จำนวนนับ,197
D004,T1,2567-ศษ-329,กลุ่มเป้าหมาย,รายการ,ประชาชนทั่วไป
D004,T1,2567-ศษ-329,สถานะ,ข้อความ,ดำเนินการแล้วเสร็จ
D004,T1,2567-ศษ-329,หมายเหตุ,ข้อความ,
D004,T1,2567-ศษ-201,รหัสกิจกรรม,ข้อความ,2567-ศษ-201
D004,T1,2567-ศษ-201,ชื่อกิจกรรม,ข้อความ,กิจกรรมประชาสัมพันธ์การเกษตรปลอดภัย
D004,T1,2567-ศษ-201,หน่วยงานรับผิดชอบ,ข้อความ,ศูนย์การศึกษานอกระบบและการศึกษาตามอัธยาศัยอำเภอเมือง
D004,T1,2567-ศษ-201,งบจัดสรร,เงินบาท,771000
D004,T1,2567-ศษ-201,เบิกจ่าย,เงินบาท,711500
D004,T1,2567-ศษ-201,จำนวนผู้เข้าร่วม,จำนวนนับ,113
D004,T1,2567-ศษ-201,กลุ่มเป้าหมาย,รายการ,นักท่องเที่ยว
D004,T1,2567-ศษ-201,สถานะ,ข้อความ,ดำเนินการแล้วเสร็จ
D004,T1,2567-ศษ-201,หมายเหตุ,ข้อความ,
D004,T1,2567-สธ-529,รหัสกิจกรรม,ข้อความ,2567-สธ-529
D004,T1,2567-สธ-529,ชื่อกิจกรรม,ข้อความ,กิจกรรมสำรวจข้อมูลครัวเรือนยากจนเป้าหมาย
D004,T1,2567-สธ-529,หน่วยงานรับผิดชอบ,ข้อความ,กศน.อำเภอเมือง
D004,T1,2567-สธ-529,งบจัดสรร,เงินบาท,271000
D004,T1,2567-สธ-529,เบิกจ่าย,เงินบาท,160500
D004,T1,2567-สธ-529,จำนวนผู้เข้าร่วม,จำนวนนับ,94
D004,T1,2567-สธ-529,กลุ่มเป้าหมาย,รายการ,เจ้าหน้าที่ท้องถิ่น
D004,T1,2567-สธ-529,สถานะ,ข้อความ,ดำเนินการแล้วเสร็จ
D004,T1,2567-สธ-529,หมายเหตุ,ข้อความ,
D004,T1,2567-กษ-532,รหัสกิจกรรม,ข้อความ,2567-กษ-532
D004,T1,2567-กษ-532,ชื่อกิจกรรม,ข้อความ,โครงการประชาสัมพันธ์การจัดการน้ำเสียชุมชน
D004,T1,2567-กษ-532,หน่วยงานรับผิดชอบ,ข้อความ,กศน.อำเภอเมือง
D004,T1,2567-กษ-532,งบจัดสรร,เงินบาท,532500
D004,T1,2567-กษ-532,เบิกจ่าย,เงินบาท,
D004,T1,2567-กษ-532,จำนวนผู้เข้าร่วม,จำนวนนับ,164
D004,T1,2567-กษ-532,กลุ่มเป้าหมาย,รายการ,นักเรียนและนักศึกษา
D004,T1,2567-กษ-532,สถานะ,ข้อความ,อยู่ระหว่างดำเนินการ
D004,T1,2567-กษ-532,หมายเหตุ,ข้อความ,
D004,T1,2567-สค-679,รหัสกิจกรรม,ข้อความ,2567-สค-679
D004,T1,2567-สค-679,ชื่อกิจกรรม,ข้อความ,โครงการสำรวจข้อมูลถนนสายหลักในเขตพื้นที่
D004,T1,2567-สค-679,หน่วยงานรับผิดชอบ,ข้อความ,ศูนย์การศึกษานอกระบบและการศึกษาตามอัธยาศัยอำเภอเมือง
D004,T1,2567-สค-679,งบจัดสรร,เงินบาท,103000
D004,T1,2567-สค-679,เบิกจ่าย,เงินบาท,72000
D004,T1,2567-สค-679,จำนวนผู้เข้าร่วม,จำนวนนับ,233
D004,T1,2567-สค-679,กลุ่มเป้าหมาย,รายการ,ครัวเรือนยากจน
D004,T1,2567-สค-679,สถานะ,ข้อความ,ดำเนินการแล้วเสร็จ
D004,T1,2567-สค-679,หมายเหตุ,ข้อความ,
D004,T1,2567-สค-798,รหัสกิจกรรม,ข้อความ,2567-สค-798
D004,T1,2567-สค-798,ชื่อกิจกรรม,ข้อความ,โครงการสำรวจข้อมูลศูนย์พัฒนาเด็กเล็ก
D004,T1,2567-สค-798,หน่วยงานรับผิดชอบ,ข้อความ,กศน.อำเภอเมือง
D004,T1,2567-สค-798,งบจัดสรร,เงินบาท,384000
D004,T1,2567-สค-798,เบิกจ่าย,เงินบาท,217500
D004,T1,2567-สค-798,จำนวนผู้เข้าร่วม,จำนวนนับ,41
D004,T1,2567-สค-798,กลุ่มเป้าหมาย,รายการ,ประชาชนทั่วไป
D004,T1,2567-สค-798,สถานะ,ข้อความ,ดำเนินการแล้วเสร็จ
D004,T1,2567-สค-798,หมายเหตุ,ข้อความ,
D005,T1,2567-สธ-343,รหัสกิจกรรม,ข้อความ,2567-สธ-343
D005,T1,2567-สธ-343,ชื่อกิจกรรม,ข้อความ,กิจกรรมประชาสัมพันธ์แผนพัฒนาท้องถิ่นห้าปี
D005,T1,2567-สธ-343,หน่วยงานรับผิดชอบ,ข้อความ,สำนักงานเขตบางกะปิ
D005,T1,2567-สธ-343,งบจัดสรร,เงินบาท,346500
D005,T1,2567-สธ-343,เบิกจ่าย,เงินบาท,0
D005,T1,2567-สธ-343,จำนวนผู้เข้าร่วม,จำนวนนับ,230
D005,T1,2567-สธ-343,กลุ่มเป้าหมาย,รายการ,ครัวเรือนยากจน
D005,T1,2567-สธ-343,สถานะ,ข้อความ,ยังไม่ดำเนินการ
D005,T1,2567-สธ-343,หมายเหตุ,ข้อความ,
D005,T1,2567-ศษ-619,รหัสกิจกรรม,ข้อความ,2567-ศษ-619
D005,T1,2567-ศษ-619,ชื่อกิจกรรม,ข้อความ,โครงการจัดทำแผนอาสาสมัครสาธารณสุขประจำหมู่บ้าน
D005,T1,2567-ศษ-619,หน่วยงานรับผิดชอบ,ข้อความ,สำนักงานเขตบางกะปิ
D005,T1,2567-ศษ-619,งบจัดสรร,เงินบาท,415500
D005,T1,2567-ศษ-619,เบิกจ่าย,เงินบาท,231500
D005,T1,2567-ศษ-619,จำนวนผู้เข้าร่วม,จำนวนนับ,38
D005,T1,2567-ศษ-619,กลุ่มเป้าหมาย,รายการ,แกนนำสุขภาพประจำครอบครัว
D005,T1,2567-ศษ-619,สถานะ,ข้อความ,ดำเนินการแล้วเสร็จ
D005,T1,2567-ศษ-619,หมายเหตุ,ข้อความ,
D005,T1,2567-สธ-324,รหัสกิจกรรม,ข้อความ,2567-สธ-324
D005,T1,2567-สธ-324,ชื่อกิจกรรม,ข้อความ,โครงการบำรุงรักษาการจัดการน้ำเสียชุมชน
D005,T1,2567-สธ-324,หน่วยงานรับผิดชอบ,ข้อความ,สนง.เขตบางกะปิ
D005,T1,2567-สธ-324,งบจัดสรร,เงินบาท,171000
D005,T1,2567-สธ-324,เบิกจ่าย,เงินบาท,139000
D005,T1,2567-สธ-324,จำนวนผู้เข้าร่วม,จำนวนนับ,91
D005,T1,2567-สธ-324,กลุ่มเป้าหมาย,รายการ,ผู้พิการและผู้ดูแล
D005,T1,2567-สธ-324,สถานะ,ข้อความ,ดำเนินการแล้วเสร็จ
D005,T1,2567-สธ-324,หมายเหตุ,ข้อความ,
D005,T1,2567-สธ-680,รหัสกิจกรรม,ข้อความ,2567-สธ-680
D005,T1,2567-สธ-680,ชื่อกิจกรรม,ข้อความ,กิจกรรมบำรุงรักษาระบบประปาหมู่บ้าน
D005,T1,2567-สธ-680,หน่วยงานรับผิดชอบ,ข้อความ,สนง.เขตบางกะปิ
D005,T1,2567-สธ-680,งบจัดสรร,เงินบาท,180500
D005,T1,2567-สธ-680,เบิกจ่าย,เงินบาท,161500
D005,T1,2567-สธ-680,จำนวนผู้เข้าร่วม,จำนวนนับ,168
D005,T1,2567-สธ-680,กลุ่มเป้าหมาย,รายการ,นักท่องเที่ยว
D005,T1,2567-สธ-680,สถานะ,ข้อความ,ดำเนินการแล้วเสร็จ
D005,T1,2567-สธ-680,หมายเหตุ,ข้อความ,
D005,T1,2567-พช-167,รหัสกิจกรรม,ข้อความ,2567-พช-167
D005,T1,2567-พช-167,ชื่อกิจกรรม,ข้อความ,โครงการจัดประชุมคุณภาพชีวิตผู้สูงอายุ
D005,T1,2567-พช-167,หน่วยงานรับผิดชอบ,ข้อความ,สนง.เขตบางกะปิ
D005,T1,2567-พช-167,งบจัดสรร,เงินบาท,287000
D005,T1,2567-พช-167,เบิกจ่าย,เงินบาท,
D005,T1,2567-พช-167,จำนวนผู้เข้าร่วม,จำนวนนับ,72
D005,T1,2567-พช-167,กลุ่มเป้าหมาย,รายการ,ผู้ค้าในตลาดสด
D005,T1,2567-พช-167,สถานะ,ข้อความ,อยู่ระหว่างดำเนินการ
D005,T1,2567-พช-167,หมายเหตุ,ข้อความ,
D005,T1,2567-ศษ-274,รหัสกิจกรรม,ข้อความ,2567-ศษ-274
D005,T1,2567-ศษ-274,ชื่อกิจกรรม,ข้อความ,กิจกรรมบำรุงรักษาการป้องกันโรคไข้เลือดออก
D005,T1,2567-ศษ-274,หน่วยงานรับผิดชอบ,ข้อความ,สนง.เขตบางกะปิ
D005,T1,2567-ศษ-274,งบจัดสรร,เงินบาท,690000
D005,T1,2567-ศษ-274,เบิกจ่าย,เงินบาท,428000
D005,T1,2567-ศษ-274,จำนวนผู้เข้าร่วม,จำนวนนับ,77
D005,T1,2567-ศษ-274,กลุ่มเป้าหมาย,รายการ,อาสาสมัครสาธารณสุขประจำหมู่บ้าน
D005,T1,2567-ศษ-274,สถานะ,ข้อความ,ดำเนินการแล้วเสร็จ
D005,T1,2567-ศษ-274,หมายเหตุ,ข้อความ,
D005,T1,2567-สธ-044,รหัสกิจกรรม,ข้อความ,2567-สธ-044
D005,T1,2567-สธ-044,ชื่อกิจกรรม,ข้อความ,โครงการอบรมเชิงปฏิบัติการเศรษฐกิจฐานราก
D005,T1,2567-สธ-044,หน่วยงานรับผิดชอบ,ข้อความ,สำนักงานเขตบางกะปิ
D005,T1,2567-สธ-044,งบจัดสรร,เงินบาท,228000
D005,T1,2567-สธ-044,เบิกจ่าย,เงินบาท,206000
D005,T1,2567-สธ-044,จำนวนผู้เข้าร่วม,จำนวนนับ,112
D005,T1,2567-สธ-044,กลุ่มเป้าหมาย,รายการ,สตรีและครอบครัว
D005,T1,2567-สธ-044,สถานะ,ข้อความ,ดำเนินการแล้วเสร็จ
D005,T1,2567-สธ-044,หมายเหตุ,ข้อความ,
D006,T1,2568-กษ-376,รหัสกิจกรรม,ข้อความ,2568-กษ-376
D006,T1,2568-กษ-376,ชื่อกิจกรรม,ข้อความ,โครงการประชาสัมพันธ์ถนนสายหลักในเขตพื้นที่
D006,T1,2568-กษ-376,หน่วยงานรับผิดชอบ,ข้อความ,สนง.เขตบางกะปิ
D006,T1,2568-กษ-376,งบจัดสรร,เงินบาท,209000
D006,T1,2568-กษ-376,เบิกจ่าย,เงินบาท,0
D006,T1,2568-กษ-376,จำนวนผู้เข้าร่วม,จำนวนนับ,86
D006,T1,2568-กษ-376,กลุ่มเป้าหมาย,รายการ,ผู้ว่างงาน
D006,T1,2568-กษ-376,สถานะ,ข้อความ,ยังไม่ดำเนินการ
D006,T1,2568-กษ-376,หมายเหตุ,ข้อความ,
D006,T1,2568-ศษ-780,รหัสกิจกรรม,ข้อความ,2568-ศษ-780
D006,T1,2568-ศษ-780,ชื่อกิจกรรม,ข้อความ,โครงการอบรมเชิงปฏิบัติการการจัดการน้ำเสียชุมชน
D006,T1,2568-ศษ-780,หน่วยงานรับผิดชอบ,ข้อความ,สนง.เขตบางกะปิ
D006,T1,2568-ศษ-780,งบจัดสรร,เงินบาท,180500
D006,T1,2568-ศษ-780,เบิกจ่าย,เงินบาท,163000
D006,T1,2568-ศษ-780,จำนวนผู้เข้าร่วม,จำนวนนับ,90
D006,T1,2568-ศษ-780,กลุ่มเป้าหมาย,รายการ,เด็กและเยาวชน
D006,T1,2568-ศษ-780,สถานะ,ข้อความ,ดำเนินการแล้วเสร็จ
D006,T1,2568-ศษ-780,หมายเหตุ,ข้อความ,
D006,T1,2568-ศษ-938,รหัสกิจกรรม,ข้อความ,2568-ศษ-938
D006,T1,2568-ศษ-938,ชื่อกิจกรรม,ข้อความ,กิจกรรมอบรมเชิงปฏิบัติการถนนสายหลักในเขตพื้นที่
D006,T1,2568-ศษ-938,หน่วยงานรับผิดชอบ,ข้อความ,สำนักงานเขตบางกะปิ
D006,T1,2568-ศษ-938,งบจัดสรร,เงินบาท,644500
D006,T1,2568-ศษ-938,เบิกจ่าย,เงินบาท,597500
D006,T1,2568-ศษ-938,จำนวนผู้เข้าร่วม,จำนวนนับ,72
D006,T1,2568-ศษ-938,กลุ่มเป้าหมาย,รายการ,ประชาชนทั่วไป
D006,T1,2568-ศษ-938,สถานะ,ข้อความ,ดำเนินการแล้วเสร็จ
D006,T1,2568-ศษ-938,หมายเหตุ,ข้อความ,
D006,T1,2568-กษ-282,รหัสกิจกรรม,ข้อความ,2568-กษ-282
D006,T1,2568-กษ-282,ชื่อกิจกรรม,ข้อความ,โครงการบำรุงรักษาแผนพัฒนาท้องถิ่นห้าปี
D006,T1,2568-กษ-282,หน่วยงานรับผิดชอบ,ข้อความ,สำนักงานเขตบางกะปิ
D006,T1,2568-กษ-282,งบจัดสรร,เงินบาท,709500
D006,T1,2568-กษ-282,เบิกจ่าย,เงินบาท,567500
D006,T1,2568-กษ-282,จำนวนผู้เข้าร่วม,จำนวนนับ,143
D006,T1,2568-กษ-282,กลุ่มเป้าหมาย,รายการ,ผู้นำชุมชนและปราชญ์ชาวบ้าน
D006,T1,2568-กษ-282,สถานะ,ข้อความ,ดำเนินการแล้วเสร็จ
D006,T1,2568-กษ-282,หมายเหตุ,ข้อความ,
D006,T1,2568-กษ-487,รหัสกิจกรรม,ข้อความ,2568-กษ-487
D006,T1,2568-กษ-487,ชื่อกิจกรรม,ข้อความ,กิจกรรมจัดเก็บข้อมูลเศรษฐกิจฐานราก
D006,T1,2568-กษ-487,หน่วยงานรับผิดชอบ,ข้อความ,สำนักงานเขตบางกะปิ
D006,T1,2568-กษ-487,งบจัดสรร,เงินบาท,392000
D006,T1,2568-กษ-487,เบิกจ่าย,เงินบาท,
D006,T1,2568-กษ-487,จำนวนผู้เข้าร่วม,จำนวนนับ,130
D006,T1,2568-กษ-487,กลุ่มเป้าหมาย,รายการ,ผู้ดูแลศูนย์พัฒนาเด็กเล็ก
D006,T1,2568-กษ-487,สถานะ,ข้อความ,อยู่ระหว่างดำเนินการ
D006,T1,2568-กษ-487,หมายเหตุ,ข้อความ,
D006,T1,2568-กษ-252,รหัสกิจกรรม,ข้อความ,2568-กษ-252
D006,T1,2568-กษ-252,ชื่อกิจกรรม,ข้อความ,กิจกรรมตรวจเยี่ยมการบริหารจัดการขยะมูลฝอย
D006,T1,2568-กษ-252,หน่วยงานรับผิดชอบ,ข้อความ,สำนักงานเขตบางกะปิ
D006,T1,2568-กษ-252,งบจัดสรร,เงินบาท,355500
D006,T1,2568-กษ-252,เบิกจ่าย,เงินบาท,343000
D006,T1,2568-กษ-252,จำนวนผู้เข้าร่วม,จำนวนนับ,194
D006,T1,2568-กษ-252,กลุ่มเป้าหมาย,รายการ,กลุ่มวิสาหกิจชุมชน
D006,T1,2568-กษ-252,สถานะ,ข้อความ,ดำเนินการแล้วเสร็จ
D006,T1,2568-กษ-252,หมายเหตุ,ข้อความ,
D006,T1,2568-กษ-680,รหัสกิจกรรม,ข้อความ,2568-กษ-680
D006,T1,2568-กษ-680,ชื่อกิจกรรม,ข้อความ,โครงการจัดเก็บข้อมูลเศรษฐกิจฐานราก
D006,T1,2568-กษ-680,หน่วยงานรับผิดชอบ,ข้อความ,สำนักงานเขตบางกะปิ
D006,T1,2568-กษ-680,งบจัดสรร,เงินบาท,265000
D006,T1,2568-กษ-680,เบิกจ่าย,เงินบาท,148000
D006,T1,2568-กษ-680,จำนวนผู้เข้าร่วม,จำนวนนับ,93
D006,T1,2568-กษ-680,กลุ่มเป้าหมาย,รายการ,ประชาชนทั่วไป
D006,T1,2568-กษ-680,สถานะ,ข้อความ,ดำเนินการแล้วเสร็จ
D006,T1,2568-กษ-680,หมายเหตุ,ข้อความ,
D007,T1,2568-ศษ-285,รหัสกิจกรรม,ข้อความ,2568-ศษ-285
D007,T1,2568-ศษ-285,ชื่อกิจกรรม,ข้อความ,กิจกรรมอบรมเชิงปฏิบัติการระบบประปาหมู่บ้าน
D007,T1,2568-ศษ-285,หน่วยงานรับผิดชอบ,ข้อความ,โรงพยาบาลส่งเสริมสุขภาพตำบลหนองบัว
D007,T1,2568-ศษ-285,งบจัดสรร,เงินบาท,598000
D007,T1,2568-ศษ-285,เบิกจ่าย,เงินบาท,0
D007,T1,2568-ศษ-285,จำนวนผู้เข้าร่วม,จำนวนนับ,60
D007,T1,2568-ศษ-285,กลุ่มเป้าหมาย,รายการ,นักท่องเที่ยว
D007,T1,2568-ศษ-285,สถานะ,ข้อความ,ยังไม่ดำเนินการ
D007,T1,2568-ศษ-285,หมายเหตุ,ข้อความ,
D007,T1,2568-ศษ-676,รหัสกิจกรรม,ข้อความ,2568-ศษ-676
D007,T1,2568-ศษ-676,ชื่อกิจกรรม,ข้อความ,โครงการประชาสัมพันธ์คุณภาพชีวิตผู้สูงอายุ
D007,T1,2568-ศษ-676,หน่วยงานรับผิดชอบ,ข้อความ,รพ.สต.หนองบัว
D007,T1,2568-ศษ-676,งบจัดสรร,เงินบาท,752000
D007,T1,2568-ศษ-676,เบิกจ่าย,เงินบาท,521500
D007,T1,2568-ศษ-676,จำนวนผู้เข้าร่วม,จำนวนนับ,146
D007,T1,2568-ศษ-676,กลุ่มเป้าหมาย,รายการ,ผู้ป่วยติดเตียงและผู้ดูแลที่บ้าน
D007,T1,2568-ศษ-676,สถานะ,ข้อความ,ดำเนินการแล้วเสร็จ
D007,T1,2568-ศษ-676,หมายเหตุ,ข้อความ,
D007,T1,2568-สค-204,รหัสกิจกรรม,ข้อความ,2568-สค-204
D007,T1,2568-สค-204,ชื่อกิจกรรม,ข้อความ,กิจกรรมจัดเก็บข้อมูลการบริหารจัดการขยะมูลฝอย
D007,T1,2568-สค-204,หน่วยงานรับผิดชอบ,ข้อความ,โรงพยาบาลส่งเสริมสุขภาพตำบลหนองบัว
D007,T1,2568-สค-204,งบจัดสรร,เงินบาท,49000
D007,T1,2568-สค-204,เบิกจ่าย,เงินบาท,28500
D007,T1,2568-สค-204,จำนวนผู้เข้าร่วม,จำนวนนับ,139
D007,T1,2568-สค-204,กลุ่มเป้าหมาย,รายการ,ผู้ประสบภัยพิบัติ
D007,T1,2568-สค-204,สถานะ,ข้อความ,ดำเนินการแล้วเสร็จ
D007,T1,2568-สค-204,หมายเหตุ,ข้อความ,
D007,T1,2568-ศษ-933,รหัสกิจกรรม,ข้อความ,2568-ศษ-933
D007,T1,2568-ศษ-933,ชื่อกิจกรรม,ข้อความ,โครงการบำรุงรักษาการบริหารจัดการขยะมูลฝอย
D007,T1,2568-ศษ-933,หน่วยงานรับผิดชอบ,ข้อความ,รพ.สต.หนองบัว
D007,T1,2568-ศษ-933,งบจัดสรร,เงินบาท,515000
D007,T1,2568-ศษ-933,เบิกจ่าย,เงินบาท,387500
D007,T1,2568-ศษ-933,จำนวนผู้เข้าร่วม,จำนวนนับ,36
D007,T1,2568-ศษ-933,กลุ่มเป้าหมาย,รายการ,แรงงานนอกระบบ
D007,T1,2568-ศษ-933,สถานะ,ข้อความ,ดำเนินการแล้วเสร็จ
D007,T1,2568-ศษ-933,หมายเหตุ,ข้อความ,
D007,T1,2568-พช-084,รหัสกิจกรรม,ข้อความ,2568-พช-084
D007,T1,2568-พช-084,ชื่อกิจกรรม,ข้อความ,กิจกรรมบำรุงรักษาคุณภาพชีวิตผู้สูงอายุ
D007,T1,2568-พช-084,หน่วยงานรับผิดชอบ,ข้อความ,รพ.สต.หนองบัว
D007,T1,2568-พช-084,งบจัดสรร,เงินบาท,800500
D007,T1,2568-พช-084,เบิกจ่าย,เงินบาท,
D007,T1,2568-พช-084,จำนวนผู้เข้าร่วม,จำนวนนับ,132
D007,T1,2568-พช-084,กลุ่มเป้าหมาย,รายการ,แรงงานนอกระบบ
D007,T1,2568-พช-084,สถานะ,ข้อความ,อยู่ระหว่างดำเนินการ
D007,T1,2568-พช-084,หมายเหตุ,ข้อความ,
D007,T1,2568-ศษ-524,รหัสกิจกรรม,ข้อความ,2568-ศษ-524
D007,T1,2568-ศษ-524,ชื่อกิจกรรม,ข้อความ,โครงการจัดเก็บข้อมูลการท่องเที่ยวโดยชุมชน
D007,T1,2568-ศษ-524,หน่วยงานรับผิดชอบ,ข้อความ,โรงพยาบาลส่งเสริมสุขภาพตำบลหนองบัว
D007,T1,2568-ศษ-524,งบจัดสรร,เงินบาท,169500
D007,T1,2568-ศษ-524,เบิกจ่าย,เงินบาท,159500
D007,T1,2568-ศษ-524,จำนวนผู้เข้าร่วม,จำนวนนับ,112
D007,T1,2568-ศษ-524,กลุ่มเป้าหมาย,รายการ,กลุ่มออมทรัพย์เพื่อการผลิต
D007,T1,2568-ศษ-524,สถานะ,ข้อความ,ดำเนินการแล้วเสร็จ
D007,T1,2568-ศษ-524,หมายเหตุ,ข้อความ,
D008,T1,2568-ทถ-720,รหัสกิจกรรม,ข้อความ,2568-ทถ-720
D008,T1,2568-ทถ-720,ชื่อกิจกรรม,ข้อความ,โครงการบำรุงรักษาการบริหารจัดการขยะมูลฝอย
D008,T1,2568-ทถ-720,หน่วยงานรับผิดชอบ,ข้อความ,สถจ.ชุมพร
D008,T1,2568-ทถ-720,งบจัดสรร,เงินบาท,537500
D008,T1,2568-ทถ-720,เบิกจ่าย,เงินบาท,0
D008,T1,2568-ทถ-720,จำนวนผู้เข้าร่วม,จำนวนนับ,111
D008,T1,2568-ทถ-720,กลุ่มเป้าหมาย,รายการ,ครัวเรือนยากจน
D008,T1,2568-ทถ-720,สถานะ,ข้อความ,ยังไม่ดำเนินการ
D008,T1,2568-ทถ-720,หมายเหตุ,ข้อความ,
D008,T1,2568-ศษ-447,รหัสกิจกรรม,ข้อความ,2568-ศษ-447
D008,T1,2568-ศษ-447,ชื่อกิจกรรม,ข้อความ,โครงการประชาสัมพันธ์ถนนสายหลักในเขตพื้นที่
D008,T1,2568-ศษ-447,หน่วยงานรับผิดชอบ,ข้อความ,สำนักงานส่งเสริมการปกครองท้องถิ่นจังหวัดชุมพร
D008,T1,2568-ศษ-447,งบจัดสรร,เงินบาท,658500
D008,T1,2568-ศษ-447,เบิกจ่าย,เงินบาท,392500
D008,T1,2568-ศษ-447,จำนวนผู้เข้าร่วม,จำนวนนับ,152
D008,T1,2568-ศษ-447,กลุ่มเป้าหมาย,รายการ,ผู้ประสบภัยพิบัติ
D008,T1,2568-ศษ-447,สถานะ,ข้อความ,ดำเนินการแล้วเสร็จ
D008,T1,2568-ศษ-447,หมายเหตุ,ข้อความ,
D008,T1,2568-ศษ-621,รหัสกิจกรรม,ข้อความ,2568-ศษ-621
D008,T1,2568-ศษ-621,ชื่อกิจกรรม,ข้อความ,โครงการประชาสัมพันธ์อาสาสมัครสาธารณสุขประจำหมู่บ้าน
D008,T1,2568-ศษ-621,หน่วยงานรับผิดชอบ,ข้อความ,สถจ.ชุมพร
D008,T1,2568-ศษ-621,งบจัดสรร,เงินบาท,572500
D008,T1,2568-ศษ-621,เบิกจ่าย,เงินบาท,516000
D008,T1,2568-ศษ-621,จำนวนผู้เข้าร่วม,จำนวนนับ,25
D008,T1,2568-ศษ-621,กลุ่มเป้าหมาย,รายการ,ผู้ประสบภัยพิบัติ
D008,T1,2568-ศษ-621,สถานะ,ข้อความ,ดำเนินการแล้วเสร็จ
D008,T1,2568-ศษ-621,หมายเหตุ,ข้อความ,
D008,T1,2568-พช-572,รหัสกิจกรรม,ข้อความ,2568-พช-572
D008,T1,2568-พช-572,ชื่อกิจกรรม,ข้อความ,โครงการจัดทำแผนอาสาสมัครสาธารณสุขประจำหมู่บ้าน
D008,T1,2568-พช-572,หน่วยงานรับผิดชอบ,ข้อความ,สำนักงานส่งเสริมการปกครองท้องถิ่นจังหวัดชุมพร
D008,T1,2568-พช-572,งบจัดสรร,เงินบาท,749500
D008,T1,2568-พช-572,เบิกจ่าย,เงินบาท,430000
D008,T1,2568-พช-572,จำนวนผู้เข้าร่วม,จำนวนนับ,161
D008,T1,2568-พช-572,กลุ่มเป้าหมาย,รายการ,กลุ่มออมทรัพย์เพื่อการผลิต
D008,T1,2568-พช-572,สถานะ,ข้อความ,ดำเนินการแล้วเสร็จ
D008,T1,2568-พช-572,หมายเหตุ,ข้อความ,
D008,T1,2568-ทถ-464,รหัสกิจกรรม,ข้อความ,2568-ทถ-464
D008,T1,2568-ทถ-464,ชื่อกิจกรรม,ข้อความ,โครงการจัดทำแผนการจัดการน้ำเสียชุมชน
D008,T1,2568-ทถ-464,หน่วยงานรับผิดชอบ,ข้อความ,สถจ.ชุมพร
D008,T1,2568-ทถ-464,งบจัดสรร,เงินบาท,389000
D008,T1,2568-ทถ-464,เบิกจ่าย,เงินบาท,
D008,T1,2568-ทถ-464,จำนวนผู้เข้าร่วม,จำนวนนับ,153
D008,T1,2568-ทถ-464,กลุ่มเป้าหมาย,รายการ,เกษตรกรผู้เลี้ยงโคเนื้อ
D008,T1,2568-ทถ-464,สถานะ,ข้อความ,อยู่ระหว่างดำเนินการ
D008,T1,2568-ทถ-464,หมายเหตุ,ข้อความ,
D008,T1,2568-พช-499,รหัสกิจกรรม,ข้อความ,2568-พช-499
D008,T1,2568-พช-499,ชื่อกิจกรรม,ข้อความ,โครงการจัดเก็บข้อมูลการป้องกันโรคไข้เลือดออก
D008,T1,2568-พช-499,หน่วยงานรับผิดชอบ,ข้อความ,สถจ.ชุมพร
D008,T1,2568-พช-499,งบจัดสรร,เงินบาท,654000
D008,T1,2568-พช-499,เบิกจ่าย,เงินบาท,552500
D008,T1,2568-พช-499,จำนวนผู้เข้าร่วม,จำนวนนับ,42
D008,T1,2568-พช-499,กลุ่มเป้าหมาย,รายการ,ผู้ประกันตนตามมาตรา 40
D008,T1,2568-พช-499,สถานะ,ข้อความ,ดำเนินการแล้วเสร็จ
D008,T1,2568-พช-499,หมายเหตุ,ข้อความ,
D009,T1,2567-สธ-798,รหัสกิจกรรม,ข้อความ,2567-สธ-798
D009,T1,2567-สธ-798,ชื่อกิจกรรม,ข้อความ,กิจกรรมจัดประชุมอาสาสมัครสาธารณสุขประจำหมู่บ้าน
D009,T1,2567-สธ-798,หน่วยงานรับผิดชอบ,ข้อความ,สสจ.น่าน
D009,T1,2567-สธ-798,งบจัดสรร,เงินบาท,801000
D009,T1,2567-สธ-798,เบิกจ่าย,เงินบาท,0
D009,T1,2567-สธ-798,จำนวนผู้เข้าร่วม,จำนวนนับ,234
D009,T1,2567-สธ-798,กลุ่มเป้าหมาย,รายการ,ผู้นำชุมชนและปราชญ์ชาวบ้าน
D009,T1,2567-สธ-798,สถานะ,ข้อความ,ยังไม่ดำเนินการ
D009,T1,2567-สธ-798,หมายเหตุ,ข้อความ,
D009,T1,2567-พช-901,รหัสกิจกรรม,ข้อความ,2567-พช-901
D009,T1,2567-พช-901,ชื่อกิจกรรม,ข้อความ,โครงการอบรมเชิงปฏิบัติการการจัดการน้ำเสียชุมชน
D009,T1,2567-พช-901,หน่วยงานรับผิดชอบ,ข้อความ,สสจ.น่าน
D009,T1,2567-พช-901,งบจัดสรร,เงินบาท,385500
D009,T1,2567-พช-901,เบิกจ่าย,เงินบาท,229500
D009,T1,2567-พช-901,จำนวนผู้เข้าร่วม,จำนวนนับ,31
D009,T1,2567-พช-901,กลุ่มเป้าหมาย,รายการ,กลุ่มวิสาหกิจชุมชน
D009,T1,2567-พช-901,สถานะ,ข้อความ,ดำเนินการแล้วเสร็จ
D009,T1,2567-พช-901,หมายเหตุ,ข้อความ,
D009,T1,2567-กษ-765,รหัสกิจกรรม,ข้อความ,2567-กษ-765
D009,T1,2567-กษ-765,ชื่อกิจกรรม,ข้อความ,โครงการจัดทำแผนศูนย์พัฒนาเด็กเล็ก
D009,T1,2567-กษ-765,หน่วยงานรับผิดชอบ,ข้อความ,สสจ.น่าน
D009,T1,2567-กษ-765,งบจัดสรร,เงินบาท,285500
D009,T1,2567-กษ-765,เบิกจ่าย,เงินบาท,260500
D009,T1,2567-กษ-765,จำนวนผู้เข้าร่วม,จำนวนนับ,211
D009,T1,2567-กษ-765,กลุ่มเป้าหมาย,รายการ,ผู้นำศาสนา
D009,T1,2567-กษ-765,สถานะ,ข้อความ,ดำเนินการแล้วเสร็จ
D009,T1,2567-กษ-765,หมายเหตุ,ข้อความ,
D009,T1,2567-ทถ-465,รหัสกิจกรรม,ข้อความ,2567-ทถ-465
D009,T1,2567-ทถ-465,ชื่อกิจกรรม,ข้อความ,กิจกรรมสำรวจข้อมูลการบริหารจัดการขยะมูลฝอย
D009,T1,2567-ทถ-465,หน่วยงานรับผิดชอบ,ข้อความ,สสจ.น่าน
D009,T1,2567-ทถ-465,งบจัดสรร,เงินบาท,238500
D009,T1,2567-ทถ-465,เบิกจ่าย,เงินบาท,160000
D009,T1,2567-ทถ-465,จำนวนผู้เข้าร่วม,จำนวนนับ,118
D009,T1,2567-ทถ-465,กลุ่มเป้าหมาย,รายการ,เจ้าหน้าที่ท้องถิ่น
D009,T1,2567-ทถ-465,สถานะ,ข้อความ,ดำเนินการแล้วเสร็จ
D009,T1,2567-ทถ-465,หมายเหตุ,ข้อความ,
D009,T1,2567-พช-486,รหัสกิจกรรม,ข้อความ,2567-พช-486
D009,T1,2567-พช-486,ชื่อกิจกรรม,ข้อความ,โครงการจัดประชุมกองทุนสวัสดิการชุมชน
D009,T1,2567-พช-486,หน่วยงานรับผิดชอบ,ข้อความ,สำนักงานสาธารณสุขจังหวัดน่าน
D009,T1,2567-พช-486,งบจัดสรร,เงินบาท,228500
D009,T1,2567-พช-486,เบิกจ่าย,เงินบาท,
D009,T1,2567-พช-486,จำนวนผู้เข้าร่วม,จำนวนนับ,34
D009,T1,2567-พช-486,กลุ่มเป้าหมาย,รายการ,ผู้ดูแลศูนย์พัฒนาเด็กเล็ก
D009,T1,2567-พช-486,สถานะ,ข้อความ,อยู่ระหว่างดำเนินการ
D009,T1,2567-พช-486,หมายเหตุ,ข้อความ,
D009,T1,2567-สค-284,รหัสกิจกรรม,ข้อความ,2567-สค-284
D009,T1,2567-สค-284,ชื่อกิจกรรม,ข้อความ,กิจกรรมประชาสัมพันธ์อาสาสมัครสาธารณสุขประจำหมู่บ้าน
D009,T1,2567-สค-284,หน่วยงานรับผิดชอบ,ข้อความ,สสจ.น่าน
D009,T1,2567-สค-284,งบจัดสรร,เงินบาท,358000
D009,T1,2567-สค-284,เบิกจ่าย,เงินบาท,241000
D009,T1,2567-สค-284,จำนวนผู้เข้าร่วม,จำนวนนับ,143
D009,T1,2567-สค-284,กลุ่มเป้าหมาย,รายการ,ข้าราชการและเจ้าหน้าที่ของรัฐ
D009,T1,2567-สค-284,สถานะ,ข้อความ,ดำเนินการแล้วเสร็จ
D009,T1,2567-สค-284,หมายเหตุ,ข้อความ,
D009,T1,2567-สค-538,รหัสกิจกรรม,ข้อความ,2567-สค-538
D009,T1,2567-สค-538,ชื่อกิจกรรม,ข้อความ,กิจกรรมตรวจเยี่ยมกองทุนสวัสดิการชุมชน
D009,T1,2567-สค-538,หน่วยงานรับผิดชอบ,ข้อความ,สำนักงานสาธารณสุขจังหวัดน่าน
D009,T1,2567-สค-538,งบจัดสรร,เงินบาท,835000
D009,T1,2567-สค-538,เบิกจ่าย,เงินบาท,499000
D009,T1,2567-สค-538,จำนวนผู้เข้าร่วม,จำนวนนับ,246
D009,T1,2567-สค-538,กลุ่มเป้าหมาย,รายการ,เกษตรกรและผู้ประกอบการรายย่อย
D009,T1,2567-สค-538,สถานะ,ข้อความ,ดำเนินการแล้วเสร็จ
D009,T1,2567-สค-538,หมายเหตุ,ข้อความ,
D010,T1,2568-กษ-092,รหัสกิจกรรม,ข้อความ,2568-กษ-092
D010,T1,2568-กษ-092,ชื่อกิจกรรม,ข้อความ,โครงการจัดประชุมศูนย์พัฒนาเด็กเล็ก
D010,T1,2568-กษ-092,หน่วยงานรับผิดชอบ,ข้อความ,ศูนย์การศึกษานอกระบบและการศึกษาตามอัธยาศัยอำเภอบ้านโป่ง
D010,T1,2568-กษ-092,งบจัดสรร,เงินบาท,359500
D010,T1,2568-กษ-092,เบิกจ่าย,เงินบาท,0
D010,T1,2568-กษ-092,จำนวนผู้เข้าร่วม,จำนวนนับ,113
D010,T1,2568-กษ-092,กลุ่มเป้าหมาย,รายการ,อาสาสมัครสาธารณสุขประจำหมู่บ้าน
D010,T1,2568-กษ-092,สถานะ,ข้อความ,ยังไม่ดำเนินการ
D010,T1,2568-กษ-092,หมายเหตุ,ข้อความ,
D010,T1,2568-ทถ-428,รหัสกิจกรรม,ข้อความ,2568-ทถ-428
D010,T1,2568-ทถ-428,ชื่อกิจกรรม,ข้อความ,โครงการจัดทำแผนถนนสายหลักในเขตพื้นที่
D010,T1,2568-ทถ-428,หน่วยงานรับผิดชอบ,ข้อความ,ศูนย์การศึกษานอกระบบและการศึกษาตามอัธยาศัยอำเภอบ้านโป่ง
D010,T1,2568-ทถ-428,งบจัดสรร,เงินบาท,599000
D010,T1,2568-ทถ-428,เบิกจ่าย,เงินบาท,520000
D010,T1,2568-ทถ-428,จำนวนผู้เข้าร่วม,จำนวนนับ,41
D010,T1,2568-ทถ-428,กลุ่มเป้าหมาย,รายการ,สตรีและครอบครัว
D010,T1,2568-ทถ-428,สถานะ,ข้อความ,ดำเนินการแล้วเสร็จ
D010,T1,2568-ทถ-428,หมายเหตุ,ข้อความ,
D010,T1,2568-พช-389,รหัสกิจกรรม,ข้อความ,2568-พช-389
D010,T1,2568-พช-389,ชื่อกิจกรรม,ข้อความ,โครงการสำรวจข้อมูลคุณภาพชีวิตผู้สูงอายุ
D010,T1,2568-พช-389,หน่วยงานรับผิดชอบ,ข้อความ,กศน.อำเภอบ้านโป่ง
D010,T1,2568-พช-389,งบจัดสรร,เงินบาท,470500
D010,T1,2568-พช-389,เบิกจ่าย,เงินบาท,270500
D010,T1,2568-พช-389,จำนวนผู้เข้าร่วม,จำนวนนับ,82
D010,T1,2568-พช-389,กลุ่มเป้าหมาย,รายการ,อาสาสมัครป้องกันภัยฝ่ายพลเรือน
D010,T1,2568-พช-389,สถานะ,ข้อความ,ดำเนินการแล้วเสร็จ
D010,T1,2568-พช-389,หมายเหตุ,ข้อความ,
D010,T1,2568-สธ-957,รหัสกิจกรรม,ข้อความ,2568-สธ-957
D010,T1,2568-สธ-957,ชื่อกิจกรรม,ข้อความ,กิจกรรมตรวจเยี่ยมกลุ่มวิสาหกิจชุมชน
D010,T1,2568-สธ-957,หน่วยงานรับผิดชอบ,ข้อความ,กศน.อำเภอบ้านโป่ง
D010,T1,2568-สธ-957,งบจัดสรร,เงินบาท,49500
D010,T1,2568-สธ-957,เบิกจ่าย,เงินบาท,39500
D010,T1,2568-สธ-957,จำนวนผู้เข้าร่วม,จำนวนนับ,162
D010,T1,2568-สธ-957,กลุ่มเป้าหมาย,รายการ,ผู้ดูแลศูนย์พัฒนาเด็กเล็ก
D010,T1,2568-สธ-957,สถานะ,ข้อความ,ดำเนินการแล้วเสร็จ
D010,T1,2568-สธ-957,หมายเหตุ,ข้อความ,
D010,T1,2568-สธ-653,รหัสกิจกรรม,ข้อความ,2568-สธ-653
D010,T1,2568-สธ-653,ชื่อกิจกรรม,ข้อความ,โครงการบำรุงรักษาศูนย์พัฒนาเด็กเล็ก
D010,T1,2568-สธ-653,หน่วยงานรับผิดชอบ,ข้อความ,กศน.อำเภอบ้านโป่ง
D010,T1,2568-สธ-653,งบจัดสรร,เงินบาท,446500
D010,T1,2568-สธ-653,เบิกจ่าย,เงินบาท,
D010,T1,2568-สธ-653,จำนวนผู้เข้าร่วม,จำนวนนับ,171
D010,T1,2568-สธ-653,กลุ่มเป้าหมาย,รายการ,กลุ่มเปราะบางและผู้ด้อยโอกาส
D010,T1,2568-สธ-653,สถานะ,ข้อความ,อยู่ระหว่างดำเนินการ
D010,T1,2568-สธ-653,หมายเหตุ,ข้อความ,
D010,T1,2568-กษ-362,รหัสกิจกรรม,ข้อความ,2568-กษ-362
D010,T1,2568-กษ-362,ชื่อกิจกรรม,ข้อความ,กิจกรรมสำรวจข้อมูลคุณภาพชีวิตผู้สูงอายุ
D010,T1,2568-กษ-362,หน่วยงานรับผิดชอบ,ข้อความ,ศูนย์การศึกษานอกระบบและการศึกษาตามอัธยาศัยอำเภอบ้านโป่ง
D010,T1,2568-กษ-362,งบจัดสรร,เงินบาท,783500
D010,T1,2568-กษ-362,เบิกจ่าย,เงินบาท,759000
D010,T1,2568-กษ-362,จำนวนผู้เข้าร่วม,จำนวนนับ,186
D010,T1,2568-กษ-362,กลุ่มเป้าหมาย,รายการ,ผู้นำศาสนา
D010,T1,2568-กษ-362,สถานะ,ข้อความ,ดำเนินการแล้วเสร็จ
D010,T1,2568-กษ-362,หมายเหตุ,ข้อความ,
D010,T1,2568-สค-496,รหัสกิจกรรม,ข้อความ,2568-สค-496
D010,T1,2568-สค-496,ชื่อกิจกรรม,ข้อความ,โครงการประชาสัมพันธ์กองทุนสวัสดิการชุมชน
D010,T1,2568-สค-496,หน่วยงานรับผิดชอบ,ข้อความ,กศน.อำเภอบ้านโป่ง
D010,T1,2568-สค-496,งบจัดสรร,เงินบาท,82000
D010,T1,2568-สค-496,เบิกจ่าย,เงินบาท,70500
D010,T1,2568-สค-496,จำนวนผู้เข้าร่วม,จำนวนนับ,116
D010,T1,2568-สค-496,กลุ่มเป้าหมาย,รายการ,อาสาสมัครป้องกันภัยฝ่ายพลเรือน
D010,T1,2568-สค-496,สถานะ,ข้อความ,ดำเนินการแล้วเสร็จ
D010,T1,2568-สค-496,หมายเหตุ,ข้อความ,
D011,T1,2568-ทถ-378,รหัสกิจกรรม,ข้อความ,2568-ทถ-378
D011,T1,2568-ทถ-378,ชื่อกิจกรรม,ข้อความ,โครงการจัดเก็บข้อมูลการป้องกันโรคไข้เลือดออก
D011,T1,2568-ทถ-378,หน่วยงานรับผิดชอบ,ข้อความ,สำนักงานเขตหนองแขม
D011,T1,2568-ทถ-378,งบจัดสรร,เงินบาท,699500
D011,T1,2568-ทถ-378,เบิกจ่าย,เงินบาท,0
D011,T1,2568-ทถ-378,จำนวนผู้เข้าร่วม,จำนวนนับ,230
D011,T1,2568-ทถ-378,กลุ่มเป้าหมาย,รายการ,ครัวเรือนยากจน
D011,T1,2568-ทถ-378,สถานะ,ข้อความ,ยังไม่ดำเนินการ
D011,T1,2568-ทถ-378,หมายเหตุ,ข้อความ,
D011,T1,2568-พช-766,รหัสกิจกรรม,ข้อความ,2568-พช-766
D011,T1,2568-พช-766,ชื่อกิจกรรม,ข้อความ,กิจกรรมอบรมเชิงปฏิบัติการกลุ่มวิสาหกิจชุมชน
D011,T1,2568-พช-766,หน่วยงานรับผิดชอบ,ข้อความ,สำนักงานเขตหนองแขม
D011,T1,2568-พช-766,งบจัดสรร,เงินบาท,262500
D011,T1,2568-พช-766,เบิกจ่าย,เงินบาท,201500
D011,T1,2568-พช-766,จำนวนผู้เข้าร่วม,จำนวนนับ,239
D011,T1,2568-พช-766,กลุ่มเป้าหมาย,รายการ,เกษตรกรและผู้ประกอบการรายย่อย
D011,T1,2568-พช-766,สถานะ,ข้อความ,ดำเนินการแล้วเสร็จ
D011,T1,2568-พช-766,หมายเหตุ,ข้อความ,
D011,T1,2568-พช-366,รหัสกิจกรรม,ข้อความ,2568-พช-366
D011,T1,2568-พช-366,ชื่อกิจกรรม,ข้อความ,โครงการบำรุงรักษาเศรษฐกิจฐานราก
D011,T1,2568-พช-366,หน่วยงานรับผิดชอบ,ข้อความ,สนง.เขตหนองแขม
D011,T1,2568-พช-366,งบจัดสรร,เงินบาท,134500
D011,T1,2568-พช-366,เบิกจ่าย,เงินบาท,107000
D011,T1,2568-พช-366,จำนวนผู้เข้าร่วม,จำนวนนับ,117
D011,T1,2568-พช-366,กลุ่มเป้าหมาย,รายการ,ผู้ป่วยติดเตียงและผู้ดูแลที่บ้าน
D011,T1,2568-พช-366,สถานะ,ข้อความ,ดำเนินการแล้วเสร็จ
D011,T1,2568-พช-366,หมายเหตุ,ข้อความ,
D011,T1,2568-ทถ-108,รหัสกิจกรรม,ข้อความ,2568-ทถ-108
D011,T1,2568-ทถ-108,ชื่อกิจกรรม,ข้อความ,กิจกรรมตรวจเยี่ยมครัวเรือนยากจนเป้าหมาย
D011,T1,2568-ทถ-108,หน่วยงานรับผิดชอบ,ข้อความ,สนง.เขตหนองแขม
D011,T1,2568-ทถ-108,งบจัดสรร,เงินบาท,833000
D011,T1,2568-ทถ-108,เบิกจ่าย,เงินบาท,651500
D011,T1,2568-ทถ-108,จำนวนผู้เข้าร่วม,จำนวนนับ,66
D011,T1,2568-ทถ-108,กลุ่มเป้าหมาย,รายการ,เกษตรกรและผู้ประกอบการรายย่อย
D011,T1,2568-ทถ-108,สถานะ,ข้อความ,ดำเนินการแล้วเสร็จ
D011,T1,2568-ทถ-108,หมายเหตุ,ข้อความ,
D011,T1,2568-พช-329,รหัสกิจกรรม,ข้อความ,2568-พช-329
D011,T1,2568-พช-329,ชื่อกิจกรรม,ข้อความ,โครงการสำรวจข้อมูลศูนย์พัฒนาเด็กเล็ก
D011,T1,2568-พช-329,หน่วยงานรับผิดชอบ,ข้อความ,สำนักงานเขตหนองแขม
D011,T1,2568-พช-329,งบจัดสรร,เงินบาท,384000
D011,T1,2568-พช-329,เบิกจ่าย,เงินบาท,
D011,T1,2568-พช-329,จำนวนผู้เข้าร่วม,จำนวนนับ,170
D011,T1,2568-พช-329,กลุ่มเป้าหมาย,รายการ,ผู้ค้าในตลาดสด
D011,T1,2568-พช-329,สถานะ,ข้อความ,อยู่ระหว่างดำเนินการ
D011,T1,2568-พช-329,หมายเหตุ,ข้อความ,
D011,T1,2568-ทถ-566,รหัสกิจกรรม,ข้อความ,2568-ทถ-566
D011,T1,2568-ทถ-566,ชื่อกิจกรรม,ข้อความ,โครงการจัดประชุมการท่องเที่ยวโดยชุมชน
D011,T1,2568-ทถ-566,หน่วยงานรับผิดชอบ,ข้อความ,สำนักงานเขตหนองแขม
D011,T1,2568-ทถ-566,งบจัดสรร,เงินบาท,71500
D011,T1,2568-ทถ-566,เบิกจ่าย,เงินบาท,60500
D011,T1,2568-ทถ-566,จำนวนผู้เข้าร่วม,จำนวนนับ,132
D011,T1,2568-ทถ-566,กลุ่มเป้าหมาย,รายการ,เด็กและเยาวชน
D011,T1,2568-ทถ-566,สถานะ,ข้อความ,ดำเนินการแล้วเสร็จ
D011,T1,2568-ทถ-566,หมายเหตุ,ข้อความ,
D011,T1,2568-สค-759,รหัสกิจกรรม,ข้อความ,2568-สค-759
D011,T1,2568-สค-759,ชื่อกิจกรรม,ข้อความ,โครงการจัดประชุมการท่องเที่ยวโดยชุมชน
D011,T1,2568-สค-759,หน่วยงานรับผิดชอบ,ข้อความ,สนง.เขตหนองแขม
D011,T1,2568-สค-759,งบจัดสรร,เงินบาท,430000
D011,T1,2568-สค-759,เบิกจ่าย,เงินบาท,273000
D011,T1,2568-สค-759,จำนวนผู้เข้าร่วม,จำนวนนับ,200
D011,T1,2568-สค-759,กลุ่มเป้าหมาย,รายการ,ผู้สูงอายุ
D011,T1,2568-สค-759,สถานะ,ข้อความ,ดำเนินการแล้วเสร็จ
D011,T1,2568-สค-759,หมายเหตุ,ข้อความ,
D012,T1,2568-ศษ-136,รหัสกิจกรรม,ข้อความ,2568-ศษ-136
D012,T1,2568-ศษ-136,ชื่อกิจกรรม,ข้อความ,โครงการอบรมเชิงปฏิบัติการกองทุนสวัสดิการชุมชน
D012,T1,2568-ศษ-136,หน่วยงานรับผิดชอบ,ข้อความ,สำนักงานสาธารณสุขจังหวัดตราด
D012,T1,2568-ศษ-136,งบจัดสรร,เงินบาท,38000
D012,T1,2568-ศษ-136,เบิกจ่าย,เงินบาท,0
D012,T1,2568-ศษ-136,จำนวนผู้เข้าร่วม,จำนวนนับ,111
D012,T1,2568-ศษ-136,กลุ่มเป้าหมาย,รายการ,กลุ่มวิสาหกิจชุมชน
D012,T1,2568-ศษ-136,สถานะ,ข้อความ,ยังไม่ดำเนินการ
D012,T1,2568-ศษ-136,หมายเหตุ,ข้อความ,
D012,T1,2568-พช-593,รหัสกิจกรรม,ข้อความ,2568-พช-593
D012,T1,2568-พช-593,ชื่อกิจกรรม,ข้อความ,กิจกรรมสำรวจข้อมูลถนนสายหลักในเขตพื้นที่
D012,T1,2568-พช-593,หน่วยงานรับผิดชอบ,ข้อความ,สำนักงานสาธารณสุขจังหวัดตราด
D012,T1,2568-พช-593,งบจัดสรร,เงินบาท,769500
D012,T1,2568-พช-593,เบิกจ่าย,เงินบาท,512500
D012,T1,2568-พช-593,จำนวนผู้เข้าร่วม,จำนวนนับ,215
D012,T1,2568-พช-593,กลุ่มเป้าหมาย,รายการ,ผู้ประกอบการร้านอาหาร
D012,T1,2568-พช-593,สถานะ,ข้อความ,ดำเนินการแล้วเสร็จ
D012,T1,2568-พช-593,หมายเหตุ,ข้อความ,
D012,T1,2568-พช-550,รหัสกิจกรรม,ข้อความ,2568-พช-550
D012,T1,2568-พช-550,ชื่อกิจกรรม,ข้อความ,กิจกรรมสำรวจข้อมูลอาสาสมัครสาธารณสุขประจำหมู่บ้าน
D012,T1,2568-พช-550,หน่วยงานรับผิดชอบ,ข้อความ,สสจ.ตราด
D012,T1,2568-พช-550,งบจัดสรร,เงินบาท,78500
D012,T1,2568-พช-550,เบิกจ่าย,เงินบาท,54000
D012,T1,2568-พช-550,จำนวนผู้เข้าร่วม,จำนวนนับ,98
D012,T1,2568-พช-550,กลุ่มเป้าหมาย,รายการ,เจ้าหน้าที่ท้องถิ่น
D012,T1,2568-พช-550,สถานะ,ข้อความ,ดำเนินการแล้วเสร็จ
D012,T1,2568-พช-550,หมายเหตุ,ข้อความ,
D012,T1,2568-พช-450,รหัสกิจกรรม,ข้อความ,2568-พช-450
D012,T1,2568-พช-450,ชื่อกิจกรรม,ข้อความ,โครงการประชาสัมพันธ์อาสาสมัครสาธารณสุขประจำหมู่บ้าน
D012,T1,2568-พช-450,หน่วยงานรับผิดชอบ,ข้อความ,สสจ.ตราด
D012,T1,2568-พช-450,งบจัดสรร,เงินบาท,698000
D012,T1,2568-พช-450,เบิกจ่าย,เงินบาท,620500
D012,T1,2568-พช-450,จำนวนผู้เข้าร่วม,จำนวนนับ,93
D012,T1,2568-พช-450,กลุ่มเป้าหมาย,รายการ,เด็กและเยาวชน
D012,T1,2568-พช-450,สถานะ,ข้อความ,ดำเนินการแล้วเสร็จ
D012,T1,2568-พช-450,หมายเหตุ,ข้อความ,
D012,T1,2568-ทถ-757,รหัสกิจกรรม,ข้อความ,2568-ทถ-757
D012,T1,2568-ทถ-757,ชื่อกิจกรรม,ข้อความ,กิจกรรมจัดประชุมระบบประปาหมู่บ้าน
D012,T1,2568-ทถ-757,หน่วยงานรับผิดชอบ,ข้อความ,สำนักงานสาธารณสุขจังหวัดตราด
D012,T1,2568-ทถ-757,งบจัดสรร,เงินบาท,672000
D012,T1,2568-ทถ-757,เบิกจ่าย,เงินบาท,600500
D012,T1,2568-ทถ-757,จำนวนผู้เข้าร่วม,จำนวนนับ,73
D012,T1,2568-ทถ-757,กลุ่มเป้าหมาย,รายการ,ผู้ดูแลศูนย์พัฒนาเด็กเล็ก
D012,T1,2568-ทถ-757,สถานะ,ข้อความ,ดำเนินการแล้วเสร็จ
D012,T1,2568-ทถ-757,หมายเหตุ,ข้อความ,
D012,T1,2568-พช-209,รหัสกิจกรรม,ข้อความ,2568-พช-209
D012,T1,2568-พช-209,ชื่อกิจกรรม,ข้อความ,กิจกรรมสำรวจข้อมูลอาสาสมัครสาธารณสุขประจำหมู่บ้าน
D012,T1,2568-พช-209,หน่วยงานรับผิดชอบ,ข้อความ,สำนักงานสาธารณสุขจังหวัดตราด
D012,T1,2568-พช-209,งบจัดสรร,เงินบาท,518000
D012,T1,2568-พช-209,เบิกจ่าย,เงินบาท,
D012,T1,2568-พช-209,จำนวนผู้เข้าร่วม,จำนวนนับ,211
D012,T1,2568-พช-209,กลุ่มเป้าหมาย,รายการ,ครัวเรือนยากจน
D012,T1,2568-พช-209,สถานะ,ข้อความ,อยู่ระหว่างดำเนินการ
D012,T1,2568-พช-209,หมายเหตุ,ข้อความ,
D012,T1,2568-กษ-973,รหัสกิจกรรม,ข้อความ,2568-กษ-973
D012,T1,2568-กษ-973,ชื่อกิจกรรม,ข้อความ,กิจกรรมประชาสัมพันธ์การเกษตรปลอดภัย
D012,T1,2568-กษ-973,หน่วยงานรับผิดชอบ,ข้อความ,สสจ.ตราด
D012,T1,2568-กษ-973,งบจัดสรร,เงินบาท,489500
D012,T1,2568-กษ-973,เบิกจ่าย,เงินบาท,342500
D012,T1,2568-กษ-973,จำนวนผู้เข้าร่วม,จำนวนนับ,108
D012,T1,2568-กษ-973,กลุ่มเป้าหมาย,รายการ,ผู้นำศาสนา
D012,T1,2568-กษ-973,สถานะ,ข้อความ,ดำเนินการแล้วเสร็จ
D012,T1,2568-กษ-973,หมายเหตุ,ข้อความ,
D013,T1,2567-สธ-435,รหัสกิจกรรม,ข้อความ,2567-สธ-435
D013,T1,2567-สธ-435,ชื่อกิจกรรม,ข้อความ,โครงการอบรมเชิงปฏิบัติการถนนสายหลักในเขตพื้นที่
D013,T1,2567-สธ-435,หน่วยงานรับผิดชอบ,ข้อความ,สำนักงานเขตบางกะปิ
D013,T1,2567-สธ-435,งบจัดสรร,เงินบาท,274500
D013,T1,2567-สธ-435,เบิกจ่าย,เงินบาท,0
D013,T1,2567-สธ-435,จำนวนผู้เข้าร่วม,จำนวนนับ,169
D013,T1,2567-สธ-435,กลุ่มเป้าหมาย,รายการ,นักเรียนและนักศึกษา
D013,T1,2567-สธ-435,สถานะ,ข้อความ,ยังไม่ดำเนินการ
D013,T1,2567-สธ-435,หมายเหตุ,ข้อความ,
D013,T1,2567-สค-194,รหัสกิจกรรม,ข้อความ,2567-สค-194
D013,T1,2567-สค-194,ชื่อกิจกรรม,ข้อความ,กิจกรรมบำรุงรักษาครัวเรือนยากจนเป้าหมาย
D013,T1,2567-สค-194,หน่วยงานรับผิดชอบ,ข้อความ,สนง.เขตบางกะปิ
D013,T1,2567-สค-194,งบจัดสรร,เงินบาท,71500
D013,T1,2567-สค-194,เบิกจ่าย,เงินบาท,68000
D013,T1,2567-สค-194,จำนวนผู้เข้าร่วม,จำนวนนับ,53
D013,T1,2567-สค-194,กลุ่มเป้าหมาย,รายการ,ผู้ประสบภัยพิบัติ
D013,T1,2567-สค-194,สถานะ,ข้อความ,ดำเนินการแล้วเสร็จ
D013,T1,2567-สค-194,หมายเหตุ,ข้อความ,
D013,T1,2567-กษ-159,รหัสกิจกรรม,ข้อความ,2567-กษ-159
D013,T1,2567-กษ-159,ชื่อกิจกรรม,ข้อความ,โครงการอบรมเชิงปฏิบัติการการจัดการน้ำเสียชุมชน
D013,T1,2567-กษ-159,หน่วยงานรับผิดชอบ,ข้อความ,สำนักงานเขตบางกะปิ
D013,T1,2567-กษ-159,งบจัดสรร,เงินบาท,56500
D013,T1,2567-กษ-159,เบิกจ่าย,เงินบาท,54000
D013,T1,2567-กษ-159,จำนวนผู้เข้าร่วม,จำนวนนับ,145
D013,T1,2567-กษ-159,กลุ่มเป้าหมาย,รายการ,ผู้นำชุมชนและปราชญ์ชาวบ้าน
D013,T1,2567-กษ-159,สถานะ,ข้อความ,ดำเนินการแล้วเสร็จ
D013,T1,2567-กษ-159,หมายเหตุ,ข้อความ,
D013,T1,2567-สธ-887,รหัสกิจกรรม,ข้อความ,2567-สธ-887
D013,T1,2567-สธ-887,ชื่อกิจกรรม,ข้อความ,กิจกรรมจัดประชุมระบบประปาหมู่บ้าน
D013,T1,2567-สธ-887,หน่วยงานรับผิดชอบ,ข้อความ,สำนักงานเขตบางกะปิ
D013,T1,2567-สธ-887,งบจัดสรร,เงินบาท,54500
D013,T1,2567-สธ-887,เบิกจ่าย,เงินบาท,43500
D013,T1,2567-สธ-887,จำนวนผู้เข้าร่วม,จำนวนนับ,31
D013,T1,2567-สธ-887,กลุ่มเป้าหมาย,รายการ,ผู้นำศาสนา
D013,T1,2567-สธ-887,สถานะ,ข้อความ,ดำเนินการแล้วเสร็จ
D013,T1,2567-สธ-887,หมายเหตุ,ข้อความ,
D013,T1,2567-สค-973,รหัสกิจกรรม,ข้อความ,2567-สค-973
D013,T1,2567-สค-973,ชื่อกิจกรรม,ข้อความ,กิจกรรมบำรุงรักษาการท่องเที่ยวโดยชุมชน
D013,T1,2567-สค-973,หน่วยงานรับผิดชอบ,ข้อความ,สนง.เขตบางกะปิ
D013,T1,2567-สค-973,งบจัดสรร,เงินบาท,415500
D013,T1,2567-สค-973,เบิกจ่าย,เงินบาท,
D013,T1,2567-สค-973,จำนวนผู้เข้าร่วม,จำนวนนับ,69
D013,T1,2567-สค-973,กลุ่มเป้าหมาย,รายการ,แรงงานนอกระบบ
D013,T1,2567-สค-973,สถานะ,ข้อความ,อยู่ระหว่างดำเนินการ
D013,T1,2567-สค-973,หมายเหตุ,ข้อความ,
D013,T1,2567-ทถ-924,รหัสกิจกรรม,ข้อความ,2567-ทถ-924
D013,T1,2567-ทถ-924,ชื่อกิจกรรม,ข้อความ,กิจกรรมจัดทำแผนครัวเรือนยากจนเป้าหมาย
D013,T1,2567-ทถ-924,หน่วยงานรับผิดชอบ,ข้อความ,สำนักงานเขตบางกะปิ
D013,T1,2567-ทถ-924,งบจัดสรร,เงินบาท,638500
D013,T1,2567-ทถ-924,เบิกจ่าย,เงินบาท,358500
D013,T1,2567-ทถ-924,จำนวนผู้เข้าร่วม,จำนวนนับ,61
D013,T1,2567-ทถ-924,กลุ่มเป้าหมาย,รายการ,กลุ่มเปราะบางและผู้ด้อยโอกาส
D013,T1,2567-ทถ-924,สถานะ,ข้อความ,ดำเนินการแล้วเสร็จ
D013,T1,2567-ทถ-924,หมายเหตุ,ข้อความ,
D013,T1,2567-ศษ-144,รหัสกิจกรรม,ข้อความ,2567-ศษ-144
D013,T1,2567-ศษ-144,ชื่อกิจกรรม,ข้อความ,กิจกรรมอบรมเชิงปฏิบัติการอาสาสมัครสาธารณสุขประจำหมู่บ้าน
D013,T1,2567-ศษ-144,หน่วยงานรับผิดชอบ,ข้อความ,สำนักงานเขตบางกะปิ
D013,T1,2567-ศษ-144,งบจัดสรร,เงินบาท,81500
D013,T1,2567-ศษ-144,เบิกจ่าย,เงินบาท,68500
D013,T1,2567-ศษ-144,จำนวนผู้เข้าร่วม,จำนวนนับ,148
D013,T1,2567-ศษ-144,กลุ่มเป้าหมาย,รายการ,ผู้ประกันตนตามมาตรา 40
D013,T1,2567-ศษ-144,สถานะ,ข้อความ,ดำเนินการแล้วเสร็จ
D013,T1,2567-ศษ-144,หมายเหตุ,ข้อความ,
D014,T1,2567-ศษ-966,รหัสกิจกรรม,ข้อความ,2567-ศษ-966
D014,T1,2567-ศษ-966,ชื่อกิจกรรม,ข้อความ,กิจกรรมอบรมเชิงปฏิบัติการการป้องกันโรคไข้เลือดออก
D014,T1,2567-ศษ-966,หน่วยงานรับผิดชอบ,ข้อความ,พมจ.ลำปาง
D014,T1,2567-ศษ-966,งบจัดสรร,เงินบาท,419000
D014,T1,2567-ศษ-966,เบิกจ่าย,เงินบาท,0
D014,T1,2567-ศษ-966,จำนวนผู้เข้าร่วม,จำนวนนับ,35
D014,T1,2567-ศษ-966,กลุ่มเป้าหมาย,รายการ,ผู้นำชุมชนและปราชญ์ชาวบ้าน
D014,T1,2567-ศษ-966,สถานะ,ข้อความ,ยังไม่ดำเนินการ
D014,T1,2567-ศษ-966,หมายเหตุ,ข้อความ,
D014,T1,2567-กษ-503,รหัสกิจกรรม,ข้อความ,2567-กษ-503
D014,T1,2567-กษ-503,ชื่อกิจกรรม,ข้อความ,กิจกรรมสำรวจข้อมูลการท่องเที่ยวโดยชุมชน
D014,T1,2567-กษ-503,หน่วยงานรับผิดชอบ,ข้อความ,สำนักงานพัฒนาสังคมและความมั่นคงของมนุษย์จังหวัดลำปาง
D014,T1,2567-กษ-503,งบจัดสรร,เงินบาท,464500
D014,T1,2567-กษ-503,เบิกจ่าย,เงินบาท,413500
D014,T1,2567-กษ-503,จำนวนผู้เข้าร่วม,จำนวนนับ,75
D014,T1,2567-กษ-503,กลุ่มเป้าหมาย,รายการ,ผู้ว่างงาน
D014,T1,2567-กษ-503,สถานะ,ข้อความ,ดำเนินการแล้วเสร็จ
D014,T1,2567-กษ-503,หมายเหตุ,ข้อความ,
D014,T1,2567-พช-643,รหัสกิจกรรม,ข้อความ,2567-พช-643
D014,T1,2567-พช-643,ชื่อกิจกรรม,ข้อความ,กิจกรรมจัดทำแผนครัวเรือนยากจนเป้าหมาย
D014,T1,2567-พช-643,หน่วยงานรับผิดชอบ,ข้อความ,สำนักงานพัฒนาสังคมและความมั่นคงของมนุษย์จังหวัดลำปาง
D014,T1,2567-พช-643,งบจัดสรร,เงินบาท,724500
D014,T1,2567-พช-643,เบิกจ่าย,เงินบาท,651000
D014,T1,2567-พช-643,จำนวนผู้เข้าร่วม,จำนวนนับ,187
D014,T1,2567-พช-643,กลุ่มเป้าหมาย,รายการ,เจ้าหน้าที่ท้องถิ่น
D014,T1,2567-พช-643,สถานะ,ข้อความ,ดำเนินการแล้วเสร็จ
D014,T1,2567-พช-643,หมายเหตุ,ข้อความ,
D014,T1,2567-กษ-365,รหัสกิจกรรม,ข้อความ,2567-กษ-365
D014,T1,2567-กษ-365,ชื่อกิจกรรม,ข้อความ,โครงการประชาสัมพันธ์อาสาสมัครสาธารณสุขประจำหมู่บ้าน
D014,T1,2567-กษ-365,หน่วยงานรับผิดชอบ,ข้อความ,สำนักงานพัฒนาสังคมและความมั่นคงของมนุษย์จังหวัดลำปาง
D014,T1,2567-กษ-365,งบจัดสรร,เงินบาท,320500
D014,T1,2567-กษ-365,เบิกจ่าย,เงินบาท,263000
D014,T1,2567-กษ-365,จำนวนผู้เข้าร่วม,จำนวนนับ,224
D014,T1,2567-กษ-365,กลุ่มเป้าหมาย,รายการ,ผู้พิการและผู้ดูแล
D014,T1,2567-กษ-365,สถานะ,ข้อความ,ดำเนินการแล้วเสร็จ
D014,T1,2567-กษ-365,หมายเหตุ,ข้อความ,
D014,T1,2567-กษ-457,รหัสกิจกรรม,ข้อความ,2567-กษ-457
D014,T1,2567-กษ-457,ชื่อกิจกรรม,ข้อความ,กิจกรรมจัดเก็บข้อมูลการเกษตรปลอดภัย
D014,T1,2567-กษ-457,หน่วยงานรับผิดชอบ,ข้อความ,พมจ.ลำปาง
D014,T1,2567-กษ-457,งบจัดสรร,เงินบาท,70500
D014,T1,2567-กษ-457,เบิกจ่าย,เงินบาท,58000
D014,T1,2567-กษ-457,จำนวนผู้เข้าร่วม,จำนวนนับ,244
D014,T1,2567-กษ-457,กลุ่มเป้าหมาย,รายการ,ครัวเรือนยากจน
D014,T1,2567-กษ-457,สถานะ,ข้อความ,ดำเนินการแล้วเสร็จ
D014,T1,2567-กษ-457,หมายเหตุ,ข้อความ,
D014,T1,2567-กษ-717,รหัสกิจกรรม,ข้อความ,2567-กษ-717
D014,T1,2567-กษ-717,ชื่อกิจกรรม,ข้อความ,โครงการประชาสัมพันธ์กองทุนสวัสดิการชุมชน
D014,T1,2567-กษ-717,หน่วยงานรับผิดชอบ,ข้อความ,พมจ.ลำปาง
D014,T1,2567-กษ-717,งบจัดสรร,เงินบาท,97000
D014,T1,2567-กษ-717,เบิกจ่าย,เงินบาท,
D014,T1,2567-กษ-717,จำนวนผู้เข้าร่วม,จำนวนนับ,38
D014,T1,2567-กษ-717,กลุ่มเป้าหมาย,รายการ,ผู้ดูแลศูนย์พัฒนาเด็กเล็ก
D014,T1,2567-กษ-717,สถานะ,ข้อความ,อยู่ระหว่างดำเนินการ
D014,T1,2567-กษ-717,หมายเหตุ,ข้อความ,
D014,T1,2567-กษ-254,รหัสกิจกรรม,ข้อความ,2567-กษ-254
D014,T1,2567-กษ-254,ชื่อกิจกรรม,ข้อความ,โครงการจัดทำแผนศูนย์พัฒนาเด็กเล็ก
D014,T1,2567-กษ-254,หน่วยงานรับผิดชอบ,ข้อความ,พมจ.ลำปาง
D014,T1,2567-กษ-254,งบจัดสรร,เงินบาท,422000
D014,T1,2567-กษ-254,เบิกจ่าย,เงินบาท,249500
D014,T1,2567-กษ-254,จำนวนผู้เข้าร่วม,จำนวนนับ,50
D014,T1,2567-กษ-254,กลุ่มเป้าหมาย,รายการ,ประชาชนทั่วไป
D014,T1,2567-กษ-254,สถานะ,ข้อความ,ดำเนินการแล้วเสร็จ
D014,T1,2567-กษ-254,หมายเหตุ,ข้อความ,
D015,T1,2568-พช-590,รหัสกิจกรรม,ข้อความ,2568-พช-590
D015,T1,2568-พช-590,ชื่อกิจกรรม,ข้อความ,กิจกรรมสำรวจข้อมูลการจัดการน้ำเสียชุมชน
D015,T1,2568-พช-590,หน่วยงานรับผิดชอบ,ข้อความ,พช.อ.เมือง
D015,T1,2568-พช-590,งบจัดสรร,เงินบาท,29500
D015,T1,2568-พช-590,เบิกจ่าย,เงินบาท,0
D015,T1,2568-พช-590,จำนวนผู้เข้าร่วม,จำนวนนับ,169
D015,T1,2568-พช-590,กลุ่มเป้าหมาย,รายการ,กลุ่มวิสาหกิจชุมชน
D015,T1,2568-พช-590,สถานะ,ข้อความ,ยังไม่ดำเนินการ
D015,T1,2568-พช-590,หมายเหตุ,ข้อความ,
D015,T1,2568-พช-635,รหัสกิจกรรม,ข้อความ,2568-พช-635
D015,T1,2568-พช-635,ชื่อกิจกรรม,ข้อความ,โครงการบำรุงรักษาครัวเรือนยากจนเป้าหมาย
D015,T1,2568-พช-635,หน่วยงานรับผิดชอบ,ข้อความ,สำนักงานพัฒนาชุมชนอำเภอเมือง
D015,T1,2568-พช-635,งบจัดสรร,เงินบาท,465000
D015,T1,2568-พช-635,เบิกจ่าย,เงินบาท,438500
D015,T1,2568-พช-635,จำนวนผู้เข้าร่วม,จำนวนนับ,114
D015,T1,2568-พช-635,กลุ่มเป้าหมาย,รายการ,เกษตรกรและผู้ประกอบการรายย่อย
D015,T1,2568-พช-635,สถานะ,ข้อความ,ดำเนินการแล้วเสร็จ
D015,T1,2568-พช-635,หมายเหตุ,ข้อความ,
D015,T1,2568-กษ-659,รหัสกิจกรรม,ข้อความ,2568-กษ-659
D015,T1,2568-กษ-659,ชื่อกิจกรรม,ข้อความ,กิจกรรมจัดประชุมการเกษตรปลอดภัย
D015,T1,2568-กษ-659,หน่วยงานรับผิดชอบ,ข้อความ,พช.อ.เมือง
D015,T1,2568-กษ-659,งบจัดสรร,เงินบาท,243500
D015,T1,2568-กษ-659,เบิกจ่าย,เงินบาท,169000
D015,T1,2568-กษ-659,จำนวนผู้เข้าร่วม,จำนวนนับ,205
D015,T1,2568-กษ-659,กลุ่มเป้าหมาย,รายการ,เกษตรกรและผู้ประกอบการรายย่อย
D015,T1,2568-กษ-659,สถานะ,ข้อความ,ดำเนินการแล้วเสร็จ
D015,T1,2568-กษ-659,หมายเหตุ,ข้อความ,
D015,T1,2568-กษ-124,รหัสกิจกรรม,ข้อความ,2568-กษ-124
D015,T1,2568-กษ-124,ชื่อกิจกรรม,ข้อความ,กิจกรรมจัดประชุมการเกษตรปลอดภัย
D015,T1,2568-กษ-124,หน่วยงานรับผิดชอบ,ข้อความ,สำนักงานพัฒนาชุมชนอำเภอเมือง
D015,T1,2568-กษ-124,งบจัดสรร,เงินบาท,204500
D015,T1,2568-กษ-124,เบิกจ่าย,เงินบาท,129000
D015,T1,2568-กษ-124,จำนวนผู้เข้าร่วม,จำนวนนับ,206
D015,T1,2568-กษ-124,กลุ่มเป้าหมาย,รายการ,เกษตรกรและผู้ประกอบการรายย่อย
D015,T1,2568-กษ-124,สถานะ,ข้อความ,ดำเนินการแล้วเสร็จ
D015,T1,2568-กษ-124,หมายเหตุ,ข้อความ,
D015,T1,2568-ศษ-836,รหัสกิจกรรม,ข้อความ,2568-ศษ-836
D015,T1,2568-ศษ-836,ชื่อกิจกรรม,ข้อความ,กิจกรรมตรวจเยี่ยมกองทุนสวัสดิการชุมชน
D015,T1,2568-ศษ-836,หน่วยงานรับผิดชอบ,ข้อความ,พช.อ.เมือง
D015,T1,2568-ศษ-836,งบจัดสรร,เงินบาท,506000
D015,T1,2568-ศษ-836,เบิกจ่าย,เงินบาท,
D015,T1,2568-ศษ-836,จำนวนผู้เข้าร่วม,จำนวนนับ,46
D015,T1,2568-ศษ-836,กลุ่มเป้าหมาย,รายการ,ข้าราชการและเจ้าหน้าที่ของรัฐ
D015,T1,2568-ศษ-836,สถานะ,ข้อความ,อยู่ระหว่างดำเนินการ
D015,T1,2568-ศษ-836,หมายเหตุ,ข้อความ,
D015,T1,2568-ศษ-887,รหัสกิจกรรม,ข้อความ,2568-ศษ-887
D015,T1,2568-ศษ-887,ชื่อกิจกรรม,ข้อความ,โครงการตรวจเยี่ยมแผนพัฒนาท้องถิ่นห้าปี
D015,T1,2568-ศษ-887,หน่วยงานรับผิดชอบ,ข้อความ,พช.อ.เมือง
D015,T1,2568-ศษ-887,งบจัดสรร,เงินบาท,35500
D015,T1,2568-ศษ-887,เบิกจ่าย,เงินบาท,30500
D015,T1,2568-ศษ-887,จำนวนผู้เข้าร่วม,จำนวนนับ,87
D015,T1,2568-ศษ-887,กลุ่มเป้าหมาย,รายการ,ผู้ประกอบการร้านอาหาร
D015,T1,2568-ศษ-887,สถานะ,ข้อความ,ดำเนินการแล้วเสร็จ
D015,T1,2568-ศษ-887,หมายเหตุ,ข้อความ,
D016,T1,2568-สค-270,รหัสกิจกรรม,ข้อความ,2568-สค-270
D016,T1,2568-สค-270,ชื่อกิจกรรม,ข้อความ,โครงการจัดเก็บข้อมูลศูนย์พัฒนาเด็กเล็ก
D016,T1,2568-สค-270,หน่วยงานรับผิดชอบ,ข้อความ,พช.อ.ปากช่อง
D016,T1,2568-สค-270,งบจัดสรร,เงินบาท,745000
D016,T1,2568-สค-270,เบิกจ่าย,เงินบาท,474000
D016,T1,2568-สค-270,จำนวนผู้เข้าร่วม,จำนวนนับ,99
D016,T1,2568-สค-270,กลุ่มเป้าหมาย,รายการ,แรงงานนอกระบบ
D016,T1,2568-สค-270,สถานะ,ข้อความ,ดำเนินการแล้วเสร็จ
D016,T1,2568-สค-270,หมายเหตุ,ข้อความ,
D016,T1,2568-พช-373,รหัสกิจกรรม,ข้อความ,2568-พช-373
D016,T1,2568-พช-373,ชื่อกิจกรรม,ข้อความ,กิจกรรมประชาสัมพันธ์อาสาสมัครสาธารณสุขประจำหมู่บ้าน
D016,T1,2568-พช-373,หน่วยงานรับผิดชอบ,ข้อความ,สำนักงานพัฒนาชุมชนอำเภอปากช่อง
D016,T1,2568-พช-373,งบจัดสรร,เงินบาท,582500
D016,T1,2568-พช-373,เบิกจ่าย,เงินบาท,352500
D016,T1,2568-พช-373,จำนวนผู้เข้าร่วม,จำนวนนับ,53
D016,T1,2568-พช-373,กลุ่มเป้าหมาย,รายการ,ผู้พิการและผู้ดูแล
D016,T1,2568-พช-373,สถานะ,ข้อความ,ดำเนินการแล้วเสร็จ
D016,T1,2568-พช-373,หมายเหตุ,ข้อความ,
D016,T1,2568-สธ-644,รหัสกิจกรรม,ข้อความ,2568-สธ-644
D016,T1,2568-สธ-644,ชื่อกิจกรรม,ข้อความ,กิจกรรมจัดประชุมคุณภาพชีวิตผู้สูงอายุ
D016,T1,2568-สธ-644,หน่วยงานรับผิดชอบ,ข้อความ,พช.อ.ปากช่อง
D016,T1,2568-สธ-644,งบจัดสรร,เงินบาท,157000
D016,T1,2568-สธ-644,เบิกจ่าย,เงินบาท,96000
D016,T1,2568-สธ-644,จำนวนผู้เข้าร่วม,จำนวนนับ,
D016,T1,2568-สธ-644,กลุ่มเป้าหมาย,รายการ,ผู้ประกันตนตามมาตรา 40
D016,T1,2568-สธ-644,สถานะ,ข้อความ,ดำเนินการแล้วเสร็จ
D016,T1,2568-สธ-644,หมายเหตุ,ข้อความ,
D016,T1,2568-พช-169,รหัสกิจกรรม,ข้อความ,2568-พช-169
D016,T1,2568-พช-169,ชื่อกิจกรรม,ข้อความ,โครงการอบรมเชิงปฏิบัติการอาสาสมัครสาธารณสุขประจำหมู่บ้าน
D016,T1,2568-พช-169,หน่วยงานรับผิดชอบ,ข้อความ,พช.อ.ปากช่อง
D016,T1,2568-พช-169,งบจัดสรร,เงินบาท,742500
D016,T1,2568-พช-169,เบิกจ่าย,เงินบาท,432500
D016,T1,2568-พช-169,จำนวนผู้เข้าร่วม,จำนวนนับ,
D016,T1,2568-พช-169,กลุ่มเป้าหมาย,รายการ,สตรีและครอบครัว
D016,T1,2568-พช-169,สถานะ,ข้อความ,ดำเนินการแล้วเสร็จ
D016,T1,2568-พช-169,หมายเหตุ,ข้อความ,
D016,T1,2568-สธ-851,รหัสกิจกรรม,ข้อความ,2568-สธ-851
D016,T1,2568-สธ-851,ชื่อกิจกรรม,ข้อความ,โครงการจัดทำแผนครัวเรือนยากจนเป้าหมาย
D016,T1,2568-สธ-851,หน่วยงานรับผิดชอบ,ข้อความ,สำนักงานพัฒนาชุมชนอำเภอปากช่อง
D016,T1,2568-สธ-851,งบจัดสรร,เงินบาท,214500
D016,T1,2568-สธ-851,เบิกจ่าย,เงินบาท,118500
D016,T1,2568-สธ-851,จำนวนผู้เข้าร่วม,จำนวนนับ,209
D016,T1,2568-สธ-851,กลุ่มเป้าหมาย,รายการ,ผู้ดูแลศูนย์พัฒนาเด็กเล็ก
D016,T1,2568-สธ-851,สถานะ,ข้อความ,ดำเนินการแล้วเสร็จ
D016,T1,2568-สธ-851,หมายเหตุ,ข้อความ,
D016,T1,2568-สธ-792,รหัสกิจกรรม,ข้อความ,2568-สธ-792
D016,T1,2568-สธ-792,ชื่อกิจกรรม,ข้อความ,กิจกรรมจัดประชุมอาสาสมัครสาธารณสุขประจำหมู่บ้าน
D016,T1,2568-สธ-792,หน่วยงานรับผิดชอบ,ข้อความ,สำนักงานพัฒนาชุมชนอำเภอปากช่อง
D016,T1,2568-สธ-792,งบจัดสรร,เงินบาท,588000
D016,T1,2568-สธ-792,เบิกจ่าย,เงินบาท,433000
D016,T1,2568-สธ-792,จำนวนผู้เข้าร่วม,จำนวนนับ,
D016,T1,2568-สธ-792,กลุ่มเป้าหมาย,รายการ,เกษตรกรผู้เลี้ยงโคเนื้อ
D016,T1,2568-สธ-792,สถานะ,ข้อความ,ดำเนินการแล้วเสร็จ
D016,T1,2568-สธ-792,หมายเหตุ,ข้อความ,
D016,T1,2568-ทถ-421,รหัสกิจกรรม,ข้อความ,2568-ทถ-421
D016,T1,2568-ทถ-421,ชื่อกิจกรรม,ข้อความ,โครงการสำรวจข้อมูลการจัดการน้ำเสียชุมชน
D016,T1,2568-ทถ-421,หน่วยงานรับผิดชอบ,ข้อความ,พช.อ.ปากช่อง
D016,T1,2568-ทถ-421,งบจัดสรร,เงินบาท,768500
D016,T1,2568-ทถ-421,เบิกจ่าย,เงินบาท,440500
D016,T1,2568-ทถ-421,จำนวนผู้เข้าร่วม,จำนวนนับ,
D016,T1,2568-ทถ-421,กลุ่มเป้าหมาย,รายการ,อาสาสมัครป้องกันภัยฝ่ายพลเรือน
D016,T1,2568-ทถ-421,สถานะ,ข้อความ,ดำเนินการแล้วเสร็จ
D016,T1,2568-ทถ-421,หมายเหตุ,ข้อความ,
D017,T1,2567-กษ-822,รหัสกิจกรรม,ข้อความ,2567-กษ-822
D017,T1,2567-กษ-822,ชื่อกิจกรรม,ข้อความ,โครงการจัดทำแผนระบบประปาหมู่บ้าน
D017,T1,2567-กษ-822,หน่วยงานรับผิดชอบ,ข้อความ,สำนักงานประมงจังหวัดระนอง
D017,T1,2567-กษ-822,งบจัดสรร,เงินบาท,353000
D017,T1,2567-กษ-822,เบิกจ่าย,เงินบาท,284500
D017,T1,2567-กษ-822,จำนวนผู้เข้าร่วม,จำนวนนับ,99
D017,T1,2567-กษ-822,กลุ่มเป้าหมาย,รายการ,แรงงานนอกระบบ
D017,T1,2567-กษ-822,สถานะ,ข้อความ,ดำเนินการแล้วเสร็จ
D017,T1,2567-กษ-822,หมายเหตุ,ข้อความ,
D017,T1,2567-สธ-598,รหัสกิจกรรม,ข้อความ,2567-สธ-598
D017,T1,2567-สธ-598,ชื่อกิจกรรม,ข้อความ,โครงการสำรวจข้อมูลถนนสายหลักในเขตพื้นที่
D017,T1,2567-สธ-598,หน่วยงานรับผิดชอบ,ข้อความ,สนง.ประมงจังหวัดระนอง
D017,T1,2567-สธ-598,งบจัดสรร,เงินบาท,335500
D017,T1,2567-สธ-598,เบิกจ่าย,เงินบาท,251500
D017,T1,2567-สธ-598,จำนวนผู้เข้าร่วม,จำนวนนับ,
D017,T1,2567-สธ-598,กลุ่มเป้าหมาย,รายการ,ประชาชนทั่วไป
D017,T1,2567-สธ-598,สถานะ,ข้อความ,ดำเนินการแล้วเสร็จ
D017,T1,2567-สธ-598,หมายเหตุ,ข้อความ,
D017,T1,2567-สค-840,รหัสกิจกรรม,ข้อความ,2567-สค-840
D017,T1,2567-สค-840,ชื่อกิจกรรม,ข้อความ,โครงการตรวจเยี่ยมระบบประปาหมู่บ้าน
D017,T1,2567-สค-840,หน่วยงานรับผิดชอบ,ข้อความ,สำนักงานประมงจังหวัดระนอง
D017,T1,2567-สค-840,งบจัดสรร,เงินบาท,551000
D017,T1,2567-สค-840,เบิกจ่าย,เงินบาท,475500
D017,T1,2567-สค-840,จำนวนผู้เข้าร่วม,จำนวนนับ,
D017,T1,2567-สค-840,กลุ่มเป้าหมาย,รายการ,กลุ่มออมทรัพย์เพื่อการผลิต
D017,T1,2567-สค-840,สถานะ,ข้อความ,ดำเนินการแล้วเสร็จ
D017,T1,2567-สค-840,หมายเหตุ,ข้อความ,
D017,T1,2567-กษ-231,รหัสกิจกรรม,ข้อความ,2567-กษ-231
D017,T1,2567-กษ-231,ชื่อกิจกรรม,ข้อความ,โครงการอบรมเชิงปฏิบัติการถนนสายหลักในเขตพื้นที่
D017,T1,2567-กษ-231,หน่วยงานรับผิดชอบ,ข้อความ,สำนักงานประมงจังหวัดระนอง
D017,T1,2567-กษ-231,งบจัดสรร,เงินบาท,284000
D017,T1,2567-กษ-231,เบิกจ่าย,เงินบาท,186000
D017,T1,2567-กษ-231,จำนวนผู้เข้าร่วม,จำนวนนับ,
D017,T1,2567-กษ-231,กลุ่มเป้าหมาย,รายการ,ผู้ประกอบการร้านอาหาร
D017,T1,2567-กษ-231,สถานะ,ข้อความ,ดำเนินการแล้วเสร็จ
D017,T1,2567-กษ-231,หมายเหตุ,ข้อความ,
D017,T1,2567-ทถ-752,รหัสกิจกรรม,ข้อความ,2567-ทถ-752
D017,T1,2567-ทถ-752,ชื่อกิจกรรม,ข้อความ,กิจกรรมจัดทำแผนระบบประปาหมู่บ้าน
D017,T1,2567-ทถ-752,หน่วยงานรับผิดชอบ,ข้อความ,สนง.ประมงจังหวัดระนอง
D017,T1,2567-ทถ-752,งบจัดสรร,เงินบาท,24500
D017,T1,2567-ทถ-752,เบิกจ่าย,เงินบาท,15000
D017,T1,2567-ทถ-752,จำนวนผู้เข้าร่วม,จำนวนนับ,
D017,T1,2567-ทถ-752,กลุ่มเป้าหมาย,รายการ,เด็กและเยาวชน
D017,T1,2567-ทถ-752,สถานะ,ข้อความ,ดำเนินการแล้วเสร็จ
D017,T1,2567-ทถ-752,หมายเหตุ,ข้อความ,
D017,T1,2567-กษ-531,รหัสกิจกรรม,ข้อความ,2567-กษ-531
D017,T1,2567-กษ-531,ชื่อกิจกรรม,ข้อความ,โครงการจัดทำแผนระบบประปาหมู่บ้าน
D017,T1,2567-กษ-531,หน่วยงานรับผิดชอบ,ข้อความ,สนง.ประมงจังหวัดระนอง
D017,T1,2567-กษ-531,งบจัดสรร,เงินบาท,709000
D017,T1,2567-กษ-531,เบิกจ่าย,เงินบาท,640500
D017,T1,2567-กษ-531,จำนวนผู้เข้าร่วม,จำนวนนับ,94
D017,T1,2567-กษ-531,กลุ่มเป้าหมาย,รายการ,นักเรียนและนักศึกษา
D017,T1,2567-กษ-531,สถานะ,ข้อความ,ดำเนินการแล้วเสร็จ
D017,T1,2567-กษ-531,หมายเหตุ,ข้อความ,
D018,T1,2567-กษ-272,รหัสกิจกรรม,ข้อความ,2567-กษ-272
D018,T1,2567-กษ-272,ชื่อกิจกรรม,ข้อความ,โครงการจัดประชุมการท่องเที่ยวโดยชุมชน
D018,T1,2567-กษ-272,หน่วยงานรับผิดชอบ,ข้อความ,สนง.เขตบางกะปิ
D018,T1,2567-กษ-272,งบจัดสรร,เงินบาท,772500
D018,T1,2567-กษ-272,เบิกจ่าย,เงินบาท,718000
D018,T1,2567-กษ-272,จำนวนผู้เข้าร่วม,จำนวนนับ,99
D018,T1,2567-กษ-272,กลุ่มเป้าหมาย,รายการ,ผู้ว่างงาน
D018,T1,2567-กษ-272,สถานะ,ข้อความ,ดำเนินการแล้วเสร็จ
D018,T1,2567-กษ-272,หมายเหตุ,ข้อความ,
D018,T1,2567-สค-291,รหัสกิจกรรม,ข้อความ,2567-สค-291
D018,T1,2567-สค-291,ชื่อกิจกรรม,ข้อความ,โครงการสำรวจข้อมูลการเกษตรปลอดภัย
D018,T1,2567-สค-291,หน่วยงานรับผิดชอบ,ข้อความ,สนง.เขตบางกะปิ
D018,T1,2567-สค-291,งบจัดสรร,เงินบาท,140000
D018,T1,2567-สค-291,เบิกจ่าย,เงินบาท,121000
D018,T1,2567-สค-291,จำนวนผู้เข้าร่วม,จำนวนนับ,209
D018,T1,2567-สค-291,กลุ่มเป้าหมาย,รายการ,ผู้ประสบภัยพิบัติ
D018,T1,2567-สค-291,สถานะ,ข้อความ,ดำเนินการแล้วเสร็จ
D018,T1,2567-สค-291,หมายเหตุ,ข้อความ,
D018,T1,2567-ทถ-572,รหัสกิจกรรม,ข้อความ,2567-ทถ-572
D018,T1,2567-ทถ-572,ชื่อกิจกรรม,ข้อความ,โครงการจัดเก็บข้อมูลครัวเรือนยากจนเป้าหมาย
D018,T1,2567-ทถ-572,หน่วยงานรับผิดชอบ,ข้อความ,สำนักงานเขตบางกะปิ
D018,T1,2567-ทถ-572,งบจัดสรร,เงินบาท,799000
D018,T1,2567-ทถ-572,เบิกจ่าย,เงินบาท,763000
D018,T1,2567-ทถ-572,จำนวนผู้เข้าร่วม,จำนวนนับ,
D018,T1,2567-ทถ-572,กลุ่มเป้าหมาย,รายการ,ผู้นำชุมชนและปราชญ์ชาวบ้าน
D018,T1,2567-ทถ-572,สถานะ,ข้อความ,ดำเนินการแล้วเสร็จ
D018,T1,2567-ทถ-572,หมายเหตุ,ข้อความ,
D018,T1,2567-ศษ-874,รหัสกิจกรรม,ข้อความ,2567-ศษ-874
D018,T1,2567-ศษ-874,ชื่อกิจกรรม,ข้อความ,โครงการจัดทำแผนการป้องกันโรคไข้เลือดออก
D018,T1,2567-ศษ-874,หน่วยงานรับผิดชอบ,ข้อความ,สำนักงานเขตบางกะปิ
D018,T1,2567-ศษ-874,งบจัดสรร,เงินบาท,638000
D018,T1,2567-ศษ-874,เบิกจ่าย,เงินบาท,408000
D018,T1,2567-ศษ-874,จำนวนผู้เข้าร่วม,จำนวนนับ,53
D018,T1,2567-ศษ-874,กลุ่มเป้าหมาย,รายการ,ข้าราชการและเจ้าหน้าที่ของรัฐ
D018,T1,2567-ศษ-874,สถานะ,ข้อความ,ดำเนินการแล้วเสร็จ
D018,T1,2567-ศษ-874,หมายเหตุ,ข้อความ,
D018,T1,2567-สธ-371,รหัสกิจกรรม,ข้อความ,2567-สธ-371
D018,T1,2567-สธ-371,ชื่อกิจกรรม,ข้อความ,โครงการสำรวจข้อมูลการป้องกันโรคไข้เลือดออก
D018,T1,2567-สธ-371,หน่วยงานรับผิดชอบ,ข้อความ,สนง.เขตบางกะปิ
D018,T1,2567-สธ-371,งบจัดสรร,เงินบาท,406500
D018,T1,2567-สธ-371,เบิกจ่าย,เงินบาท,268000
D018,T1,2567-สธ-371,จำนวนผู้เข้าร่วม,จำนวนนับ,
D018,T1,2567-สธ-371,กลุ่มเป้าหมาย,รายการ,ผู้ดูแลศูนย์พัฒนาเด็กเล็ก
D018,T1,2567-สธ-371,สถานะ,ข้อความ,ดำเนินการแล้วเสร็จ
D018,T1,2567-สธ-371,หมายเหตุ,ข้อความ,
D018,T1,2567-กษ-458,รหัสกิจกรรม,ข้อความ,2567-กษ-458
D018,T1,2567-กษ-458,ชื่อกิจกรรม,ข้อความ,กิจกรรมสำรวจข้อมูลการเกษตรปลอดภัย
D018,T1,2567-กษ-458,หน่วยงานรับผิดชอบ,ข้อความ,สำนักงานเขตบางกะปิ
D018,T1,2567-กษ-458,งบจัดสรร,เงินบาท,497500
D018,T1,2567-กษ-458,เบิกจ่าย,เงินบาท,340000
D018,T1,2567-กษ-458,จำนวนผู้เข้าร่วม,จำนวนนับ,82
D018,T1,2567-กษ-458,กลุ่มเป้าหมาย,รายการ,กลุ่มออมทรัพย์เพื่อการผลิต
D018,T1,2567-กษ-458,สถานะ,ข้อความ,ดำเนินการแล้วเสร็จ
D018,T1,2567-กษ-458,หมายเหตุ,ข้อความ,
D018,T1,2567-สธ-095,รหัสกิจกรรม,ข้อความ,2567-สธ-095
D018,T1,2567-สธ-095,ชื่อกิจกรรม,ข้อความ,โครงการสำรวจข้อมูลครัวเรือนยากจนเป้าหมาย
D018,T1,2567-สธ-095,หน่วยงานรับผิดชอบ,ข้อความ,สนง.เขตบางกะปิ
D018,T1,2567-สธ-095,งบจัดสรร,เงินบาท,200000
D018,T1,2567-สธ-095,เบิกจ่าย,เงินบาท,143500
D018,T1,2567-สธ-095,จำนวนผู้เข้าร่วม,จำนวนนับ,
D018,T1,2567-สธ-095,กลุ่มเป้าหมาย,รายการ,ผู้ว่างงาน
D018,T1,2567-สธ-095,สถานะ,ข้อความ,ดำเนินการแล้วเสร็จ
D018,T1,2567-สธ-095,หมายเหตุ,ข้อความ,
D019,T1,2567-สธ-407,รหัสกิจกรรม,ข้อความ,2567-สธ-407
D019,T1,2567-สธ-407,ชื่อกิจกรรม,ข้อความ,กิจกรรมสำรวจข้อมูลครัวเรือนยากจนเป้าหมาย
D019,T1,2567-สธ-407,หน่วยงานรับผิดชอบ,ข้อความ,องค์การบริหารส่วนตำบลบ้านแหลม
D019,T1,2567-สธ-407,งบจัดสรร,เงินบาท,296500
D019,T1,2567-สธ-407,เบิกจ่าย,เงินบาท,268000
D019,T1,2567-สธ-407,จำนวนผู้เข้าร่วม,จำนวนนับ,
D019,T1,2567-สธ-407,กลุ่มเป้าหมาย,รายการ,เจ้าหน้าที่ท้องถิ่น
D019,T1,2567-สธ-407,สถานะ,ข้อความ,ดำเนินการแล้วเสร็จ
D019,T1,2567-สธ-407,หมายเหตุ,ข้อความ,
D019,T1,2567-ทถ-882,รหัสกิจกรรม,ข้อความ,2567-ทถ-882
D019,T1,2567-ทถ-882,ชื่อกิจกรรม,ข้อความ,โครงการตรวจเยี่ยมกลุ่มวิสาหกิจชุมชน
D019,T1,2567-ทถ-882,หน่วยงานรับผิดชอบ,ข้อความ,อบต.บ้านแหลม
D019,T1,2567-ทถ-882,งบจัดสรร,เงินบาท,756000
D019,T1,2567-ทถ-882,เบิกจ่าย,เงินบาท,533000
D019,T1,2567-ทถ-882,จำนวนผู้เข้าร่วม,จำนวนนับ,99
D019,T1,2567-ทถ-882,กลุ่มเป้าหมาย,รายการ,เด็กและเยาวชน
D019,T1,2567-ทถ-882,สถานะ,ข้อความ,ดำเนินการแล้วเสร็จ
D019,T1,2567-ทถ-882,หมายเหตุ,ข้อความ,
D019,T1,2567-พช-659,รหัสกิจกรรม,ข้อความ,2567-พช-659
D019,T1,2567-พช-659,ชื่อกิจกรรม,ข้อความ,โครงการบำรุงรักษาการท่องเที่ยวโดยชุมชน
D019,T1,2567-พช-659,หน่วยงานรับผิดชอบ,ข้อความ,องค์การบริหารส่วนตำบลบ้านแหลม
D019,T1,2567-พช-659,งบจัดสรร,เงินบาท,109000
D019,T1,2567-พช-659,เบิกจ่าย,เงินบาท,64000
D019,T1,2567-พช-659,จำนวนผู้เข้าร่วม,จำนวนนับ,
D019,T1,2567-พช-659,กลุ่มเป้าหมาย,รายการ,ผู้ประกันตนตามมาตรา 40
D019,T1,2567-พช-659,สถานะ,ข้อความ,ดำเนินการแล้วเสร็จ
D019,T1,2567-พช-659,หมายเหตุ,ข้อความ,
D019,T1,2567-ทถ-035,รหัสกิจกรรม,ข้อความ,2567-ทถ-035
D019,T1,2567-ทถ-035,ชื่อกิจกรรม,ข้อความ,โครงการบำรุงรักษาครัวเรือนยากจนเป้าหมาย
D019,T1,2567-ทถ-035,หน่วยงานรับผิดชอบ,ข้อความ,อบต.บ้านแหลม
D019,T1,2567-ทถ-035,งบจัดสรร,เงินบาท,535000
D019,T1,2567-ทถ-035,เบิกจ่าย,เงินบาท,344500
D019,T1,2567-ทถ-035,จำนวนผู้เข้าร่วม,จำนวนนับ,192
D019,T1,2567-ทถ-035,กลุ่มเป้าหมาย,รายการ,กลุ่มวิสาหกิจชุมชน
D019,T1,2567-ทถ-035,สถานะ,ข้อความ,ดำเนินการแล้วเสร็จ
D019,T1,2567-ทถ-035,หมายเหตุ,ข้อความ,
D019,T1,2567-สธ-963,รหัสกิจกรรม,ข้อความ,2567-สธ-963
D019,T1,2567-สธ-963,ชื่อกิจกรรม,ข้อความ,กิจกรรมจัดทำแผนการบริหารจัดการขยะมูลฝอย
D019,T1,2567-สธ-963,หน่วยงานรับผิดชอบ,ข้อความ,องค์การบริหารส่วนตำบลบ้านแหลม
D019,T1,2567-สธ-963,งบจัดสรร,เงินบาท,199500
D019,T1,2567-สธ-963,เบิกจ่าย,เงินบาท,116500
D019,T1,2567-สธ-963,จำนวนผู้เข้าร่วม,จำนวนนับ,231
D019,T1,2567-สธ-963,กลุ่มเป้าหมาย,รายการ,ผู้ว่างงาน
D019,T1,2567-สธ-963,สถานะ,ข้อความ,ดำเนินการแล้วเสร็จ
D019,T1,2567-สธ-963,หมายเหตุ,ข้อความ,
D019,T1,2567-กษ-259,รหัสกิจกรรม,ข้อความ,2567-กษ-259
D019,T1,2567-กษ-259,ชื่อกิจกรรม,ข้อความ,กิจกรรมจัดทำแผนแผนพัฒนาท้องถิ่นห้าปี
D019,T1,2567-กษ-259,หน่วยงานรับผิดชอบ,ข้อความ,อบต.บ้านแหลม
D019,T1,2567-กษ-259,งบจัดสรร,เงินบาท,346000
D019,T1,2567-กษ-259,เบิกจ่าย,เงินบาท,294500
D019,T1,2567-กษ-259,จำนวนผู้เข้าร่วม,จำนวนนับ,
D019,T1,2567-กษ-259,กลุ่มเป้าหมาย,รายการ,ข้าราชการและเจ้าหน้าที่ของรัฐ
D019,T1,2567-กษ-259,สถานะ,ข้อความ,ดำเนินการแล้วเสร็จ
D019,T1,2567-กษ-259,หมายเหตุ,ข้อความ,
D020,T1,2568-พช-365,รหัสกิจกรรม,ข้อความ,2568-พช-365
D020,T1,2568-พช-365,ชื่อกิจกรรม,ข้อความ,โครงการจัดประชุมระบบประปาหมู่บ้าน
D020,T1,2568-พช-365,หน่วยงานรับผิดชอบ,ข้อความ,สำนักงานพัฒนาสังคมและความมั่นคงของมนุษย์จังหวัดลำปาง
D020,T1,2568-พช-365,งบจัดสรร,เงินบาท,810000
D020,T1,2568-พช-365,เบิกจ่าย,เงินบาท,779000
D020,T1,2568-พช-365,จำนวนผู้เข้าร่วม,จำนวนนับ,99
D020,T1,2568-พช-365,กลุ่มเป้าหมาย,รายการ,ผู้ป่วยติดเตียงและผู้ดูแลที่บ้าน
D020,T1,2568-พช-365,สถานะ,ข้อความ,ดำเนินการแล้วเสร็จ
D020,T1,2568-พช-365,หมายเหตุ,ข้อความ,
D020,T1,2568-สธ-154,รหัสกิจกรรม,ข้อความ,2568-สธ-154
D020,T1,2568-สธ-154,ชื่อกิจกรรม,ข้อความ,โครงการบำรุงรักษาแผนพัฒนาท้องถิ่นห้าปี
D020,T1,2568-สธ-154,หน่วยงานรับผิดชอบ,ข้อความ,พมจ.ลำปาง
D020,T1,2568-สธ-154,งบจัดสรร,เงินบาท,157000
D020,T1,2568-สธ-154,เบิกจ่าย,เงินบาท,148500
D020,T1,2568-สธ-154,จำนวนผู้เข้าร่วม,จำนวนนับ,109
D020,T1,2568-สธ-154,กลุ่มเป้าหมาย,รายการ,นักเรียนและนักศึกษา
D020,T1,2568-สธ-154,สถานะ,ข้อความ,ดำเนินการแล้วเสร็จ
D020,T1,2568-สธ-154,หมายเหตุ,ข้อความ,
D020,T1,2568-ทถ-706,รหัสกิจกรรม,ข้อความ,2568-ทถ-706
D020,T1,2568-ทถ-706,ชื่อกิจกรรม,ข้อความ,กิจกรรมประชาสัมพันธ์การท่องเที่ยวโดยชุมชน
D020,T1,2568-ทถ-706,หน่วยงานรับผิดชอบ,ข้อความ,สำนักงานพัฒนาสังคมและความมั่นคงของมนุษย์จังหวัดลำปาง
D020,T1,2568-ทถ-706,งบจัดสรร,เงินบาท,477000
D020,T1,2568-ทถ-706,เบิกจ่าย,เงินบาท,441000
D020,T1,2568-ทถ-706,จำนวนผู้เข้าร่วม,จำนวนนับ,
D020,T1,2568-ทถ-706,กลุ่มเป้าหมาย,รายการ,เจ้าหน้าที่ท้องถิ่น
D020,T1,2568-ทถ-706,สถานะ,ข้อความ,ดำเนินการแล้วเสร็จ
D020,T1,2568-ทถ-706,หมายเหตุ,ข้อความ,
D020,T1,2568-กษ-770,รหัสกิจกรรม,ข้อความ,2568-กษ-770
D020,T1,2568-กษ-770,ชื่อกิจกรรม,ข้อความ,โครงการสำรวจข้อมูลการบริหารจัดการขยะมูลฝอย
D020,T1,2568-กษ-770,หน่วยงานรับผิดชอบ,ข้อความ,พมจ.ลำปาง
D020,T1,2568-กษ-770,งบจัดสรร,เงินบาท,331000
D020,T1,2568-กษ-770,เบิกจ่าย,เงินบาท,187000
D020,T1,2568-กษ-770,จำนวนผู้เข้าร่วม,จำนวนนับ,
D020,T1,2568-กษ-770,กลุ่มเป้าหมาย,รายการ,กลุ่มวิสาหกิจชุมชน
D020,T1,2568-กษ-770,สถานะ,ข้อความ,ดำเนินการแล้วเสร็จ
D020,T1,2568-กษ-770,หมายเหตุ,ข้อความ,
D020,T1,2568-ศษ-382,รหัสกิจกรรม,ข้อความ,2568-ศษ-382
D020,T1,2568-ศษ-382,ชื่อกิจกรรม,ข้อความ,กิจกรรมจัดประชุมเศรษฐกิจฐานราก
D020,T1,2568-ศษ-382,หน่วยงานรับผิดชอบ,ข้อความ,สำนักงานพัฒนาสังคมและความมั่นคงของมนุษย์จังหวัดลำปาง
D020,T1,2568-ศษ-382,งบจัดสรร,เงินบาท,711000
D020,T1,2568-ศษ-382,เบิกจ่าย,เงินบาท,499500
D020,T1,2568-ศษ-382,จำนวนผู้เข้าร่วม,จำนวนนับ,
D020,T1,2568-ศษ-382,กลุ่มเป้าหมาย,รายการ,ผู้สูงอายุ
D020,T1,2568-ศษ-382,สถานะ,ข้อความ,ดำเนินการแล้วเสร็จ
D020,T1,2568-ศษ-382,หมายเหตุ,ข้อความ,
D020,T1,2568-ทถ-049,รหัสกิจกรรม,ข้อความ,2568-ทถ-049
D020,T1,2568-ทถ-049,ชื่อกิจกรรม,ข้อความ,กิจกรรมสำรวจข้อมูลเศรษฐกิจฐานราก
D020,T1,2568-ทถ-049,หน่วยงานรับผิดชอบ,ข้อความ,พมจ.ลำปาง
D020,T1,2568-ทถ-049,งบจัดสรร,เงินบาท,282000
D020,T1,2568-ทถ-049,เบิกจ่าย,เงินบาท,178500
D020,T1,2568-ทถ-049,จำนวนผู้เข้าร่วม,จำนวนนับ,137
D020,T1,2568-ทถ-049,กลุ่มเป้าหมาย,รายการ,เจ้าหน้าที่ท้องถิ่น
D020,T1,2568-ทถ-049,สถานะ,ข้อความ,ดำเนินการแล้วเสร็จ
D020,T1,2568-ทถ-049,หมายเหตุ,ข้อความ,
D021,T1,2568-กษ-625,รหัสกิจกรรม,ข้อความ,2568-กษ-625
D021,T1,2568-กษ-625,ชื่อกิจกรรม,ข้อความ,โครงการบำรุงรักษาครัวเรือนยากจนเป้าหมาย
D021,T1,2568-กษ-625,หน่วยงานรับผิดชอบ,ข้อความ,สสจ.ตราด
D021,T1,2568-กษ-625,งบจัดสรร,เงินบาท,508000
D021,T1,2568-กษ-625,เบิกจ่าย,เงินบาท,455500
D021,T1,2568-กษ-625,จำนวนผู้เข้าร่วม,จำนวนนับ,
D021,T1,2568-กษ-625,กลุ่มเป้าหมาย,รายการ,ผู้ป่วยติดเตียงและผู้ดูแลที่บ้าน
D021,T1,2568-กษ-625,สถานะ,ข้อความ,ดำเนินการแล้วเสร็จ
D021,T1,2568-กษ-625,หมายเหตุ,ข้อความ,
D021,T1,2568-ทถ-687,รหัสกิจกรรม,ข้อความ,2568-ทถ-687
D021,T1,2568-ทถ-687,ชื่อกิจกรรม,ข้อความ,กิจกรรมจัดเก็บข้อมูลคุณภาพชีวิตผู้สูงอายุ
D021,T1,2568-ทถ-687,หน่วยงานรับผิดชอบ,ข้อความ,สำนักงานสาธารณสุขจังหวัดตราด
D021,T1,2568-ทถ-687,งบจัดสรร,เงินบาท,181000
D021,T1,2568-ทถ-687,เบิกจ่าย,เงินบาท,159500
D021,T1,2568-ทถ-687,จำนวนผู้เข้าร่วม,จำนวนนับ,99
D021,T1,2568-ทถ-687,กลุ่มเป้าหมาย,รายการ,แรงงานนอกระบบ
D021,T1,2568-ทถ-687,สถานะ,ข้อความ,ดำเนินการแล้วเสร็จ
D021,T1,2568-ทถ-687,หมายเหตุ,ข้อความ,
D021,T1,2568-ทถ-502,รหัสกิจกรรม,ข้อความ,2568-ทถ-502
D021,T1,2568-ทถ-502,ชื่อกิจกรรม,ข้อความ,กิจกรรมอบรมเชิงปฏิบัติการอาสาสมัครสาธารณสุขประจำหมู่บ้าน
D021,T1,2568-ทถ-502,หน่วยงานรับผิดชอบ,ข้อความ,สสจ.ตราด
D021,T1,2568-ทถ-502,งบจัดสรร,เงินบาท,218000
D021,T1,2568-ทถ-502,เบิกจ่าย,เงินบาท,208000
D021,T1,2568-ทถ-502,จำนวนผู้เข้าร่วม,จำนวนนับ,
D021,T1,2568-ทถ-502,กลุ่มเป้าหมาย,รายการ,ครัวเรือนยากจน
D021,T1,2568-ทถ-502,สถานะ,ข้อความ,ดำเนินการแล้วเสร็จ
D021,T1,2568-ทถ-502,หมายเหตุ,ข้อความ,
D021,T1,2568-กษ-331,รหัสกิจกรรม,ข้อความ,2568-กษ-331
D021,T1,2568-กษ-331,ชื่อกิจกรรม,ข้อความ,โครงการจัดเก็บข้อมูลการจัดการน้ำเสียชุมชน
D021,T1,2568-กษ-331,หน่วยงานรับผิดชอบ,ข้อความ,สำนักงานสาธารณสุขจังหวัดตราด
D021,T1,2568-กษ-331,งบจัดสรร,เงินบาท,498000
D021,T1,2568-กษ-331,เบิกจ่าย,เงินบาท,314000
D021,T1,2568-กษ-331,จำนวนผู้เข้าร่วม,จำนวนนับ,187
D021,T1,2568-กษ-331,กลุ่มเป้าหมาย,รายการ,ผู้ประกันตนตามมาตรา 40
D021,T1,2568-กษ-331,สถานะ,ข้อความ,ดำเนินการแล้วเสร็จ
D021,T1,2568-กษ-331,หมายเหตุ,ข้อความ,
D021,T1,2568-กษ-787,รหัสกิจกรรม,ข้อความ,2568-กษ-787
D021,T1,2568-กษ-787,ชื่อกิจกรรม,ข้อความ,กิจกรรมอบรมเชิงปฏิบัติการคุณภาพชีวิตผู้สูงอายุ
D021,T1,2568-กษ-787,หน่วยงานรับผิดชอบ,ข้อความ,สำนักงานสาธารณสุขจังหวัดตราด
D021,T1,2568-กษ-787,งบจัดสรร,เงินบาท,250500
D021,T1,2568-กษ-787,เบิกจ่าย,เงินบาท,232500
D021,T1,2568-กษ-787,จำนวนผู้เข้าร่วม,จำนวนนับ,33
D021,T1,2568-กษ-787,กลุ่มเป้าหมาย,รายการ,ผู้ค้าในตลาดสด
D021,T1,2568-กษ-787,สถานะ,ข้อความ,ดำเนินการแล้วเสร็จ
D021,T1,2568-กษ-787,หมายเหตุ,ข้อความ,
D021,T1,2568-สธ-935,รหัสกิจกรรม,ข้อความ,2568-สธ-935
D021,T1,2568-สธ-935,ชื่อกิจกรรม,ข้อความ,กิจกรรมจัดทำแผนการบริหารจัดการขยะมูลฝอย
D021,T1,2568-สธ-935,หน่วยงานรับผิดชอบ,ข้อความ,สสจ.ตราด
D021,T1,2568-สธ-935,งบจัดสรร,เงินบาท,30500
D021,T1,2568-สธ-935,เบิกจ่าย,เงินบาท,28500
D021,T1,2568-สธ-935,จำนวนผู้เข้าร่วม,จำนวนนับ,140
D021,T1,2568-สธ-935,กลุ่มเป้าหมาย,รายการ,ผู้ประสบภัยพิบัติ
D021,T1,2568-สธ-935,สถานะ,ข้อความ,ดำเนินการแล้วเสร็จ
D021,T1,2568-สธ-935,หมายเหตุ,ข้อความ,
D021,T1,2568-พช-241,รหัสกิจกรรม,ข้อความ,2568-พช-241
D021,T1,2568-พช-241,ชื่อกิจกรรม,ข้อความ,โครงการสำรวจข้อมูลกองทุนสวัสดิการชุมชน
D021,T1,2568-พช-241,หน่วยงานรับผิดชอบ,ข้อความ,สำนักงานสาธารณสุขจังหวัดตราด
D021,T1,2568-พช-241,งบจัดสรร,เงินบาท,570500
D021,T1,2568-พช-241,เบิกจ่าย,เงินบาท,543000
D021,T1,2568-พช-241,จำนวนผู้เข้าร่วม,จำนวนนับ,
D021,T1,2568-พช-241,กลุ่มเป้าหมาย,รายการ,นักท่องเที่ยว
D021,T1,2568-พช-241,สถานะ,ข้อความ,ดำเนินการแล้วเสร็จ
D021,T1,2568-พช-241,หมายเหตุ,ข้อความ,
D022,T1,2567-ทถ-649,รหัสกิจกรรม,ข้อความ,2567-ทถ-649
D022,T1,2567-ทถ-649,ชื่อกิจกรรม,ข้อความ,กิจกรรมประชาสัมพันธ์กองทุนสวัสดิการชุมชน
D022,T1,2567-ทถ-649,หน่วยงานรับผิดชอบ,ข้อความ,ทต.แม่ริม
D022,T1,2567-ทถ-649,งบจัดสรร,เงินบาท,574500
D022,T1,2567-ทถ-649,เบิกจ่าย,เงินบาท,382000
D022,T1,2567-ทถ-649,จำนวนผู้เข้าร่วม,จำนวนนับ,
D022,T1,2567-ทถ-649,กลุ่มเป้าหมาย,รายการ,นักเรียนและนักศึกษา
D022,T1,2567-ทถ-649,สถานะ,ข้อความ,ดำเนินการแล้วเสร็จ
D022,T1,2567-ทถ-649,หมายเหตุ,ข้อความ,
D022,T1,2567-สธ-009,รหัสกิจกรรม,ข้อความ,2567-สธ-009
D022,T1,2567-สธ-009,ชื่อกิจกรรม,ข้อความ,กิจกรรมสำรวจข้อมูลแผนพัฒนาท้องถิ่นห้าปี
D022,T1,2567-สธ-009,หน่วยงานรับผิดชอบ,ข้อความ,ทต.แม่ริม
D022,T1,2567-สธ-009,งบจัดสรร,เงินบาท,824000
D022,T1,2567-สธ-009,เบิกจ่าย,เงินบาท,675500
D022,T1,2567-สธ-009,จำนวนผู้เข้าร่วม,จำนวนนับ,
D022,T1,2567-สธ-009,กลุ่มเป้าหมาย,รายการ,เกษตรกรและผู้ประกอบการรายย่อย
D022,T1,2567-สธ-009,สถานะ,ข้อความ,ดำเนินการแล้วเสร็จ
D022,T1,2567-สธ-009,หมายเหตุ,ข้อความ,
D022,T1,2567-ทถ-239,รหัสกิจกรรม,ข้อความ,2567-ทถ-239
D022,T1,2567-ทถ-239,ชื่อกิจกรรม,ข้อความ,กิจกรรมจัดเก็บข้อมูลการท่องเที่ยวโดยชุมชน
D022,T1,2567-ทถ-239,หน่วยงานรับผิดชอบ,ข้อความ,ทต.แม่ริม
D022,T1,2567-ทถ-239,งบจัดสรร,เงินบาท,524000
D022,T1,2567-ทถ-239,เบิกจ่าย,เงินบาท,519000
D022,T1,2567-ทถ-239,จำนวนผู้เข้าร่วม,จำนวนนับ,99
D022,T1,2567-ทถ-239,กลุ่มเป้าหมาย,รายการ,ผู้ประสบภัยพิบัติ
D022,T1,2567-ทถ-239,สถานะ,ข้อความ,ดำเนินการแล้วเสร็จ
D022,T1,2567-ทถ-239,หมายเหตุ,ข้อความ,
D022,T1,2567-ศษ-725,รหัสกิจกรรม,ข้อความ,2567-ศษ-725
D022,T1,2567-ศษ-725,ชื่อกิจกรรม,ข้อความ,โครงการสำรวจข้อมูลการเกษตรปลอดภัย
D022,T1,2567-ศษ-725,หน่วยงานรับผิดชอบ,ข้อความ,ทต.แม่ริม
D022,T1,2567-ศษ-725,งบจัดสรร,เงินบาท,617000
D022,T1,2567-ศษ-725,เบิกจ่าย,เงินบาท,451000
D022,T1,2567-ศษ-725,จำนวนผู้เข้าร่วม,จำนวนนับ,130
D022,T1,2567-ศษ-725,กลุ่มเป้าหมาย,รายการ,ผู้ประกอบการร้านอาหาร
D022,T1,2567-ศษ-725,สถานะ,ข้อความ,ดำเนินการแล้วเสร็จ
D022,T1,2567-ศษ-725,หมายเหตุ,ข้อความ,
D022,T1,2567-ทถ-555,รหัสกิจกรรม,ข้อความ,2567-ทถ-555
D022,T1,2567-ทถ-555,ชื่อกิจกรรม,ข้อความ,กิจกรรมตรวจเยี่ยมครัวเรือนยากจนเป้าหมาย
D022,T1,2567-ทถ-555,หน่วยงานรับผิดชอบ,ข้อความ,เทศบาลตำบลแม่ริม
D022,T1,2567-ทถ-555,งบจัดสรร,เงินบาท,505000
D022,T1,2567-ทถ-555,เบิกจ่าย,เงินบาท,445500
D022,T1,2567-ทถ-555,จำนวนผู้เข้าร่วม,จำนวนนับ,
D022,T1,2567-ทถ-555,กลุ่มเป้าหมาย,รายการ,ผู้สูงอายุ
D022,T1,2567-ทถ-555,สถานะ,ข้อความ,ดำเนินการแล้วเสร็จ
D022,T1,2567-ทถ-555,หมายเหตุ,ข้อความ,
D022,T1,2567-สธ-374,รหัสกิจกรรม,ข้อความ,2567-สธ-374
D022,T1,2567-สธ-374,ชื่อกิจกรรม,ข้อความ,กิจกรรมจัดทำแผนการจัดการน้ำเสียชุมชน
D022,T1,2567-สธ-374,หน่วยงานรับผิดชอบ,ข้อความ,ทต.แม่ริม
D022,T1,2567-สธ-374,งบจัดสรร,เงินบาท,427500
D022,T1,2567-สธ-374,เบิกจ่าย,เงินบาท,320000
D022,T1,2567-สธ-374,จำนวนผู้เข้าร่วม,จำนวนนับ,
D022,T1,2567-สธ-374,กลุ่มเป้าหมาย,รายการ,ผู้ต้องขัง
D022,T1,2567-สธ-374,สถานะ,ข้อความ,ดำเนินการแล้วเสร็จ
D022,T1,2567-สธ-374,หมายเหตุ,ข้อความ,
D023,T1,2568-ทถ-416,รหัสกิจกรรม,ข้อความ,2568-ทถ-416
D023,T1,2568-ทถ-416,ชื่อกิจกรรม,ข้อความ,โครงการบำรุงรักษากองทุนสวัสดิการชุมชน
D023,T1,2568-ทถ-416,หน่วยงานรับผิดชอบ,ข้อความ,องค์การบริหารส่วนตำบลหนองปลาไหล
D023,T1,2568-ทถ-416,งบจัดสรร,เงินบาท,430500
D023,T1,2568-ทถ-416,เบิกจ่าย,เงินบาท,383000
D023,T1,2568-ทถ-416,จำนวนผู้เข้าร่วม,จำนวนนับ,99
D023,T1,2568-ทถ-416,กลุ่มเป้าหมาย,รายการ,ผู้นำชุมชนและปราชญ์ชาวบ้าน
D023,T1,2568-ทถ-416,สถานะ,ข้อความ,ดำเนินการแล้วเสร็จ
D023,T1,2568-ทถ-416,หมายเหตุ,ข้อความ,
D023,T1,2568-กษ-017,รหัสกิจกรรม,ข้อความ,2568-กษ-017
D023,T1,2568-กษ-017,ชื่อกิจกรรม,ข้อความ,โครงการจัดทำแผนการป้องกันโรคไข้เลือดออก
D023,T1,2568-กษ-017,หน่วยงานรับผิดชอบ,ข้อความ,องค์การบริหารส่วนตำบลหนองปลาไหล
D023,T1,2568-กษ-017,งบจัดสรร,เงินบาท,761500
D023,T1,2568-กษ-017,เบิกจ่าย,เงินบาท,669000
D023,T1,2568-กษ-017,จำนวนผู้เข้าร่วม,จำนวนนับ,110
D023,T1,2568-กษ-017,กลุ่มเป้าหมาย,รายการ,ผู้ประกอบการร้านอาหาร
D023,T1,2568-กษ-017,สถานะ,ข้อความ,ดำเนินการแล้วเสร็จ
D023,T1,2568-กษ-017,หมายเหตุ,ข้อความ,
D023,T1,2568-กษ-097,รหัสกิจกรรม,ข้อความ,2568-กษ-097
D023,T1,2568-กษ-097,ชื่อกิจกรรม,ข้อความ,โครงการจัดประชุมการบริหารจัดการขยะมูลฝอย
D023,T1,2568-กษ-097,หน่วยงานรับผิดชอบ,ข้อความ,อบต.หนองปลาไหล
D023,T1,2568-กษ-097,งบจัดสรร,เงินบาท,672500
D023,T1,2568-กษ-097,เบิกจ่าย,เงินบาท,412000
D023,T1,2568-กษ-097,จำนวนผู้เข้าร่วม,จำนวนนับ,115
D023,T1,2568-กษ-097,กลุ่มเป้าหมาย,รายการ,แรงงานนอกระบบ
D023,T1,2568-กษ-097,สถานะ,ข้อความ,ดำเนินการแล้วเสร็จ
D023,T1,2568-กษ-097,หมายเหตุ,ข้อความ,
D023,T1,2568-กษ-081,รหัสกิจกรรม,ข้อความ,2568-กษ-081
D023,T1,2568-กษ-081,ชื่อกิจกรรม,ข้อความ,กิจกรรมสำรวจข้อมูลคุณภาพชีวิตผู้สูงอายุ
D023,T1,2568-กษ-081,หน่วยงานรับผิดชอบ,ข้อความ,อบต.หนองปลาไหล
D023,T1,2568-กษ-081,งบจัดสรร,เงินบาท,654500
D023,T1,2568-กษ-081,เบิกจ่าย,เงินบาท,590000
D023,T1,2568-กษ-081,จำนวนผู้เข้าร่วม,จำนวนนับ,
D023,T1,2568-กษ-081,กลุ่มเป้าหมาย,รายการ,เกษตรกรและผู้ประกอบการรายย่อย
D023,T1,2568-กษ-081,สถานะ,ข้อความ,ดำเนินการแล้วเสร็จ
D023,T1,2568-กษ-081,หมายเหตุ,ข้อความ,
D023,T1,2568-สธ-829,รหัสกิจกรรม,ข้อความ,2568-สธ-829
D023,T1,2568-สธ-829,ชื่อกิจกรรม,ข้อความ,กิจกรรมบำรุงรักษาการบริหารจัดการขยะมูลฝอย
D023,T1,2568-สธ-829,หน่วยงานรับผิดชอบ,ข้อความ,อบต.หนองปลาไหล
D023,T1,2568-สธ-829,งบจัดสรร,เงินบาท,223000
D023,T1,2568-สธ-829,เบิกจ่าย,เงินบาท,181000
D023,T1,2568-สธ-829,จำนวนผู้เข้าร่วม,จำนวนนับ,
D023,T1,2568-สธ-829,กลุ่มเป้าหมาย,รายการ,ผู้ต้องขัง
D023,T1,2568-สธ-829,สถานะ,ข้อความ,ดำเนินการแล้วเสร็จ
D023,T1,2568-สธ-829,หมายเหตุ,ข้อความ,
D023,T1,2568-พช-012,รหัสกิจกรรม,ข้อความ,2568-พช-012
D023,T1,2568-พช-012,ชื่อกิจกรรม,ข้อความ,กิจกรรมจัดประชุมระบบประปาหมู่บ้าน
D023,T1,2568-พช-012,หน่วยงานรับผิดชอบ,ข้อความ,อบต.หนองปลาไหล
D023,T1,2568-พช-012,งบจัดสรร,เงินบาท,346000
D023,T1,2568-พช-012,เบิกจ่าย,เงินบาท,284000
D023,T1,2568-พช-012,จำนวนผู้เข้าร่วม,จำนวนนับ,
D023,T1,2568-พช-012,กลุ่มเป้าหมาย,รายการ,ผู้สูงอายุ
D023,T1,2568-พช-012,สถานะ,ข้อความ,ดำเนินการแล้วเสร็จ
D023,T1,2568-พช-012,หมายเหตุ,ข้อความ,
D023,T1,2568-กษ-692,รหัสกิจกรรม,ข้อความ,2568-กษ-692
D023,T1,2568-กษ-692,ชื่อกิจกรรม,ข้อความ,โครงการประชาสัมพันธ์คุณภาพชีวิตผู้สูงอายุ
D023,T1,2568-กษ-692,หน่วยงานรับผิดชอบ,ข้อความ,องค์การบริหารส่วนตำบลหนองปลาไหล
D023,T1,2568-กษ-692,งบจัดสรร,เงินบาท,785500
D023,T1,2568-กษ-692,เบิกจ่าย,เงินบาท,770500
D023,T1,2568-กษ-692,จำนวนผู้เข้าร่วม,จำนวนนับ,
D023,T1,2568-กษ-692,กลุ่มเป้าหมาย,รายการ,เกษตรกรและผู้ประกอบการรายย่อย
D023,T1,2568-กษ-692,สถานะ,ข้อความ,ดำเนินการแล้วเสร็จ
D023,T1,2568-กษ-692,หมายเหตุ,ข้อความ,
D024,T1,2567-พช-497,รหัสกิจกรรม,ข้อความ,2567-พช-497
D024,T1,2567-พช-497,ชื่อกิจกรรม,ข้อความ,กิจกรรมอบรมเชิงปฏิบัติการศูนย์พัฒนาเด็กเล็ก
D024,T1,2567-พช-497,หน่วยงานรับผิดชอบ,ข้อความ,โรงพยาบาลส่งเสริมสุขภาพตำบลคลองสี่
D024,T1,2567-พช-497,งบจัดสรร,เงินบาท,743000
D024,T1,2567-พช-497,เบิกจ่าย,เงินบาท,520000
D024,T1,2567-พช-497,จำนวนผู้เข้าร่วม,จำนวนนับ,
D024,T1,2567-พช-497,กลุ่มเป้าหมาย,รายการ,เด็กและเยาวชน
D024,T1,2567-พช-497,สถานะ,ข้อความ,ดำเนินการแล้วเสร็จ
D024,T1,2567-พช-497,หมายเหตุ,ข้อความ,
D024,T1,2567-พช-356,รหัสกิจกรรม,ข้อความ,2567-พช-356
D024,T1,2567-พช-356,ชื่อกิจกรรม,ข้อความ,โครงการจัดเก็บข้อมูลเศรษฐกิจฐานราก
D024,T1,2567-พช-356,หน่วยงานรับผิดชอบ,ข้อความ,โรงพยาบาลส่งเสริมสุขภาพตำบลคลองสี่
D024,T1,2567-พช-356,งบจัดสรร,เงินบาท,354500
D024,T1,2567-พช-356,เบิกจ่าย,เงินบาท,312000
D024,T1,2567-พช-356,จำนวนผู้เข้าร่วม,จำนวนนับ,99
D024,T1,2567-พช-356,กลุ่มเป้าหมาย,รายการ,แรงงานนอกระบบ
D024,T1,2567-พช-356,สถานะ,ข้อความ,ดำเนินการแล้วเสร็จ
D024,T1,2567-พช-356,หมายเหตุ,ข้อความ,
D024,T1,2567-สค-071,รหัสกิจกรรม,ข้อความ,2567-สค-071
D024,T1,2567-สค-071,ชื่อกิจกรรม,ข้อความ,โครงการจัดทำแผนศูนย์พัฒนาเด็กเล็ก
D024,T1,2567-สค-071,หน่วยงานรับผิดชอบ,ข้อความ,โรงพยาบาลส่งเสริมสุขภาพตำบลคลองสี่
D024,T1,2567-สค-071,งบจัดสรร,เงินบาท,178500
D024,T1,2567-สค-071,เบิกจ่าย,เงินบาท,157000
D024,T1,2567-สค-071,จำนวนผู้เข้าร่วม,จำนวนนับ,
D024,T1,2567-สค-071,กลุ่มเป้าหมาย,รายการ,เด็กและเยาวชน
D024,T1,2567-สค-071,สถานะ,ข้อความ,ดำเนินการแล้วเสร็จ
D024,T1,2567-สค-071,หมายเหตุ,ข้อความ,
D024,T1,2567-ศษ-554,รหัสกิจกรรม,ข้อความ,2567-ศษ-554
D024,T1,2567-ศษ-554,ชื่อกิจกรรม,ข้อความ,กิจกรรมอบรมเชิงปฏิบัติการการท่องเที่ยวโดยชุมชน
D024,T1,2567-ศษ-554,หน่วยงานรับผิดชอบ,ข้อความ,โรงพยาบาลส่งเสริมสุขภาพตำบลคลองสี่
D024,T1,2567-ศษ-554,งบจัดสรร,เงินบาท,709500
D024,T1,2567-ศษ-554,เบิกจ่าย,เงินบาท,453500
D024,T1,2567-ศษ-554,จำนวนผู้เข้าร่วม,จำนวนนับ,185
D024,T1,2567-ศษ-554,กลุ่มเป้าหมาย,รายการ,ผู้ค้าในตลาดสด
D024,T1,2567-ศษ-554,สถานะ,ข้อความ,ดำเนินการแล้วเสร็จ
D024,T1,2567-ศษ-554,หมายเหตุ,ข้อความ,
D024,T1,2567-พช-263,รหัสกิจกรรม,ข้อความ,2567-พช-263
D024,T1,2567-พช-263,ชื่อกิจกรรม,ข้อความ,กิจกรรมอบรมเชิงปฏิบัติการกองทุนสวัสดิการชุมชน
D024,T1,2567-พช-263,หน่วยงานรับผิดชอบ,ข้อความ,โรงพยาบาลส่งเสริมสุขภาพตำบลคลองสี่
D024,T1,2567-พช-263,งบจัดสรร,เงินบาท,539500
D024,T1,2567-พช-263,เบิกจ่าย,เงินบาท,499500
D024,T1,2567-พช-263,จำนวนผู้เข้าร่วม,จำนวนนับ,
D024,T1,2567-พช-263,กลุ่มเป้าหมาย,รายการ,ครัวเรือนยากจน
D024,T1,2567-พช-263,สถานะ,ข้อความ,ดำเนินการแล้วเสร็จ
D024,T1,2567-พช-263,หมายเหตุ,ข้อความ,
D024,T1,2567-กษ-871,รหัสกิจกรรม,ข้อความ,2567-กษ-871
D024,T1,2567-กษ-871,ชื่อกิจกรรม,ข้อความ,โครงการจัดเก็บข้อมูลระบบประปาหมู่บ้าน
D024,T1,2567-กษ-871,หน่วยงานรับผิดชอบ,ข้อความ,โรงพยาบาลส่งเสริมสุขภาพตำบลคลองสี่
D024,T1,2567-กษ-871,งบจัดสรร,เงินบาท,843000
D024,T1,2567-กษ-871,เบิกจ่าย,เงินบาท,774500
D024,T1,2567-กษ-871,จำนวนผู้เข้าร่วม,จำนวนนับ,184
D024,T1,2567-กษ-871,กลุ่มเป้าหมาย,รายการ,กลุ่มเปราะบางและผู้ด้อยโอกาส
D024,T1,2567-กษ-871,สถานะ,ข้อความ,ดำเนินการแล้วเสร็จ
D024,T1,2567-กษ-871,หมายเหตุ,ข้อความ,
D024,T1,2567-สธ-872,รหัสกิจกรรม,ข้อความ,2567-สธ-872
D024,T1,2567-สธ-872,ชื่อกิจกรรม,ข้อความ,กิจกรรมสำรวจข้อมูลศูนย์พัฒนาเด็กเล็ก
D024,T1,2567-สธ-872,หน่วยงานรับผิดชอบ,ข้อความ,รพ.สต.คลองสี่
D024,T1,2567-สธ-872,งบจัดสรร,เงินบาท,501000
D024,T1,2567-สธ-872,เบิกจ่าย,เงินบาท,289000
D024,T1,2567-สธ-872,จำนวนผู้เข้าร่วม,จำนวนนับ,
D024,T1,2567-สธ-872,กลุ่มเป้าหมาย,รายการ,เด็กและเยาวชน
D024,T1,2567-สธ-872,สถานะ,ข้อความ,ดำเนินการแล้วเสร็จ
D024,T1,2567-สธ-872,หมายเหตุ,ข้อความ,
D025,T1,2567-สธ-274,รหัสกิจกรรม,ข้อความ,2567-สธ-274
D025,T1,2567-สธ-274,ชื่อกิจกรรม,ข้อความ,กิจกรรมจัดประชุมคุณภาพชีวิตผู้สูงอายุ
D025,T1,2567-สธ-274,หน่วยงานรับผิดชอบ,ข้อความ,กศน.อำเภอเมือง
D025,T1,2567-สธ-274,งบจัดสรร,เงินบาท,360500
D025,T1,2567-สธ-274,เบิกจ่าย,เงินบาท,299000
D025,T1,2567-สธ-274,จำนวนผู้เข้าร่วม,จำนวนนับ,
D025,T1,2567-สธ-274,กลุ่มเป้าหมาย,รายการ,อาสาสมัครป้องกันภัยฝ่ายพลเรือน
D025,T1,2567-สธ-274,สถานะ,ข้อความ,ดำเนินการแล้วเสร็จ
D025,T1,2567-สธ-274,หมายเหตุ,ข้อความ,
D025,T1,2567-กษ-204,รหัสกิจกรรม,ข้อความ,2567-กษ-204
D025,T1,2567-กษ-204,ชื่อกิจกรรม,ข้อความ,โครงการอบรมเชิงปฏิบัติการเศรษฐกิจฐานราก
D025,T1,2567-กษ-204,หน่วยงานรับผิดชอบ,ข้อความ,ศูนย์การศึกษานอกระบบและการศึกษาตามอัธยาศัยอำเภอเมือง
D025,T1,2567-กษ-204,งบจัดสรร,เงินบาท,189000
D025,T1,2567-กษ-204,เบิกจ่าย,เงินบาท,178000
D025,T1,2567-กษ-204,จำนวนผู้เข้าร่วม,จำนวนนับ,
D025,T1,2567-กษ-204,กลุ่มเป้าหมาย,รายการ,ผู้นำชุมชนและปราชญ์ชาวบ้าน
D025,T1,2567-กษ-204,สถานะ,ข้อความ,ดำเนินการแล้วเสร็จ
D025,T1,2567-กษ-204,หมายเหตุ,ข้อความ,
D025,T1,2567-ศษ-926,รหัสกิจกรรม,ข้อความ,2567-ศษ-926
D025,T1,2567-ศษ-926,ชื่อกิจกรรม,ข้อความ,กิจกรรมจัดเก็บข้อมูลครัวเรือนยากจนเป้าหมาย
D025,T1,2567-ศษ-926,หน่วยงานรับผิดชอบ,ข้อความ,ศูนย์การศึกษานอกระบบและการศึกษาตามอัธยาศัยอำเภอเมือง
D025,T1,2567-ศษ-926,งบจัดสรร,เงินบาท,383000
D025,T1,2567-ศษ-926,เบิกจ่าย,เงินบาท,330000
D025,T1,2567-ศษ-926,จำนวนผู้เข้าร่วม,จำนวนนับ,
D025,T1,2567-ศษ-926,กลุ่มเป้าหมาย,รายการ,ผู้ปกครองเด็กก่อนวัยเรียน
D025,T1,2567-ศษ-926,สถานะ,ข้อความ,ดำเนินการแล้วเสร็จ
D025,T1,2567-ศษ-926,หมายเหตุ,ข้อความ,
D025,T1,2567-กษ-567,รหัสกิจกรรม,ข้อความ,2567-กษ-567
D025,T1,2567-กษ-567,ชื่อกิจกรรม,ข้อความ,โครงการตรวจเยี่ยมเศรษฐกิจฐานราก
D025,T1,2567-กษ-567,หน่วยงานรับผิดชอบ,ข้อความ,กศน.อำเภอเมือง
D025,T1,2567-กษ-567,งบจัดสรร,เงินบาท,534000
D025,T1,2567-กษ-567,เบิกจ่าย,เงินบาท,299000
D025,T1,2567-กษ-567,จำนวนผู้เข้าร่วม,จำนวนนับ,
D025,T1,2567-กษ-567,กลุ่มเป้าหมาย,รายการ,ผู้นำชุมชนและปราชญ์ชาวบ้าน
D025,T1,2567-กษ-567,สถานะ,ข้อความ,ดำเนินการแล้วเสร็จ
D025,T1,2567-กษ-567,หมายเหตุ,ข้อความ,
D025,T1,2567-กษ-989,รหัสกิจกรรม,ข้อความ,2567-กษ-989
D025,T1,2567-กษ-989,ชื่อกิจกรรม,ข้อความ,กิจกรรมจัดเก็บข้อมูลกลุ่มวิสาหกิจชุมชน
D025,T1,2567-กษ-989,หน่วยงานรับผิดชอบ,ข้อความ,ศูนย์การศึกษานอกระบบและการศึกษาตามอัธยาศัยอำเภอเมือง
D025,T1,2567-กษ-989,งบจัดสรร,เงินบาท,558000
D025,T1,2567-กษ-989,เบิกจ่าย,เงินบาท,544500
D025,T1,2567-กษ-989,จำนวนผู้เข้าร่วม,จำนวนนับ,99
D025,T1,2567-กษ-989,กลุ่มเป้าหมาย,รายการ,ผู้นำศาสนา
D025,T1,2567-กษ-989,สถานะ,ข้อความ,ดำเนินการแล้วเสร็จ
D025,T1,2567-กษ-989,หมายเหตุ,ข้อความ,
D025,T1,2567-สธ-112,รหัสกิจกรรม,ข้อความ,2567-สธ-112
D025,T1,2567-สธ-112,ชื่อกิจกรรม,ข้อความ,โครงการจัดทำแผนคุณภาพชีวิตผู้สูงอายุ
D025,T1,2567-สธ-112,หน่วยงานรับผิดชอบ,ข้อความ,ศูนย์การศึกษานอกระบบและการศึกษาตามอัธยาศัยอำเภอเมือง
D025,T1,2567-สธ-112,งบจัดสรร,เงินบาท,484500
D025,T1,2567-สธ-112,เบิกจ่าย,เงินบาท,407000
D025,T1,2567-สธ-112,จำนวนผู้เข้าร่วม,จำนวนนับ,182
D025,T1,2567-สธ-112,กลุ่มเป้าหมาย,รายการ,กลุ่มเปราะบางและผู้ด้อยโอกาส
D025,T1,2567-สธ-112,สถานะ,ข้อความ,ดำเนินการแล้วเสร็จ
D025,T1,2567-สธ-112,หมายเหตุ,ข้อความ,
D026,T1,2568-ทถ-932,รหัสกิจกรรม,ข้อความ,2568-ทถ-932
D026,T1,2568-ทถ-932,ชื่อกิจกรรม,ข้อความ,กิจกรรมสำรวจข้อมูลการป้องกันโรคไข้เลือดออก
D026,T1,2568-ทถ-932,หน่วยงานรับผิดชอบ,ข้อความ,องค์การบริหารส่วนตำบลหนองปลาไหล
D026,T1,2568-ทถ-932,งบจัดสรร,เงินบาท,790000
D026,T1,2568-ทถ-932,เบิกจ่าย,เงินบาท,559000
D026,T1,2568-ทถ-932,จำนวนผู้เข้าร่วม,จำนวนนับ,
D026,T1,2568-ทถ-932,กลุ่มเป้าหมาย,รายการ,ผู้ปกครองเด็กก่อนวัยเรียน
D026,T1,2568-ทถ-932,สถานะ,ข้อความ,ดำเนินการแล้วเสร็จ
D026,T1,2568-ทถ-932,หมายเหตุ,ข้อความ,
D026,T1,2568-สค-119,รหัสกิจกรรม,ข้อความ,2568-สค-119
D026,T1,2568-สค-119,ชื่อกิจกรรม,ข้อความ,โครงการจัดทำแผนกลุ่มวิสาหกิจชุมชน
D026,T1,2568-สค-119,หน่วยงานรับผิดชอบ,ข้อความ,องค์การบริหารส่วนตำบลหนองปลาไหล
D026,T1,2568-สค-119,งบจัดสรร,เงินบาท,109000
D026,T1,2568-สค-119,เบิกจ่าย,เงินบาท,97500
D026,T1,2568-สค-119,จำนวนผู้เข้าร่วม,จำนวนนับ,99
D026,T1,2568-สค-119,กลุ่มเป้าหมาย,รายการ,แกนนำสุขภาพประจำครอบครัว
D026,T1,2568-สค-119,สถานะ,ข้อความ,ดำเนินการแล้วเสร็จ
D026,T1,2568-สค-119,หมายเหตุ,ข้อความ,
D026,T1,2568-ทถ-406,รหัสกิจกรรม,ข้อความ,2568-ทถ-406
D026,T1,2568-ทถ-406,ชื่อกิจกรรม,ข้อความ,กิจกรรมบำรุงรักษาการจัดการน้ำเสียชุมชน
D026,T1,2568-ทถ-406,หน่วยงานรับผิดชอบ,ข้อความ,องค์การบริหารส่วนตำบลหนองปลาไหล
D026,T1,2568-ทถ-406,งบจัดสรร,เงินบาท,585000
D026,T1,2568-ทถ-406,เบิกจ่าย,เงินบาท,462500
D026,T1,2568-ทถ-406,จำนวนผู้เข้าร่วม,จำนวนนับ,
D026,T1,2568-ทถ-406,กลุ่มเป้าหมาย,รายการ,ประชาชนทั่วไป
D026,T1,2568-ทถ-406,สถานะ,ข้อความ,ดำเนินการแล้วเสร็จ
D026,T1,2568-ทถ-406,หมายเหตุ,ข้อความ,
D026,T1,2568-พช-601,รหัสกิจกรรม,ข้อความ,2568-พช-601
D026,T1,2568-พช-601,ชื่อกิจกรรม,ข้อความ,โครงการอบรมเชิงปฏิบัติการเศรษฐกิจฐานราก
D026,T1,2568-พช-601,หน่วยงานรับผิดชอบ,ข้อความ,อบต.หนองปลาไหล
D026,T1,2568-พช-601,งบจัดสรร,เงินบาท,713000
D026,T1,2568-พช-601,เบิกจ่าย,เงินบาท,526500
D026,T1,2568-พช-601,จำนวนผู้เข้าร่วม,จำนวนนับ,187
D026,T1,2568-พช-601,กลุ่มเป้าหมาย,รายการ,แรงงานนอกระบบ
D026,T1,2568-พช-601,สถานะ,ข้อความ,ดำเนินการแล้วเสร็จ
D026,T1,2568-พช-601,หมายเหตุ,ข้อความ,
D026,T1,2568-ทถ-422,รหัสกิจกรรม,ข้อความ,2568-ทถ-422
D026,T1,2568-ทถ-422,ชื่อกิจกรรม,ข้อความ,กิจกรรมจัดทำแผนการท่องเที่ยวโดยชุมชน
D026,T1,2568-ทถ-422,หน่วยงานรับผิดชอบ,ข้อความ,องค์การบริหารส่วนตำบลหนองปลาไหล
D026,T1,2568-ทถ-422,งบจัดสรร,เงินบาท,416000
D026,T1,2568-ทถ-422,เบิกจ่าย,เงินบาท,389500
D026,T1,2568-ทถ-422,จำนวนผู้เข้าร่วม,จำนวนนับ,223
D026,T1,2568-ทถ-422,กลุ่มเป้าหมาย,รายการ,เกษตรกรและผู้ประกอบการรายย่อย
D026,T1,2568-ทถ-422,สถานะ,ข้อความ,ดำเนินการแล้วเสร็จ
D026,T1,2568-ทถ-422,หมายเหตุ,ข้อความ,
D026,T1,2568-สธ-343,รหัสกิจกรรม,ข้อความ,2568-สธ-343
D026,T1,2568-สธ-343,ชื่อกิจกรรม,ข้อความ,โครงการบำรุงรักษาคุณภาพชีวิตผู้สูงอายุ
D026,T1,2568-สธ-343,หน่วยงานรับผิดชอบ,ข้อความ,อบต.หนองปลาไหล
D026,T1,2568-สธ-343,งบจัดสรร,เงินบาท,50500
D026,T1,2568-สธ-343,เบิกจ่าย,เงินบาท,45500
D026,T1,2568-สธ-343,จำนวนผู้เข้าร่วม,จำนวนนับ,
D026,T1,2568-สธ-343,กลุ่มเป้าหมาย,รายการ,ผู้ประสบภัยพิบัติ
D026,T1,2568-สธ-343,สถานะ,ข้อความ,ดำเนินการแล้วเสร็จ
D026,T1,2568-สธ-343,หมายเหตุ,ข้อความ,
D027,T1,2567-พช-735,รหัสกิจกรรม,ข้อความ,2567-พช-735
D027,T1,2567-พช-735,ชื่อกิจกรรม,ข้อความ,กิจกรรมประชาสัมพันธ์การท่องเที่ยวโดยชุมชน
D027,T1,2567-พช-735,หน่วยงานรับผิดชอบ,ข้อความ,โรงพยาบาลส่งเสริมสุขภาพตำบลคลองสี่
D027,T1,2567-พช-735,งบจัดสรร,เงินบาท,129500
D027,T1,2567-พช-735,เบิกจ่าย,เงินบาท,110500
D027,T1,2567-พช-735,จำนวนผู้เข้าร่วม,จำนวนนับ,
D027,T1,2567-พช-735,กลุ่มเป้าหมาย,รายการ,ครัวเรือนยากจน
D027,T1,2567-พช-735,สถานะ,ข้อความ,ดำเนินการแล้วเสร็จ
D027,T1,2567-พช-735,หมายเหตุ,ข้อความ,
D027,T1,2567-ศษ-524,รหัสกิจกรรม,ข้อความ,2567-ศษ-524
D027,T1,2567-ศษ-524,ชื่อกิจกรรม,ข้อความ,กิจกรรมประชาสัมพันธ์เศรษฐกิจฐานราก
D027,T1,2567-ศษ-524,หน่วยงานรับผิดชอบ,ข้อความ,โรงพยาบาลส่งเสริมสุขภาพตำบลคลองสี่
D027,T1,2567-ศษ-524,งบจัดสรร,เงินบาท,705500
D027,T1,2567-ศษ-524,เบิกจ่าย,เงินบาท,504500
D027,T1,2567-ศษ-524,จำนวนผู้เข้าร่วม,จำนวนนับ,
D027,T1,2567-ศษ-524,กลุ่มเป้าหมาย,รายการ,ผู้ค้าในตลาดสด
D027,T1,2567-ศษ-524,สถานะ,ข้อความ,ดำเนินการแล้วเสร็จ
D027,T1,2567-ศษ-524,หมายเหตุ,ข้อความ,
D027,T1,2567-กษ-111,รหัสกิจกรรม,ข้อความ,2567-กษ-111
D027,T1,2567-กษ-111,ชื่อกิจกรรม,ข้อความ,โครงการจัดเก็บข้อมูลการเกษตรปลอดภัย
D027,T1,2567-กษ-111,หน่วยงานรับผิดชอบ,ข้อความ,โรงพยาบาลส่งเสริมสุขภาพตำบลคลองสี่
D027,T1,2567-กษ-111,งบจัดสรร,เงินบาท,757500
D027,T1,2567-กษ-111,เบิกจ่าย,เงินบาท,635000
D027,T1,2567-กษ-111,จำนวนผู้เข้าร่วม,จำนวนนับ,99
D027,T1,2567-กษ-111,กลุ่มเป้าหมาย,รายการ,แกนนำสุขภาพประจำครอบครัว
D027,T1,2567-กษ-111,สถานะ,ข้อความ,ดำเนินการแล้วเสร็จ
D027,T1,2567-กษ-111,หมายเหตุ,ข้อความ,
D027,T1,2567-กษ-036,รหัสกิจกรรม,ข้อความ,2567-กษ-036
D027,T1,2567-กษ-036,ชื่อกิจกรรม,ข้อความ,โครงการสำรวจข้อมูลการเกษตรปลอดภัย
D027,T1,2567-กษ-036,หน่วยงานรับผิดชอบ,ข้อความ,รพ.สต.คลองสี่
D027,T1,2567-กษ-036,งบจัดสรร,เงินบาท,407500
D027,T1,2567-กษ-036,เบิกจ่าย,เงินบาท,315500
D027,T1,2567-กษ-036,จำนวนผู้เข้าร่วม,จำนวนนับ,193
D027,T1,2567-กษ-036,กลุ่มเป้าหมาย,รายการ,ผู้ปกครองเด็กก่อนวัยเรียน
D027,T1,2567-กษ-036,สถานะ,ข้อความ,ดำเนินการแล้วเสร็จ
D027,T1,2567-กษ-036,หมายเหตุ,ข้อความ,
D027,T1,2567-พช-503,รหัสกิจกรรม,ข้อความ,2567-พช-503
D027,T1,2567-พช-503,ชื่อกิจกรรม,ข้อความ,กิจกรรมสำรวจข้อมูลเศรษฐกิจฐานราก
D027,T1,2567-พช-503,หน่วยงานรับผิดชอบ,ข้อความ,โรงพยาบาลส่งเสริมสุขภาพตำบลคลองสี่
D027,T1,2567-พช-503,งบจัดสรร,เงินบาท,563000
D027,T1,2567-พช-503,เบิกจ่าย,เงินบาท,434500
D027,T1,2567-พช-503,จำนวนผู้เข้าร่วม,จำนวนนับ,
D027,T1,2567-พช-503,กลุ่มเป้าหมาย,รายการ,เด็กและเยาวชน
D027,T1,2567-พช-503,สถานะ,ข้อความ,ดำเนินการแล้วเสร็จ
D027,T1,2567-พช-503,หมายเหตุ,ข้อความ,
D027,T1,2567-พช-695,รหัสกิจกรรม,ข้อความ,2567-พช-695
D027,T1,2567-พช-695,ชื่อกิจกรรม,ข้อความ,กิจกรรมจัดประชุมแผนพัฒนาท้องถิ่นห้าปี
D027,T1,2567-พช-695,หน่วยงานรับผิดชอบ,ข้อความ,โรงพยาบาลส่งเสริมสุขภาพตำบลคลองสี่
D027,T1,2567-พช-695,งบจัดสรร,เงินบาท,178000
D027,T1,2567-พช-695,เบิกจ่าย,เงินบาท,113000
D027,T1,2567-พช-695,จำนวนผู้เข้าร่วม,จำนวนนับ,
D027,T1,2567-พช-695,กลุ่มเป้าหมาย,รายการ,ประชาชนทั่วไป
D027,T1,2567-พช-695,สถานะ,ข้อความ,ดำเนินการแล้วเสร็จ
D027,T1,2567-พช-695,หมายเหตุ,ข้อความ,
D027,T1,2567-กษ-789,รหัสกิจกรรม,ข้อความ,2567-กษ-789
D027,T1,2567-กษ-789,ชื่อกิจกรรม,ข้อความ,กิจกรรมจัดเก็บข้อมูลการจัดการน้ำเสียชุมชน
D027,T1,2567-กษ-789,หน่วยงานรับผิดชอบ,ข้อความ,รพ.สต.คลองสี่
D027,T1,2567-กษ-789,งบจัดสรร,เงินบาท,284500
D027,T1,2567-กษ-789,เบิกจ่าย,เงินบาท,176500
D027,T1,2567-กษ-789,จำนวนผู้เข้าร่วม,จำนวนนับ,221
D027,T1,2567-กษ-789,กลุ่มเป้าหมาย,รายการ,แรงงานนอกระบบ
D027,T1,2567-กษ-789,สถานะ,ข้อความ,ดำเนินการแล้วเสร็จ
D027,T1,2567-กษ-789,หมายเหตุ,ข้อความ,
D028,T1,2567-ศษ-757,รหัสกิจกรรม,ข้อความ,2567-ศษ-757
D028,T1,2567-ศษ-757,ชื่อกิจกรรม,ข้อความ,โครงการสำรวจข้อมูลแผนพัฒนาท้องถิ่นห้าปี
D028,T1,2567-ศษ-757,หน่วยงานรับผิดชอบ,ข้อความ,ทม.ลำพูน
D028,T1,2567-ศษ-757,งบจัดสรร,เงินบาท,372000
D028,T1,2567-ศษ-757,เบิกจ่าย,เงินบาท,294500
D028,T1,2567-ศษ-757,จำนวนผู้เข้าร่วม,จำนวนนับ,99
D028,T1,2567-ศษ-757,กลุ่มเป้าหมาย,รายการ,อาสาสมัครป้องกันภัยฝ่ายพลเรือน
D028,T1,2567-ศษ-757,สถานะ,ข้อความ,ดำเนินการแล้วเสร็จ
D028,T1,2567-ศษ-757,หมายเหตุ,ข้อความ,
D028,T1,2567-สธ-049,รหัสกิจกรรม,ข้อความ,2567-สธ-049
D028,T1,2567-สธ-049,ชื่อกิจกรรม,ข้อความ,โครงการบำรุงรักษาการบริหารจัดการขยะมูลฝอย
D028,T1,2567-สธ-049,หน่วยงานรับผิดชอบ,ข้อความ,เทศบาลเมืองลำพูน
D028,T1,2567-สธ-049,งบจัดสรร,เงินบาท,634000
D028,T1,2567-สธ-049,เบิกจ่าย,เงินบาท,411500
D028,T1,2567-สธ-049,จำนวนผู้เข้าร่วม,จำนวนนับ,209
D028,T1,2567-สธ-049,กลุ่มเป้าหมาย,รายการ,เกษตรกรผู้เลี้ยงโคเนื้อ
D028,T1,2567-สธ-049,สถานะ,ข้อความ,ดำเนินการแล้วเสร็จ
D028,T1,2567-สธ-049,หมายเหตุ,ข้อความ,
D028,T1,2567-ทถ-331,รหัสกิจกรรม,ข้อความ,2567-ทถ-331
D028,T1,2567-ทถ-331,ชื่อกิจกรรม,ข้อความ,โครงการอบรมเชิงปฏิบัติการการบริหารจัดการขยะมูลฝอย
D028,T1,2567-ทถ-331,หน่วยงานรับผิดชอบ,ข้อความ,เทศบาลเมืองลำพูน
D028,T1,2567-ทถ-331,งบจัดสรร,เงินบาท,593500
D028,T1,2567-ทถ-331,เบิกจ่าย,เงินบาท,455000
D028,T1,2567-ทถ-331,จำนวนผู้เข้าร่วม,จำนวนนับ,
D028,T1,2567-ทถ-331,กลุ่มเป้าหมาย,รายการ,ผู้ต้องขัง
D028,T1,2567-ทถ-331,สถานะ,ข้อความ,ดำเนินการแล้วเสร็จ
D028,T1,2567-ทถ-331,หมายเหตุ,ข้อความ,
D028,T1,2567-ทถ-119,รหัสกิจกรรม,ข้อความ,2567-ทถ-119
D028,T1,2567-ทถ-119,ชื่อกิจกรรม,ข้อความ,โครงการสำรวจข้อมูลกองทุนสวัสดิการชุมชน
D028,T1,2567-ทถ-119,หน่วยงานรับผิดชอบ,ข้อความ,ทม.ลำพูน
D028,T1,2567-ทถ-119,งบจัดสรร,เงินบาท,208500
D028,T1,2567-ทถ-119,เบิกจ่าย,เงินบาท,139500
D028,T1,2567-ทถ-119,จำนวนผู้เข้าร่วม,จำนวนนับ,
D028,T1,2567-ทถ-119,กลุ่มเป้าหมาย,รายการ,ผู้นำชุมชนและปราชญ์ชาวบ้าน
D028,T1,2567-ทถ-119,สถานะ,ข้อความ,ดำเนินการแล้วเสร็จ
D028,T1,2567-ทถ-119,หมายเหตุ,ข้อความ,
D028,T1,2567-กษ-340,รหัสกิจกรรม,ข้อความ,2567-กษ-340
D028,T1,2567-กษ-340,ชื่อกิจกรรม,ข้อความ,กิจกรรมอบรมเชิงปฏิบัติการการจัดการน้ำเสียชุมชน
D028,T1,2567-กษ-340,หน่วยงานรับผิดชอบ,ข้อความ,เทศบาลเมืองลำพูน
D028,T1,2567-กษ-340,งบจัดสรร,เงินบาท,390500
D028,T1,2567-กษ-340,เบิกจ่าย,เงินบาท,253500
D028,T1,2567-กษ-340,จำนวนผู้เข้าร่วม,จำนวนนับ,
D028,T1,2567-กษ-340,กลุ่มเป้าหมาย,รายการ,ข้าราชการและเจ้าหน้าที่ของรัฐ
D028,T1,2567-กษ-340,สถานะ,ข้อความ,ดำเนินการแล้วเสร็จ
D028,T1,2567-กษ-340,หมายเหตุ,ข้อความ,
D028,T1,2567-ทถ-178,รหัสกิจกรรม,ข้อความ,2567-ทถ-178
D028,T1,2567-ทถ-178,ชื่อกิจกรรม,ข้อความ,โครงการตรวจเยี่ยมการเกษตรปลอดภัย
D028,T1,2567-ทถ-178,หน่วยงานรับผิดชอบ,ข้อความ,เทศบาลเมืองลำพูน
D028,T1,2567-ทถ-178,งบจัดสรร,เงินบาท,845000
D028,T1,2567-ทถ-178,เบิกจ่าย,เงินบาท,758500
D028,T1,2567-ทถ-178,จำนวนผู้เข้าร่วม,จำนวนนับ,177
D028,T1,2567-ทถ-178,กลุ่มเป้าหมาย,รายการ,ผู้สูงอายุ
D028,T1,2567-ทถ-178,สถานะ,ข้อความ,ดำเนินการแล้วเสร็จ
D028,T1,2567-ทถ-178,หมายเหตุ,ข้อความ,
D029,T1,2567-ทถ-387,รหัสกิจกรรม,ข้อความ,2567-ทถ-387
D029,T1,2567-ทถ-387,ชื่อกิจกรรม,ข้อความ,โครงการตรวจเยี่ยมกลุ่มวิสาหกิจชุมชน
D029,T1,2567-ทถ-387,หน่วยงานรับผิดชอบ,ข้อความ,อบจ.พะเยา
D029,T1,2567-ทถ-387,งบจัดสรร,เงินบาท,670000
D029,T1,2567-ทถ-387,เบิกจ่าย,เงินบาท,485000
D029,T1,2567-ทถ-387,จำนวนผู้เข้าร่วม,จำนวนนับ,99
D029,T1,2567-ทถ-387,กลุ่มเป้าหมาย,รายการ,เกษตรกรผู้เลี้ยงโคเนื้อ
D029,T1,2567-ทถ-387,สถานะ,ข้อความ,ดำเนินการแล้วเสร็จ
D029,T1,2567-ทถ-387,หมายเหตุ,ข้อความ,
D029,T1,2567-กษ-418,รหัสกิจกรรม,ข้อความ,2567-กษ-418
D029,T1,2567-กษ-418,ชื่อกิจกรรม,ข้อความ,โครงการสำรวจข้อมูลการป้องกันโรคไข้เลือดออก
D029,T1,2567-กษ-418,หน่วยงานรับผิดชอบ,ข้อความ,อบจ.พะเยา
D029,T1,2567-กษ-418,งบจัดสรร,เงินบาท,470000
D029,T1,2567-กษ-418,เบิกจ่าย,เงินบาท,273500
D029,T1,2567-กษ-418,จำนวนผู้เข้าร่วม,จำนวนนับ,
D029,T1,2567-กษ-418,กลุ่มเป้าหมาย,รายการ,แรงงานนอกระบบ
D029,T1,2567-กษ-418,สถานะ,ข้อความ,ดำเนินการแล้วเสร็จ
D029,T1,2567-กษ-418,หมายเหตุ,ข้อความ,
D029,T1,2567-สค-533,รหัสกิจกรรม,ข้อความ,2567-สค-533
D029,T1,2567-สค-533,ชื่อกิจกรรม,ข้อความ,โครงการจัดทำแผนครัวเรือนยากจนเป้าหมาย
D029,T1,2567-สค-533,หน่วยงานรับผิดชอบ,ข้อความ,อบจ.พะเยา
D029,T1,2567-สค-533,งบจัดสรร,เงินบาท,367500
D029,T1,2567-สค-533,เบิกจ่าย,เงินบาท,336500
D029,T1,2567-สค-533,จำนวนผู้เข้าร่วม,จำนวนนับ,
D029,T1,2567-สค-533,กลุ่มเป้าหมาย,รายการ,เด็กและเยาวชน
D029,T1,2567-สค-533,สถานะ,ข้อความ,ดำเนินการแล้วเสร็จ
D029,T1,2567-สค-533,หมายเหตุ,ข้อความ,
D029,T1,2567-ทถ-041,รหัสกิจกรรม,ข้อความ,2567-ทถ-041
D029,T1,2567-ทถ-041,ชื่อกิจกรรม,ข้อความ,กิจกรรมประชาสัมพันธ์การจัดการน้ำเสียชุมชน
D029,T1,2567-ทถ-041,หน่วยงานรับผิดชอบ,ข้อความ,อบจ.พะเยา
D029,T1,2567-ทถ-041,งบจัดสรร,เงินบาท,785500
D029,T1,2567-ทถ-041,เบิกจ่าย,เงินบาท,564500
D029,T1,2567-ทถ-041,จำนวนผู้เข้าร่วม,จำนวนนับ,
D029,T1,2567-ทถ-041,กลุ่มเป้าหมาย,รายการ,กลุ่มวิสาหกิจชุมชน
D029,T1,2567-ทถ-041,สถานะ,ข้อความ,ดำเนินการแล้วเสร็จ
D029,T1,2567-ทถ-041,หมายเหตุ,ข้อความ,
D029,T1,2567-ศษ-475,รหัสกิจกรรม,ข้อความ,2567-ศษ-475
D029,T1,2567-ศษ-475,ชื่อกิจกรรม,ข้อความ,กิจกรรมตรวจเยี่ยมการท่องเที่ยวโดยชุมชน
D029,T1,2567-ศษ-475,หน่วยงานรับผิดชอบ,ข้อความ,องค์การบริหารส่วนจังหวัดพะเยา
D029,T1,2567-ศษ-475,งบจัดสรร,เงินบาท,384000
D029,T1,2567-ศษ-475,เบิกจ่าย,เงินบาท,263000
D029,T1,2567-ศษ-475,จำนวนผู้เข้าร่วม,จำนวนนับ,206
D029,T1,2567-ศษ-475,กลุ่มเป้าหมาย,รายการ,นักเรียนและนักศึกษา
D029,T1,2567-ศษ-475,สถานะ,ข้อความ,ดำเนินการแล้วเสร็จ
D029,T1,2567-ศษ-475,หมายเหตุ,ข้อความ,
D029,T1,2567-กษ-492,รหัสกิจกรรม,ข้อความ,2567-กษ-492
D029,T1,2567-กษ-492,ชื่อกิจกรรม,ข้อความ,โครงการจัดทำแผนครัวเรือนยากจนเป้าหมาย
D029,T1,2567-กษ-492,หน่วยงานรับผิดชอบ,ข้อความ,องค์การบริหารส่วนจังหวัดพะเยา
D029,T1,2567-กษ-492,งบจัดสรร,เงินบาท,79000
D029,T1,2567-กษ-492,เบิกจ่าย,เงินบาท,72000
D029,T1,2567-กษ-492,จำนวนผู้เข้าร่วม,จำนวนนับ,168
D029,T1,2567-กษ-492,กลุ่มเป้าหมาย,รายการ,ผู้นำศาสนา
D029,T1,2567-กษ-492,สถานะ,ข้อความ,ดำเนินการแล้วเสร็จ
D029,T1,2567-กษ-492,หมายเหตุ,ข้อความ,
D029,T1,2567-ทถ-896,รหัสกิจกรรม,ข้อความ,2567-ทถ-896
D029,T1,2567-ทถ-896,ชื่อกิจกรรม,ข้อความ,โครงการอบรมเชิงปฏิบัติการแผนพัฒนาท้องถิ่นห้าปี
D029,T1,2567-ทถ-896,หน่วยงานรับผิดชอบ,ข้อความ,องค์การบริหารส่วนจังหวัดพะเยา
D029,T1,2567-ทถ-896,งบจัดสรร,เงินบาท,408000
D029,T1,2567-ทถ-896,เบิกจ่าย,เงินบาท,321000
D029,T1,2567-ทถ-896,จำนวนผู้เข้าร่วม,จำนวนนับ,
D029,T1,2567-ทถ-896,กลุ่มเป้าหมาย,รายการ,ผู้ดูแลศูนย์พัฒนาเด็กเล็ก
D029,T1,2567-ทถ-896,สถานะ,ข้อความ,ดำเนินการแล้วเสร็จ
D029,T1,2567-ทถ-896,หมายเหตุ,ข้อความ,
D030,T1,2567-สค-012,รหัสกิจกรรม,ข้อความ,2567-สค-012
D030,T1,2567-สค-012,ชื่อกิจกรรม,ข้อความ,กิจกรรมอบรมเชิงปฏิบัติการกองทุนสวัสดิการชุมชน
D030,T1,2567-สค-012,หน่วยงานรับผิดชอบ,ข้อความ,ทม.ลำพูน
D030,T1,2567-สค-012,งบจัดสรร,เงินบาท,761000
D030,T1,2567-สค-012,เบิกจ่าย,เงินบาท,636000
D030,T1,2567-สค-012,จำนวนผู้เข้าร่วม,จำนวนนับ,
D030,T1,2567-สค-012,กลุ่มเป้าหมาย,รายการ,กลุ่มเปราะบางและผู้ด้อยโอกาส
D030,T1,2567-สค-012,สถานะ,ข้อความ,ดำเนินการแล้วเสร็จ
D030,T1,2567-สค-012,หมายเหตุ,ข้อความ,
D030,T1,2567-ทถ-175,รหัสกิจกรรม,ข้อความ,2567-ทถ-175
D030,T1,2567-ทถ-175,ชื่อกิจกรรม,ข้อความ,โครงการบำรุงรักษาการเกษตรปลอดภัย
D030,T1,2567-ทถ-175,หน่วยงานรับผิดชอบ,ข้อความ,ทม.ลำพูน
D030,T1,2567-ทถ-175,งบจัดสรร,เงินบาท,141500
D030,T1,2567-ทถ-175,เบิกจ่าย,เงินบาท,110000
D030,T1,2567-ทถ-175,จำนวนผู้เข้าร่วม,จำนวนนับ,99
D030,T1,2567-ทถ-175,กลุ่มเป้าหมาย,รายการ,ผู้พิการและผู้ดูแล
D030,T1,2567-ทถ-175,สถานะ,ข้อความ,ดำเนินการแล้วเสร็จ
D030,T1,2567-ทถ-175,หมายเหตุ,ข้อความ,
D030,T1,2567-ศษ-984,รหัสกิจกรรม,ข้อความ,2567-ศษ-984
D030,T1,2567-ศษ-984,ชื่อกิจกรรม,ข้อความ,กิจกรรมประชาสัมพันธ์การบริหารจัดการขยะมูลฝอย
D030,T1,2567-ศษ-984,หน่วยงานรับผิดชอบ,ข้อความ,เทศบาลเมืองลำพูน
D030,T1,2567-ศษ-984,งบจัดสรร,เงินบาท,154500
D030,T1,2567-ศษ-984,เบิกจ่าย,เงินบาท,105500
D030,T1,2567-ศษ-984,จำนวนผู้เข้าร่วม,จำนวนนับ,
D030,T1,2567-ศษ-984,กลุ่มเป้าหมาย,รายการ,ผู้ปกครองเด็กก่อนวัยเรียน
D030,T1,2567-ศษ-984,สถานะ,ข้อความ,ดำเนินการแล้วเสร็จ
D030,T1,2567-ศษ-984,หมายเหตุ,ข้อความ,
D030,T1,2567-สค-817,รหัสกิจกรรม,ข้อความ,2567-สค-817
D030,T1,2567-สค-817,ชื่อกิจกรรม,ข้อความ,โครงการจัดทำแผนเศรษฐกิจฐานราก
D030,T1,2567-สค-817,หน่วยงานรับผิดชอบ,ข้อความ,เทศบาลเมืองลำพูน
D030,T1,2567-สค-817,งบจัดสรร,เงินบาท,155500
D030,T1,2567-สค-817,เบิกจ่าย,เงินบาท,90500
D030,T1,2567-สค-817,จำนวนผู้เข้าร่วม,จำนวนนับ,226
D030,T1,2567-สค-817,กลุ่มเป้าหมาย,รายการ,ผู้ต้องขัง
D030,T1,2567-สค-817,สถานะ,ข้อความ,ดำเนินการแล้วเสร็จ
D030,T1,2567-สค-817,หมายเหตุ,ข้อความ,
D030,T1,2567-พช-669,รหัสกิจกรรม,ข้อความ,2567-พช-669
D030,T1,2567-พช-669,ชื่อกิจกรรม,ข้อความ,โครงการจัดประชุมการท่องเที่ยวโดยชุมชน
D030,T1,2567-พช-669,หน่วยงานรับผิดชอบ,ข้อความ,ทม.ลำพูน
D030,T1,2567-พช-669,งบจัดสรร,เงินบาท,609000
D030,T1,2567-พช-669,เบิกจ่าย,เงินบาท,395000
D030,T1,2567-พช-669,จำนวนผู้เข้าร่วม,จำนวนนับ,121
D030,T1,2567-พช-669,กลุ่มเป้าหมาย,รายการ,ผู้ประกันตนตามมาตรา 40
D030,T1,2567-พช-669,สถานะ,ข้อความ,ดำเนินการแล้วเสร็จ
D030,T1,2567-พช-669,หมายเหตุ,ข้อความ,
D030,T1,2567-ศษ-308,รหัสกิจกรรม,ข้อความ,2567-ศษ-308
D030,T1,2567-ศษ-308,ชื่อกิจกรรม,ข้อความ,กิจกรรมจัดประชุมการจัดการน้ำเสียชุมชน
D030,T1,2567-ศษ-308,หน่วยงานรับผิดชอบ,ข้อความ,เทศบาลเมืองลำพูน
D030,T1,2567-ศษ-308,งบจัดสรร,เงินบาท,718000
D030,T1,2567-ศษ-308,เบิกจ่าย,เงินบาท,666500
D030,T1,2567-ศษ-308,จำนวนผู้เข้าร่วม,จำนวนนับ,
D030,T1,2567-ศษ-308,กลุ่มเป้าหมาย,รายการ,อาสาสมัครป้องกันภัยฝ่ายพลเรือน
D030,T1,2567-ศษ-308,สถานะ,ข้อความ,ดำเนินการแล้วเสร็จ
D030,T1,2567-ศษ-308,หมายเหตุ,ข้อความ,
D031,T1,2567-สธ-927,รหัสกิจกรรม,ข้อความ,2567-สธ-927
D031,T1,2567-สธ-927,ชื่อกิจกรรม,ข้อความ,โครงการจัดทำแผนอาสาสมัครสาธารณสุขประจำหมู่บ้าน
D031,T1,2567-สธ-927,หน่วยงานรับผิดชอบ,ข้อความ,สนง.ประมงจังหวัดระนอง
D031,T1,2567-สธ-927,งบจัดสรร,เงินบาท,744500
D031,T1,2567-สธ-927,เบิกจ่าย,เงินบาท,668000
D031,T1,2567-สธ-927,จำนวนผู้เข้าร่วม,จำนวนนับ,182
D031,T1,2567-สธ-927,กลุ่มเป้าหมาย,รายการ,ผู้นำศาสนา
D031,T1,2567-สธ-927,สถานะ,ข้อความ,ดำเนินการแล้วเสร็จ
D031,T1,2567-สธ-927,หมายเหตุ,ข้อความ,
D031,T1,2567-ศษ-218,รหัสกิจกรรม,ข้อความ,2567-ศษ-218
D031,T1,2567-ศษ-218,ชื่อกิจกรรม,ข้อความ,โครงการประชาสัมพันธ์กลุ่มวิสาหกิจชุมชน
D031,T1,2567-ศษ-218,หน่วยงานรับผิดชอบ,ข้อความ,สำนักงานประมงจังหวัดระนอง
D031,T1,2567-ศษ-218,งบจัดสรร,เงินบาท,495000
D031,T1,2567-ศษ-218,เบิกจ่าย,เงินบาท,303500
D031,T1,2567-ศษ-218,จำนวนผู้เข้าร่วม,จำนวนนับ,113
D031,T1,2567-ศษ-218,กลุ่มเป้าหมาย,รายการ,เกษตรกรผู้เลี้ยงโคเนื้อ
D031,T1,2567-ศษ-218,สถานะ,ข้อความ,ดำเนินการแล้วเสร็จ
D031,T1,2567-ศษ-218,หมายเหตุ,ข้อความ,
D031,T1,2567-ศษ-327,รหัสกิจกรรม,ข้อความ,2567-ศษ-327
D031,T1,2567-ศษ-327,ชื่อกิจกรรม,ข้อความ,กิจกรรมจัดทำแผนกลุ่มวิสาหกิจชุมชน
D031,T1,2567-ศษ-327,หน่วยงานรับผิดชอบ,ข้อความ,สำนักงานประมงจังหวัดระนอง
D031,T1,2567-ศษ-327,งบจัดสรร,เงินบาท,802000
D031,T1,2567-ศษ-327,เบิกจ่าย,เงินบาท,582500
D031,T1,2567-ศษ-327,จำนวนผู้เข้าร่วม,จำนวนนับ,158
D031,T1,2567-ศษ-327,กลุ่มเป้าหมาย,รายการ,ผู้นำศาสนา
D031,T1,2567-ศษ-327,สถานะ,ข้อความ,ดำเนินการแล้วเสร็จ
D031,T1,2567-ศษ-327,หมายเหตุ,ข้อความ,
D031,T1,2567-ทถ-548,รหัสกิจกรรม,ข้อความ,2567-ทถ-548
D031,T1,2567-ทถ-548,ชื่อกิจกรรม,ข้อความ,โครงการสำรวจข้อมูลอาสาสมัครสาธารณสุขประจำหมู่บ้าน
D031,T1,2567-ทถ-548,หน่วยงานรับผิดชอบ,ข้อความ,สำนักงานประมงจังหวัดระนอง
D031,T1,2567-ทถ-548,งบจัดสรร,เงินบาท,657500
D031,T1,2567-ทถ-548,เบิกจ่าย,เงินบาท,452000
D031,T1,2567-ทถ-548,จำนวนผู้เข้าร่วม,จำนวนนับ,53
D031,T1,2567-ทถ-548,กลุ่มเป้าหมาย,รายการ,นักเรียนและนักศึกษา
D031,T1,2567-ทถ-548,สถานะ,ข้อความ,ดำเนินการแล้วเสร็จ
D031,T1,2567-ทถ-548,หมายเหตุ,ข้อความ,
D031,T1,2567-สค-904,รหัสกิจกรรม,ข้อความ,2567-สค-904
D031,T1,2567-สค-904,ชื่อกิจกรรม,ข้อความ,กิจกรรมสำรวจข้อมูลศูนย์พัฒนาเด็กเล็ก
D031,T1,2567-สค-904,หน่วยงานรับผิดชอบ,ข้อความ,สำนักงานประมงจังหวัดระนอง
D031,T1,2567-สค-904,งบจัดสรร,เงินบาท,606000
D031,T1,2567-สค-904,เบิกจ่าย,เงินบาท,589000
D031,T1,2567-สค-904,จำนวนผู้เข้าร่วม,จำนวนนับ,33
D031,T1,2567-สค-904,กลุ่มเป้าหมาย,รายการ,กลุ่มออมทรัพย์เพื่อการผลิต
D031,T1,2567-สค-904,สถานะ,ข้อความ,ดำเนินการแล้วเสร็จ
D031,T1,2567-สค-904,หมายเหตุ,ข้อความ,
D031,T1,2567-สค-289,รหัสกิจกรรม,ข้อความ,2567-สค-289
D031,T1,2567-สค-289,ชื่อกิจกรรม,ข้อความ,กิจกรรมจัดทำแผนการบริหารจัดการขยะมูลฝอย
D031,T1,2567-สค-289,หน่วยงานรับผิดชอบ,ข้อความ,สนง.ประมงจังหวัดระนอง
D031,T1,2567-สค-289,งบจัดสรร,เงินบาท,40500
D031,T1,2567-สค-289,เบิกจ่าย,เงินบาท,26000
D031,T1,2567-สค-289,จำนวนผู้เข้าร่วม,จำนวนนับ,156
D031,T1,2567-สค-289,กลุ่มเป้าหมาย,รายการ,เด็กและเยาวชน
D031,T1,2567-สค-289,สถานะ,ข้อความ,ดำเนินการแล้วเสร็จ
D031,T1,2567-สค-289,หมายเหตุ,ข้อความ,
D032,T1,2568-ศษ-207,รหัสกิจกรรม,ข้อความ,2568-ศษ-207
D032,T1,2568-ศษ-207,ชื่อกิจกรรม,ข้อความ,กิจกรรมจัดประชุมครัวเรือนยากจนเป้าหมาย
D032,T1,2568-ศษ-207,หน่วยงานรับผิดชอบ,ข้อความ,เทศบาลตำบลแม่ริม
D032,T1,2568-ศษ-207,งบจัดสรร,เงินบาท,779500
D032,T1,2568-ศษ-207,เบิกจ่าย,เงินบาท,486000
D032,T1,2568-ศษ-207,จำนวนผู้เข้าร่วม,จำนวนนับ,44
D032,T1,2568-ศษ-207,กลุ่มเป้าหมาย,รายการ,ข้าราชการและเจ้าหน้าที่ของรัฐ
D032,T1,2568-ศษ-207,สถานะ,ข้อความ,ดำเนินการแล้วเสร็จ
D032,T1,2568-ศษ-207,หมายเหตุ,ข้อความ,
D032,T1,2568-กษ-690,รหัสกิจกรรม,ข้อความ,2568-กษ-690
D032,T1,2568-กษ-690,ชื่อกิจกรรม,ข้อความ,โครงการประชาสัมพันธ์การบริหารจัดการขยะมูลฝอย
D032,T1,2568-กษ-690,หน่วยงานรับผิดชอบ,ข้อความ,เทศบาลตำบลแม่ริม
D032,T1,2568-กษ-690,งบจัดสรร,เงินบาท,687500
D032,T1,2568-กษ-690,เบิกจ่าย,เงินบาท,450500
D032,T1,2568-กษ-690,จำนวนผู้เข้าร่วม,จำนวนนับ,245
D032,T1,2568-กษ-690,กลุ่มเป้าหมาย,รายการ,ครัวเรือนยากจน
D032,T1,2568-กษ-690,สถานะ,ข้อความ,ดำเนินการแล้วเสร็จ
D032,T1,2568-กษ-690,หมายเหตุ,ข้อความ,
D032,T1,2568-ทถ-976,รหัสกิจกรรม,ข้อความ,2568-ทถ-976
D032,T1,2568-ทถ-976,ชื่อกิจกรรม,ข้อความ,กิจกรรมจัดทำแผนการป้องกันโรคไข้เลือดออก
D032,T1,2568-ทถ-976,หน่วยงานรับผิดชอบ,ข้อความ,เทศบาลตำบลแม่ริม
D032,T1,2568-ทถ-976,งบจัดสรร,เงินบาท,730500
D032,T1,2568-ทถ-976,เบิกจ่าย,เงินบาท,448500
D032,T1,2568-ทถ-976,จำนวนผู้เข้าร่วม,จำนวนนับ,37
D032,T1,2568-ทถ-976,กลุ่มเป้าหมาย,รายการ,สตรีและครอบครัว
D032,T1,2568-ทถ-976,สถานะ,ข้อความ,ดำเนินการแล้วเสร็จ
D032,T1,2568-ทถ-976,หมายเหตุ,ข้อความ,
D032,T1,2568-ทถ-936,รหัสกิจกรรม,ข้อความ,2568-ทถ-936
D032,T1,2568-ทถ-936,ชื่อกิจกรรม,ข้อความ,โครงการสำรวจข้อมูลการบริหารจัดการขยะมูลฝอย
D032,T1,2568-ทถ-936,หน่วยงานรับผิดชอบ,ข้อความ,เทศบาลตำบลแม่ริม
D032,T1,2568-ทถ-936,งบจัดสรร,เงินบาท,121500
D032,T1,2568-ทถ-936,เบิกจ่าย,เงินบาท,113000
D032,T1,2568-ทถ-936,จำนวนผู้เข้าร่วม,จำนวนนับ,165
D032,T1,2568-ทถ-936,กลุ่มเป้าหมาย,รายการ,กลุ่มออมทรัพย์เพื่อการผลิต
D032,T1,2568-ทถ-936,สถานะ,ข้อความ,ดำเนินการแล้วเสร็จ
D032,T1,2568-ทถ-936,หมายเหตุ,ข้อความ,
D032,T1,2568-สค-821,รหัสกิจกรรม,ข้อความ,2568-สค-821
D032,T1,2568-สค-821,ชื่อกิจกรรม,ข้อความ,กิจกรรมจัดเก็บข้อมูลแผนพัฒนาท้องถิ่นห้าปี
D032,T1,2568-สค-821,หน่วยงานรับผิดชอบ,ข้อความ,เทศบาลตำบลแม่ริม
D032,T1,2568-สค-821,งบจัดสรร,เงินบาท,63500
D032,T1,2568-สค-821,เบิกจ่าย,เงินบาท,55000
D032,T1,2568-สค-821,จำนวนผู้เข้าร่วม,จำนวนนับ,101
D032,T1,2568-สค-821,กลุ่มเป้าหมาย,รายการ,เด็กและเยาวชน
D032,T1,2568-สค-821,สถานะ,ข้อความ,ดำเนินการแล้วเสร็จ
D032,T1,2568-สค-821,หมายเหตุ,ข้อความ,
D032,T1,2568-พช-670,รหัสกิจกรรม,ข้อความ,2568-พช-670
D032,T1,2568-พช-670,ชื่อกิจกรรม,ข้อความ,กิจกรรมตรวจเยี่ยมการเกษตรปลอดภัย
D032,T1,2568-พช-670,หน่วยงานรับผิดชอบ,ข้อความ,ทต.แม่ริม
D032,T1,2568-พช-670,งบจัดสรร,เงินบาท,698500
D032,T1,2568-พช-670,เบิกจ่าย,เงินบาท,474500
D032,T1,2568-พช-670,จำนวนผู้เข้าร่วม,จำนวนนับ,216
D032,T1,2568-พช-670,กลุ่มเป้าหมาย,รายการ,กลุ่มเปราะบางและผู้ด้อยโอกาส
D032,T1,2568-พช-670,สถานะ,ข้อความ,ดำเนินการแล้วเสร็จ
D032,T1,2568-พช-670,หมายเหตุ,ข้อความ,
D032,T1,2568-ทถ-360,รหัสกิจกรรม,ข้อความ,2568-ทถ-360
D032,T1,2568-ทถ-360,ชื่อกิจกรรม,ข้อความ,โครงการอบรมเชิงปฏิบัติการถนนสายหลักในเขตพื้นที่
D032,T1,2568-ทถ-360,หน่วยงานรับผิดชอบ,ข้อความ,ทต.แม่ริม
D032,T1,2568-ทถ-360,งบจัดสรร,เงินบาท,273000
D032,T1,2568-ทถ-360,เบิกจ่าย,เงินบาท,152000
D032,T1,2568-ทถ-360,จำนวนผู้เข้าร่วม,จำนวนนับ,231
D032,T1,2568-ทถ-360,กลุ่มเป้าหมาย,รายการ,เจ้าหน้าที่ท้องถิ่น
D032,T1,2568-ทถ-360,สถานะ,ข้อความ,ดำเนินการแล้วเสร็จ
D032,T1,2568-ทถ-360,หมายเหตุ,ข้อความ,
D033,T1,2568-ทถ-898,รหัสกิจกรรม,ข้อความ,2568-ทถ-898
D033,T1,2568-ทถ-898,ชื่อกิจกรรม,ข้อความ,กิจกรรมบำรุงรักษากองทุนสวัสดิการชุมชน
D033,T1,2568-ทถ-898,หน่วยงานรับผิดชอบ,ข้อความ,พมจ.สตูล
D033,T1,2568-ทถ-898,งบจัดสรร,เงินบาท,473500
D033,T1,2568-ทถ-898,เบิกจ่าย,เงินบาท,291500
D033,T1,2568-ทถ-898,จำนวนผู้เข้าร่วม,จำนวนนับ,121
D033,T1,2568-ทถ-898,กลุ่มเป้าหมาย,รายการ,ผู้ประกันตนตามมาตรา 40
D033,T1,2568-ทถ-898,สถานะ,ข้อความ,ดำเนินการแล้วเสร็จ
D033,T1,2568-ทถ-898,หมายเหตุ,ข้อความ,
D033,T1,2568-ศษ-052,รหัสกิจกรรม,ข้อความ,2568-ศษ-052
D033,T1,2568-ศษ-052,ชื่อกิจกรรม,ข้อความ,โครงการตรวจเยี่ยมคุณภาพชีวิตผู้สูงอายุ
D033,T1,2568-ศษ-052,หน่วยงานรับผิดชอบ,ข้อความ,สำนักงานพัฒนาสังคมและความมั่นคงของมนุษย์จังหวัดสตูล
D033,T1,2568-ศษ-052,งบจัดสรร,เงินบาท,214000
D033,T1,2568-ศษ-052,เบิกจ่าย,เงินบาท,207500
D033,T1,2568-ศษ-052,จำนวนผู้เข้าร่วม,จำนวนนับ,157
D033,T1,2568-ศษ-052,กลุ่มเป้าหมาย,รายการ,สตรีและครอบครัว
D033,T1,2568-ศษ-052,สถานะ,ข้อความ,ดำเนินการแล้วเสร็จ
D033,T1,2568-ศษ-052,หมายเหตุ,ข้อความ,
D033,T1,2568-ทถ-641,รหัสกิจกรรม,ข้อความ,2568-ทถ-641
D033,T1,2568-ทถ-641,ชื่อกิจกรรม,ข้อความ,กิจกรรมบำรุงรักษาถนนสายหลักในเขตพื้นที่
D033,T1,2568-ทถ-641,หน่วยงานรับผิดชอบ,ข้อความ,สำนักงานพัฒนาสังคมและความมั่นคงของมนุษย์จังหวัดสตูล
D033,T1,2568-ทถ-641,งบจัดสรร,เงินบาท,69000
D033,T1,2568-ทถ-641,เบิกจ่าย,เงินบาท,39500
D033,T1,2568-ทถ-641,จำนวนผู้เข้าร่วม,จำนวนนับ,212
D033,T1,2568-ทถ-641,กลุ่มเป้าหมาย,รายการ,กลุ่มเปราะบางและผู้ด้อยโอกาส
D033,T1,2568-ทถ-641,สถานะ,ข้อความ,ดำเนินการแล้วเสร็จ
D033,T1,2568-ทถ-641,หมายเหตุ,ข้อความ,
D033,T1,2568-สค-121,รหัสกิจกรรม,ข้อความ,2568-สค-121
D033,T1,2568-สค-121,ชื่อกิจกรรม,ข้อความ,กิจกรรมอบรมเชิงปฏิบัติการแผนพัฒนาท้องถิ่นห้าปี
D033,T1,2568-สค-121,หน่วยงานรับผิดชอบ,ข้อความ,พมจ.สตูล
D033,T1,2568-สค-121,งบจัดสรร,เงินบาท,333500
D033,T1,2568-สค-121,เบิกจ่าย,เงินบาท,188500
D033,T1,2568-สค-121,จำนวนผู้เข้าร่วม,จำนวนนับ,250
D033,T1,2568-สค-121,กลุ่มเป้าหมาย,รายการ,ผู้พิการและผู้ดูแล
D033,T1,2568-สค-121,สถานะ,ข้อความ,ดำเนินการแล้วเสร็จ
D033,T1,2568-สค-121,หมายเหตุ,ข้อความ,
D033,T1,2568-สค-698,รหัสกิจกรรม,ข้อความ,2568-สค-698
D033,T1,2568-สค-698,ชื่อกิจกรรม,ข้อความ,กิจกรรมจัดเก็บข้อมูลการป้องกันโรคไข้เลือดออก
D033,T1,2568-สค-698,หน่วยงานรับผิดชอบ,ข้อความ,สำนักงานพัฒนาสังคมและความมั่นคงของมนุษย์จังหวัดสตูล
D033,T1,2568-สค-698,งบจัดสรร,เงินบาท,426000
D033,T1,2568-สค-698,เบิกจ่าย,เงินบาท,250500
D033,T1,2568-สค-698,จำนวนผู้เข้าร่วม,จำนวนนับ,60
D033,T1,2568-สค-698,กลุ่มเป้าหมาย,รายการ,ผู้ดูแลศูนย์พัฒนาเด็กเล็ก
D033,T1,2568-สค-698,สถานะ,ข้อความ,ดำเนินการแล้วเสร็จ
D033,T1,2568-สค-698,หมายเหตุ,ข้อความ,
D033,T1,2568-ศษ-406,รหัสกิจกรรม,ข้อความ,2568-ศษ-406
D033,T1,2568-ศษ-406,ชื่อกิจกรรม,ข้อความ,กิจกรรมจัดทำแผนการท่องเที่ยวโดยชุมชน
D033,T1,2568-ศษ-406,หน่วยงานรับผิดชอบ,ข้อความ,พมจ.สตูล
D033,T1,2568-ศษ-406,งบจัดสรร,เงินบาท,454000
D033,T1,2568-ศษ-406,เบิกจ่าย,เงินบาท,412000
D033,T1,2568-ศษ-406,จำนวนผู้เข้าร่วม,จำนวนนับ,120
D033,T1,2568-ศษ-406,กลุ่มเป้าหมาย,รายการ,ผู้ปกครองเด็กก่อนวัยเรียน
D033,T1,2568-ศษ-406,สถานะ,ข้อความ,ดำเนินการแล้วเสร็จ
D033,T1,2568-ศษ-406,หมายเหตุ,ข้อความ,
D033,T1,2568-กษ-375,รหัสกิจกรรม,ข้อความ,2568-กษ-375
D033,T1,2568-กษ-375,ชื่อกิจกรรม,ข้อความ,กิจกรรมสำรวจข้อมูลศูนย์พัฒนาเด็กเล็ก
D033,T1,2568-กษ-375,หน่วยงานรับผิดชอบ,ข้อความ,พมจ.สตูล
D033,T1,2568-กษ-375,งบจัดสรร,เงินบาท,707000
D033,T1,2568-กษ-375,เบิกจ่าย,เงินบาท,465000
D033,T1,2568-กษ-375,จำนวนผู้เข้าร่วม,จำนวนนับ,218
D033,T1,2568-กษ-375,กลุ่มเป้าหมาย,รายการ,แรงงานนอกระบบ
D033,T1,2568-กษ-375,สถานะ,ข้อความ,ดำเนินการแล้วเสร็จ
D033,T1,2568-กษ-375,หมายเหตุ,ข้อความ,
D034,T2,2568-สธ-736,รหัสกิจกรรม,ข้อความ,2568-สธ-736
D034,T2,2568-สธ-736,ชื่อกิจกรรม,ข้อความ,โครงการสำรวจข้อมูลคุณภาพชีวิตผู้สูงอายุ
D034,T2,2568-สธ-736,หน่วยงานรับผิดชอบ,ข้อความ,อบต.ท่าข้าม
D034,T2,2568-สธ-736,งบจัดสรร,เงินบาท,111500
D034,T2,2568-สธ-736,เบิกจ่าย,เงินบาท,94000
D034,T2,2568-สธ-736,จำนวนผู้เข้าร่วม,จำนวนนับ,173
D034,T2,2568-สธ-736,กลุ่มเป้าหมาย,รายการ,นักเรียนและนักศึกษา
D034,T2,2568-สธ-736,สถานะ,ข้อความ,ดำเนินการแล้วเสร็จ
D034,T2,2568-สธ-736,หมายเหตุ,ข้อความ,
D034,T2,2568-ศษ-878,รหัสกิจกรรม,ข้อความ,2568-ศษ-878
D034,T2,2568-ศษ-878,ชื่อกิจกรรม,ข้อความ,โครงการประชาสัมพันธ์คุณภาพชีวิตผู้สูงอายุ
D034,T2,2568-ศษ-878,หน่วยงานรับผิดชอบ,ข้อความ,อบต.ท่าข้าม
D034,T2,2568-ศษ-878,งบจัดสรร,เงินบาท,186500
D034,T2,2568-ศษ-878,เบิกจ่าย,เงินบาท,165500
D034,T2,2568-ศษ-878,จำนวนผู้เข้าร่วม,จำนวนนับ,85
D034,T2,2568-ศษ-878,กลุ่มเป้าหมาย,รายการ,กลุ่มออมทรัพย์เพื่อการผลิต
D034,T2,2568-ศษ-878,สถานะ,ข้อความ,ดำเนินการแล้วเสร็จ
D034,T2,2568-ศษ-878,หมายเหตุ,ข้อความ,
D034,T2,2568-สธ-021,รหัสกิจกรรม,ข้อความ,2568-สธ-021
D034,T2,2568-สธ-021,ชื่อกิจกรรม,ข้อความ,โครงการบำรุงรักษาการจัดการน้ำเสียชุมชน
D034,T2,2568-สธ-021,หน่วยงานรับผิดชอบ,ข้อความ,องค์การบริหารส่วนตำบลท่าข้าม
D034,T2,2568-สธ-021,งบจัดสรร,เงินบาท,833500
D034,T2,2568-สธ-021,เบิกจ่าย,เงินบาท,513000
D034,T2,2568-สธ-021,จำนวนผู้เข้าร่วม,จำนวนนับ,134
D034,T2,2568-สธ-021,กลุ่มเป้าหมาย,รายการ,นักเรียนและนักศึกษา
D034,T2,2568-สธ-021,สถานะ,ข้อความ,ดำเนินการแล้วเสร็จ
D034,T2,2568-สธ-021,หมายเหตุ,ข้อความ,
D034,T2,2568-สค-813,รหัสกิจกรรม,ข้อความ,2568-สค-813
D034,T2,2568-สค-813,ชื่อกิจกรรม,ข้อความ,โครงการบำรุงรักษาเศรษฐกิจฐานราก
D034,T2,2568-สค-813,หน่วยงานรับผิดชอบ,ข้อความ,อบต.ท่าข้าม
D034,T2,2568-สค-813,งบจัดสรร,เงินบาท,206500
D034,T2,2568-สค-813,เบิกจ่าย,เงินบาท,189500
D034,T2,2568-สค-813,จำนวนผู้เข้าร่วม,จำนวนนับ,120
D034,T2,2568-สค-813,กลุ่มเป้าหมาย,รายการ,ผู้ปกครองเด็กก่อนวัยเรียน
D034,T2,2568-สค-813,สถานะ,ข้อความ,ดำเนินการแล้วเสร็จ
D034,T2,2568-สค-813,หมายเหตุ,ข้อความ,
D034,T2,2568-สค-308,รหัสกิจกรรม,ข้อความ,2568-สค-308
D034,T2,2568-สค-308,ชื่อกิจกรรม,ข้อความ,กิจกรรมจัดทำแผนการป้องกันโรคไข้เลือดออก
D034,T2,2568-สค-308,หน่วยงานรับผิดชอบ,ข้อความ,อบต.ท่าข้าม
D034,T2,2568-สค-308,งบจัดสรร,เงินบาท,27500
D034,T2,2568-สค-308,เบิกจ่าย,เงินบาท,27000
D034,T2,2568-สค-308,จำนวนผู้เข้าร่วม,จำนวนนับ,55
D034,T2,2568-สค-308,กลุ่มเป้าหมาย,รายการ,นักเรียนและนักศึกษา
D034,T2,2568-สค-308,สถานะ,ข้อความ,ดำเนินการแล้วเสร็จ
D034,T2,2568-สค-308,หมายเหตุ,ข้อความ,
D034,T2,2568-พช-708,รหัสกิจกรรม,ข้อความ,2568-พช-708
D034,T2,2568-พช-708,ชื่อกิจกรรม,ข้อความ,โครงการจัดประชุมคุณภาพชีวิตผู้สูงอายุ
D034,T2,2568-พช-708,หน่วยงานรับผิดชอบ,ข้อความ,อบต.ท่าข้าม
D034,T2,2568-พช-708,งบจัดสรร,เงินบาท,413000
D034,T2,2568-พช-708,เบิกจ่าย,เงินบาท,330000
D034,T2,2568-พช-708,จำนวนผู้เข้าร่วม,จำนวนนับ,61
D034,T2,2568-พช-708,กลุ่มเป้าหมาย,รายการ,ผู้ว่างงาน
D034,T2,2568-พช-708,สถานะ,ข้อความ,ดำเนินการแล้วเสร็จ
D034,T2,2568-พช-708,หมายเหตุ,ข้อความ,
D034,T2,2568-สค-728,รหัสกิจกรรม,ข้อความ,2568-สค-728
D034,T2,2568-สค-728,ชื่อกิจกรรม,ข้อความ,โครงการสำรวจข้อมูลคุณภาพชีวิตผู้สูงอายุ
D034,T2,2568-สค-728,หน่วยงานรับผิดชอบ,ข้อความ,องค์การบริหารส่วนตำบลท่าข้าม
D034,T2,2568-สค-728,งบจัดสรร,เงินบาท,111500
D034,T2,2568-สค-728,เบิกจ่าย,เงินบาท,94000
D034,T2,2568-สค-728,จำนวนผู้เข้าร่วม,จำนวนนับ,173
D034,T2,2568-สค-728,กลุ่มเป้าหมาย,รายการ,นักเรียนและนักศึกษา
D034,T2,2568-สค-728,สถานะ,ข้อความ,ดำเนินการแล้วเสร็จ
D034,T2,2568-สค-728,หมายเหตุ,ข้อความ,
D034,T2,2568-สค-683,รหัสกิจกรรม,ข้อความ,2568-สค-683
D034,T2,2568-สค-683,ชื่อกิจกรรม,ข้อความ,โครงการสำรวจข้อมูลครัวเรือนยากจนเป้าหมาย
D034,T2,2568-สค-683,หน่วยงานรับผิดชอบ,ข้อความ,องค์การบริหารส่วนตำบลท่าข้าม
D034,T2,2568-สค-683,งบจัดสรร,เงินบาท,181000
D034,T2,2568-สค-683,เบิกจ่าย,เงินบาท,113500
D034,T2,2568-สค-683,จำนวนผู้เข้าร่วม,จำนวนนับ,191
D034,T2,2568-สค-683,กลุ่มเป้าหมาย,รายการ,ประชาชนทั่วไป
D034,T2,2568-สค-683,สถานะ,ข้อความ,ดำเนินการแล้วเสร็จ
D034,T2,2568-สค-683,หมายเหตุ,ข้อความ,
D034,T2,2568-สธ-762,รหัสกิจกรรม,ข้อความ,2568-สธ-762
D034,T2,2568-สธ-762,ชื่อกิจกรรม,ข้อความ,โครงการสำรวจข้อมูลคุณภาพชีวิตผู้สูงอายุ รุ่นที่ 2
D034,T2,2568-สธ-762,หน่วยงานรับผิดชอบ,ข้อความ,องค์การบริหารส่วนตำบลท่าข้าม
D034,T2,2568-สธ-762,งบจัดสรร,เงินบาท,126500
D034,T2,2568-สธ-762,เบิกจ่าย,เงินบาท,79000
D034,T2,2568-สธ-762,จำนวนผู้เข้าร่วม,จำนวนนับ,191
D034,T2,2568-สธ-762,กลุ่มเป้าหมาย,รายการ,ประชาชนทั่วไป
D034,T2,2568-สธ-762,สถานะ,ข้อความ,ดำเนินการแล้วเสร็จ
D034,T2,2568-สธ-762,หมายเหตุ,ข้อความ,
D035,T2,2567-พช-909,รหัสกิจกรรม,ข้อความ,2567-พช-909
D035,T2,2567-พช-909,ชื่อกิจกรรม,ข้อความ,กิจกรรมประชาสัมพันธ์แผนพัฒนาท้องถิ่นห้าปี
D035,T2,2567-พช-909,หน่วยงานรับผิดชอบ,ข้อความ,ปศอ.วังน้ำเขียว
D035,T2,2567-พช-909,งบจัดสรร,เงินบาท,799000
D035,T2,2567-พช-909,เบิกจ่าย,เงินบาท,566000
D035,T2,2567-พช-909,จำนวนผู้เข้าร่วม,จำนวนนับ,68
D035,T2,2567-พช-909,กลุ่มเป้าหมาย,รายการ,แกนนำสุขภาพประจำครอบครัว
D035,T2,2567-พช-909,สถานะ,ข้อความ,ดำเนินการแล้วเสร็จ
D035,T2,2567-พช-909,หมายเหตุ,ข้อความ,
D035,T2,2567-สธ-142,รหัสกิจกรรม,ข้อความ,2567-สธ-142
D035,T2,2567-สธ-142,ชื่อกิจกรรม,ข้อความ,โครงการสำรวจข้อมูลระบบประปาหมู่บ้าน
D035,T2,2567-สธ-142,หน่วยงานรับผิดชอบ,ข้อความ,ปศอ.วังน้ำเขียว
D035,T2,2567-สธ-142,งบจัดสรร,เงินบาท,392500
D035,T2,2567-สธ-142,เบิกจ่าย,เงินบาท,330500
D035,T2,2567-สธ-142,จำนวนผู้เข้าร่วม,จำนวนนับ,89
D035,T2,2567-สธ-142,กลุ่มเป้าหมาย,รายการ,ผู้ว่างงาน
D035,T2,2567-สธ-142,สถานะ,ข้อความ,ดำเนินการแล้วเสร็จ
D035,T2,2567-สธ-142,หมายเหตุ,ข้อความ,
D035,T2,2567-สธ-096,รหัสกิจกรรม,ข้อความ,2567-สธ-096
D035,T2,2567-สธ-096,ชื่อกิจกรรม,ข้อความ,กิจกรรมตรวจเยี่ยมกลุ่มวิสาหกิจชุมชน
D035,T2,2567-สธ-096,หน่วยงานรับผิดชอบ,ข้อความ,ปศอ.วังน้ำเขียว
D035,T2,2567-สธ-096,งบจัดสรร,เงินบาท,480500
D035,T2,2567-สธ-096,เบิกจ่าย,เงินบาท,294000
D035,T2,2567-สธ-096,จำนวนผู้เข้าร่วม,จำนวนนับ,28
D035,T2,2567-สธ-096,กลุ่มเป้าหมาย,รายการ,ผู้ประสบภัยพิบัติ
D035,T2,2567-สธ-096,สถานะ,ข้อความ,ดำเนินการแล้วเสร็จ
D035,T2,2567-สธ-096,หมายเหตุ,ข้อความ,
D035,T2,2567-กษ-382,รหัสกิจกรรม,ข้อความ,2567-กษ-382
D035,T2,2567-กษ-382,ชื่อกิจกรรม,ข้อความ,โครงการอบรมเชิงปฏิบัติการถนนสายหลักในเขตพื้นที่
D035,T2,2567-กษ-382,หน่วยงานรับผิดชอบ,ข้อความ,สำนักงานปศุสัตว์อำเภอวังน้ำเขียว
D035,T2,2567-กษ-382,งบจัดสรร,เงินบาท,639000
D035,T2,2567-กษ-382,เบิกจ่าย,เงินบาท,365500
D035,T2,2567-กษ-382,จำนวนผู้เข้าร่วม,จำนวนนับ,137
D035,T2,2567-กษ-382,กลุ่มเป้าหมาย,รายการ,แกนนำสุขภาพประจำครอบครัว
D035,T2,2567-กษ-382,สถานะ,ข้อความ,ดำเนินการแล้วเสร็จ
D035,T2,2567-กษ-382,หมายเหตุ,ข้อความ,
D035,T2,2567-พช-460,รหัสกิจกรรม,ข้อความ,2567-พช-460
D035,T2,2567-พช-460,ชื่อกิจกรรม,ข้อความ,กิจกรรมบำรุงรักษาการเกษตรปลอดภัย
D035,T2,2567-พช-460,หน่วยงานรับผิดชอบ,ข้อความ,สำนักงานปศุสัตว์อำเภอวังน้ำเขียว
D035,T2,2567-พช-460,งบจัดสรร,เงินบาท,236500
D035,T2,2567-พช-460,เบิกจ่าย,เงินบาท,215000
D035,T2,2567-พช-460,จำนวนผู้เข้าร่วม,จำนวนนับ,54
D035,T2,2567-พช-460,กลุ่มเป้าหมาย,รายการ,นักเรียนและนักศึกษา
D035,T2,2567-พช-460,สถานะ,ข้อความ,ดำเนินการแล้วเสร็จ
D035,T2,2567-พช-460,หมายเหตุ,ข้อความ,
D035,T2,2567-ศษ-466,รหัสกิจกรรม,ข้อความ,2567-ศษ-466
D035,T2,2567-ศษ-466,ชื่อกิจกรรม,ข้อความ,กิจกรรมจัดทำแผนครัวเรือนยากจนเป้าหมาย
D035,T2,2567-ศษ-466,หน่วยงานรับผิดชอบ,ข้อความ,สำนักงานปศุสัตว์อำเภอวังน้ำเขียว
D035,T2,2567-ศษ-466,งบจัดสรร,เงินบาท,34500
D035,T2,2567-ศษ-466,เบิกจ่าย,เงินบาท,33000
D035,T2,2567-ศษ-466,จำนวนผู้เข้าร่วม,จำนวนนับ,88
D035,T2,2567-ศษ-466,กลุ่มเป้าหมาย,รายการ,ผู้นำศาสนา
D035,T2,2567-ศษ-466,สถานะ,ข้อความ,ดำเนินการแล้วเสร็จ
D035,T2,2567-ศษ-466,หมายเหตุ,ข้อความ,
D035,T2,2567-ศษ-184,รหัสกิจกรรม,ข้อความ,2567-ศษ-184
D035,T2,2567-ศษ-184,ชื่อกิจกรรม,ข้อความ,กิจกรรมประชาสัมพันธ์แผนพัฒนาท้องถิ่นห้าปี
D035,T2,2567-ศษ-184,หน่วยงานรับผิดชอบ,ข้อความ,สำนักงานปศุสัตว์อำเภอวังน้ำเขียว
D035,T2,2567-ศษ-184,งบจัดสรร,เงินบาท,799000
D035,T2,2567-ศษ-184,เบิกจ่าย,เงินบาท,566000
D035,T2,2567-ศษ-184,จำนวนผู้เข้าร่วม,จำนวนนับ,68
D035,T2,2567-ศษ-184,กลุ่มเป้าหมาย,รายการ,แกนนำสุขภาพประจำครอบครัว
D035,T2,2567-ศษ-184,สถานะ,ข้อความ,ดำเนินการแล้วเสร็จ
D035,T2,2567-ศษ-184,หมายเหตุ,ข้อความ,
D035,T2,2567-ศษ-362,รหัสกิจกรรม,ข้อความ,2567-ศษ-362
D035,T2,2567-ศษ-362,ชื่อกิจกรรม,ข้อความ,กิจกรรมประชาสัมพันธ์แผนพัฒนาท้องถิ่นห้าปี รุ่นที่ 2
D035,T2,2567-ศษ-362,หน่วยงานรับผิดชอบ,ข้อความ,สำนักงานปศุสัตว์อำเภอวังน้ำเขียว
D035,T2,2567-ศษ-362,งบจัดสรร,เงินบาท,559000
D035,T2,2567-ศษ-362,เบิกจ่าย,เงินบาท,396000
D035,T2,2567-ศษ-362,จำนวนผู้เข้าร่วม,จำนวนนับ,68
D035,T2,2567-ศษ-362,กลุ่มเป้าหมาย,รายการ,แกนนำสุขภาพประจำครอบครัว
D035,T2,2567-ศษ-362,สถานะ,ข้อความ,ดำเนินการแล้วเสร็จ
D035,T2,2567-ศษ-362,หมายเหตุ,ข้อความ,
D036,T2,2567-กษ-339,รหัสกิจกรรม,ข้อความ,2567-กษ-339
D036,T2,2567-กษ-339,ชื่อกิจกรรม,ข้อความ,โครงการประชาสัมพันธ์กลุ่มวิสาหกิจชุมชน
D036,T2,2567-กษ-339,หน่วยงานรับผิดชอบ,ข้อความ,สนง.เกษตรอำเภอปาย
D036,T2,2567-กษ-339,งบจัดสรร,เงินบาท,108500
D036,T2,2567-กษ-339,เบิกจ่าย,เงินบาท,81500
D036,T2,2567-กษ-339,จำนวนผู้เข้าร่วม,จำนวนนับ,64
D036,T2,2567-กษ-339,กลุ่มเป้าหมาย,รายการ,ผู้ป่วยติดเตียงและผู้ดูแลที่บ้าน
D036,T2,2567-กษ-339,สถานะ,ข้อความ,ดำเนินการแล้วเสร็จ
D036,T2,2567-กษ-339,หมายเหตุ,ข้อความ,
D036,T2,2567-สค-475,รหัสกิจกรรม,ข้อความ,2567-สค-475
D036,T2,2567-สค-475,ชื่อกิจกรรม,ข้อความ,โครงการจัดประชุมการบริหารจัดการขยะมูลฝอย
D036,T2,2567-สค-475,หน่วยงานรับผิดชอบ,ข้อความ,สำนักงานเกษตรอำเภอปาย
D036,T2,2567-สค-475,งบจัดสรร,เงินบาท,361500
D036,T2,2567-สค-475,เบิกจ่าย,เงินบาท,355000
D036,T2,2567-สค-475,จำนวนผู้เข้าร่วม,จำนวนนับ,210
D036,T2,2567-สค-475,กลุ่มเป้าหมาย,รายการ,อาสาสมัครป้องกันภัยฝ่ายพลเรือน
D036,T2,2567-สค-475,สถานะ,ข้อความ,ดำเนินการแล้วเสร็จ
D036,T2,2567-สค-475,หมายเหตุ,ข้อความ,
D036,T2,2567-สธ-381,รหัสกิจกรรม,ข้อความ,2567-สธ-381
D036,T2,2567-สธ-381,ชื่อกิจกรรม,ข้อความ,กิจกรรมจัดเก็บข้อมูลการท่องเที่ยวโดยชุมชน
D036,T2,2567-สธ-381,หน่วยงานรับผิดชอบ,ข้อความ,สนง.เกษตรอำเภอปาย
D036,T2,2567-สธ-381,งบจัดสรร,เงินบาท,506000
D036,T2,2567-สธ-381,เบิกจ่าย,เงินบาท,499000
D036,T2,2567-สธ-381,จำนวนผู้เข้าร่วม,จำนวนนับ,124
D036,T2,2567-สธ-381,กลุ่มเป้าหมาย,รายการ,ผู้พิการและผู้ดูแล
D036,T2,2567-สธ-381,สถานะ,ข้อความ,ดำเนินการแล้วเสร็จ
D036,T2,2567-สธ-381,หมายเหตุ,ข้อความ,
D036,T2,2567-ทถ-182,รหัสกิจกรรม,ข้อความ,2567-ทถ-182
D036,T2,2567-ทถ-182,ชื่อกิจกรรม,ข้อความ,กิจกรรมจัดเก็บข้อมูลกลุ่มวิสาหกิจชุมชน
D036,T2,2567-ทถ-182,หน่วยงานรับผิดชอบ,ข้อความ,สนง.เกษตรอำเภอปาย
D036,T2,2567-ทถ-182,งบจัดสรร,เงินบาท,167000
D036,T2,2567-ทถ-182,เบิกจ่าย,เงินบาท,166000
D036,T2,2567-ทถ-182,จำนวนผู้เข้าร่วม,จำนวนนับ,212
D036,T2,2567-ทถ-182,กลุ่มเป้าหมาย,รายการ,ผู้ดูแลศูนย์พัฒนาเด็กเล็ก
D036,T2,2567-ทถ-182,สถานะ,ข้อความ,ดำเนินการแล้วเสร็จ
D036,T2,2567-ทถ-182,หมายเหตุ,ข้อความ,
D036,T2,2567-ทถ-629,รหัสกิจกรรม,ข้อความ,2567-ทถ-629
D036,T2,2567-ทถ-629,ชื่อกิจกรรม,ข้อความ,กิจกรรมตรวจเยี่ยมเศรษฐกิจฐานราก
D036,T2,2567-ทถ-629,หน่วยงานรับผิดชอบ,ข้อความ,สำนักงานเกษตรอำเภอปาย
D036,T2,2567-ทถ-629,งบจัดสรร,เงินบาท,706000
D036,T2,2567-ทถ-629,เบิกจ่าย,เงินบาท,462000
D036,T2,2567-ทถ-629,จำนวนผู้เข้าร่วม,จำนวนนับ,205
D036,T2,2567-ทถ-629,กลุ่มเป้าหมาย,รายการ,ผู้ประสบภัยพิบัติ
D036,T2,2567-ทถ-629,สถานะ,ข้อความ,ดำเนินการแล้วเสร็จ
D036,T2,2567-ทถ-629,หมายเหตุ,ข้อความ,
D036,T2,2567-ทถ-069,รหัสกิจกรรม,ข้อความ,2567-ทถ-069
D036,T2,2567-ทถ-069,ชื่อกิจกรรม,ข้อความ,กิจกรรมประชาสัมพันธ์กลุ่มวิสาหกิจชุมชน
D036,T2,2567-ทถ-069,หน่วยงานรับผิดชอบ,ข้อความ,สนง.เกษตรอำเภอปาย
D036,T2,2567-ทถ-069,งบจัดสรร,เงินบาท,313000
D036,T2,2567-ทถ-069,เบิกจ่าย,เงินบาท,257500
D036,T2,2567-ทถ-069,จำนวนผู้เข้าร่วม,จำนวนนับ,41
D036,T2,2567-ทถ-069,กลุ่มเป้าหมาย,รายการ,ผู้ประกันตนตามมาตรา 40
D036,T2,2567-ทถ-069,สถานะ,ข้อความ,ดำเนินการแล้วเสร็จ
D036,T2,2567-ทถ-069,หมายเหตุ,ข้อความ,
D036,T2,2567-ทถ-478,รหัสกิจกรรม,ข้อความ,2567-ทถ-478
D036,T2,2567-ทถ-478,ชื่อกิจกรรม,ข้อความ,โครงการประชาสัมพันธ์กลุ่มวิสาหกิจชุมชน
D036,T2,2567-ทถ-478,หน่วยงานรับผิดชอบ,ข้อความ,สนงเกษตรอำเภอปาย
D036,T2,2567-ทถ-478,งบจัดสรร,เงินบาท,108500
D036,T2,2567-ทถ-478,เบิกจ่าย,เงินบาท,81500
D036,T2,2567-ทถ-478,จำนวนผู้เข้าร่วม,จำนวนนับ,64
D036,T2,2567-ทถ-478,กลุ่มเป้าหมาย,รายการ,ผู้ป่วยติดเตียงและผู้ดูแลที่บ้าน
D036,T2,2567-ทถ-478,สถานะ,ข้อความ,ดำเนินการแล้วเสร็จ
D036,T2,2567-ทถ-478,หมายเหตุ,ข้อความ,
D036,T2,2567-ศษ-968,รหัสกิจกรรม,ข้อความ,2567-ศษ-968
D036,T2,2567-ศษ-968,ชื่อกิจกรรม,ข้อความ,กิจกรรมจัดทำแผนศูนย์พัฒนาเด็กเล็ก
D036,T2,2567-ศษ-968,หน่วยงานรับผิดชอบ,ข้อความ,สำนักงานเกษตรอำเภอปาย
D036,T2,2567-ศษ-968,งบจัดสรร,เงินบาท,93500
D036,T2,2567-ศษ-968,เบิกจ่าย,เงินบาท,92500
D036,T2,2567-ศษ-968,จำนวนผู้เข้าร่วม,จำนวนนับ,110
D036,T2,2567-ศษ-968,กลุ่มเป้าหมาย,รายการ,อาสาสมัครป้องกันภัยฝ่ายพลเรือน
D036,T2,2567-ศษ-968,สถานะ,ข้อความ,ดำเนินการแล้วเสร็จ
D036,T2,2567-ศษ-968,หมายเหตุ,ข้อความ,
D036,T2,2567-สค-513,รหัสกิจกรรม,ข้อความ,2567-สค-513
D036,T2,2567-สค-513,ชื่อกิจกรรม,ข้อความ,โครงการประชาสัมพันธ์กลุ่มวิสาหกิจชุมชน รุ่นที่ 2
D036,T2,2567-สค-513,หน่วยงานรับผิดชอบ,ข้อความ,สำนักงานเกษตรอำเภอปาย
D036,T2,2567-สค-513,งบจัดสรร,เงินบาท,65000
D036,T2,2567-สค-513,เบิกจ่าย,เงินบาท,64500
D036,T2,2567-สค-513,จำนวนผู้เข้าร่วม,จำนวนนับ,110
D036,T2,2567-สค-513,กลุ่มเป้าหมาย,รายการ,อาสาสมัครป้องกันภัยฝ่ายพลเรือน
D036,T2,2567-สค-513,สถานะ,ข้อความ,ดำเนินการแล้วเสร็จ
D036,T2,2567-สค-513,หมายเหตุ,ข้อความ,
D037,T2,2568-พช-388,รหัสกิจกรรม,ข้อความ,2568-พช-388
D037,T2,2568-พช-388,ชื่อกิจกรรม,ข้อความ,โครงการสำรวจข้อมูลแผนพัฒนาท้องถิ่นห้าปี
D037,T2,2568-พช-388,หน่วยงานรับผิดชอบ,ข้อความ,สถจ.ชุมพร
D037,T2,2568-พช-388,งบจัดสรร,เงินบาท,143500
D037,T2,2568-พช-388,เบิกจ่าย,เงินบาท,114500
D037,T2,2568-พช-388,จำนวนผู้เข้าร่วม,จำนวนนับ,122
D037,T2,2568-พช-388,กลุ่มเป้าหมาย,รายการ,ผู้นำชุมชนและปราชญ์ชาวบ้าน
D037,T2,2568-พช-388,สถานะ,ข้อความ,ดำเนินการแล้วเสร็จ
D037,T2,2568-พช-388,หมายเหตุ,ข้อความ,
D037,T2,2568-ศษ-954,รหัสกิจกรรม,ข้อความ,2568-ศษ-954
D037,T2,2568-ศษ-954,ชื่อกิจกรรม,ข้อความ,กิจกรรมจัดประชุมกลุ่มวิสาหกิจชุมชน
D037,T2,2568-ศษ-954,หน่วยงานรับผิดชอบ,ข้อความ,สถจ.ชุมพร
D037,T2,2568-ศษ-954,งบจัดสรร,เงินบาท,110000
D037,T2,2568-ศษ-954,เบิกจ่าย,เงินบาท,75000
D037,T2,2568-ศษ-954,จำนวนผู้เข้าร่วม,จำนวนนับ,246
D037,T2,2568-ศษ-954,กลุ่มเป้าหมาย,รายการ,แกนนำสุขภาพประจำครอบครัว
D037,T2,2568-ศษ-954,สถานะ,ข้อความ,ดำเนินการแล้วเสร็จ
D037,T2,2568-ศษ-954,หมายเหตุ,ข้อความ,
D037,T2,2568-ทถ-472,รหัสกิจกรรม,ข้อความ,2568-ทถ-472
D037,T2,2568-ทถ-472,ชื่อกิจกรรม,ข้อความ,กิจกรรมประชาสัมพันธ์การบริหารจัดการขยะมูลฝอย
D037,T2,2568-ทถ-472,หน่วยงานรับผิดชอบ,ข้อความ,สถจ.ชุมพร
D037,T2,2568-ทถ-472,งบจัดสรร,เงินบาท,621000
D037,T2,2568-ทถ-472,เบิกจ่าย,เงินบาท,587000
D037,T2,2568-ทถ-472,จำนวนผู้เข้าร่วม,จำนวนนับ,62
D037,T2,2568-ทถ-472,กลุ่มเป้าหมาย,รายการ,นักท่องเที่ยว
D037,T2,2568-ทถ-472,สถานะ,ข้อความ,ดำเนินการแล้วเสร็จ
D037,T2,2568-ทถ-472,หมายเหตุ,ข้อความ,
D037,T2,2568-กษ-714,รหัสกิจกรรม,ข้อความ,2568-กษ-714
D037,T2,2568-กษ-714,ชื่อกิจกรรม,ข้อความ,โครงการจัดเก็บข้อมูลศูนย์พัฒนาเด็กเล็ก
D037,T2,2568-กษ-714,หน่วยงานรับผิดชอบ,ข้อความ,สำนักงานส่งเสริมการปกครองท้องถิ่นจังหวัดชุมพร
D037,T2,2568-กษ-714,งบจัดสรร,เงินบาท,369500
D037,T2,2568-กษ-714,เบิกจ่าย,เงินบาท,315000
D037,T2,2568-กษ-714,จำนวนผู้เข้าร่วม,จำนวนนับ,91
D037,T2,2568-กษ-714,กลุ่มเป้าหมาย,รายการ,ผู้ต้องขัง
D037,T2,2568-กษ-714,สถานะ,ข้อความ,ดำเนินการแล้วเสร็จ
D037,T2,2568-กษ-714,หมายเหตุ,ข้อความ,
D037,T2,2568-พช-568,รหัสกิจกรรม,ข้อความ,2568-พช-568
D037,T2,2568-พช-568,ชื่อกิจกรรม,ข้อความ,กิจกรรมจัดประชุมคุณภาพชีวิตผู้สูงอายุ
D037,T2,2568-พช-568,หน่วยงานรับผิดชอบ,ข้อความ,สำนักงานส่งเสริมการปกครองท้องถิ่นจังหวัดชุมพร
D037,T2,2568-พช-568,งบจัดสรร,เงินบาท,779000
D037,T2,2568-พช-568,เบิกจ่าย,เงินบาท,433000
D037,T2,2568-พช-568,จำนวนผู้เข้าร่วม,จำนวนนับ,88
D037,T2,2568-พช-568,กลุ่มเป้าหมาย,รายการ,ผู้ค้าในตลาดสด
D037,T2,2568-พช-568,สถานะ,ข้อความ,ดำเนินการแล้วเสร็จ
D037,T2,2568-พช-568,หมายเหตุ,ข้อความ,
D037,T2,2568-สธ-209,รหัสกิจกรรม,ข้อความ,2568-สธ-209
D037,T2,2568-สธ-209,ชื่อกิจกรรม,ข้อความ,โครงการจัดประชุมระบบประปาหมู่บ้าน
D037,T2,2568-สธ-209,หน่วยงานรับผิดชอบ,ข้อความ,สำนักงานส่งเสริมการปกครองท้องถิ่นจังหวัดชุมพร
D037,T2,2568-สธ-209,งบจัดสรร,เงินบาท,664500
D037,T2,2568-สธ-209,เบิกจ่าย,เงินบาท,642500
D037,T2,2568-สธ-209,จำนวนผู้เข้าร่วม,จำนวนนับ,167
D037,T2,2568-สธ-209,กลุ่มเป้าหมาย,รายการ,กลุ่มออมทรัพย์เพื่อการผลิต
D037,T2,2568-สธ-209,สถานะ,ข้อความ,ดำเนินการแล้วเสร็จ
D037,T2,2568-สธ-209,หมายเหตุ,ข้อความ,
D037,T2,2568-ทถ-281,รหัสกิจกรรม,ข้อความ,2568-ทถ-281
D037,T2,2568-ทถ-281,ชื่อกิจกรรม,ข้อความ,โครงการสำรวจข้อมูลแผนพัฒนาท้องถิ่นห้าปี
D037,T2,2568-ทถ-281,หน่วยงานรับผิดชอบ,ข้อความ,สำนักงานส่งเสริมการปกครองท้องถิ่นจังหวัดชุมพร
D037,T2,2568-ทถ-281,งบจัดสรร,เงินบาท,143500
D037,T2,2568-ทถ-281,เบิกจ่าย,เงินบาท,114500
D037,T2,2568-ทถ-281,จำนวนผู้เข้าร่วม,จำนวนนับ,122
D037,T2,2568-ทถ-281,กลุ่มเป้าหมาย,รายการ,ผู้นำชุมชนและปราชญ์ชาวบ้าน
D037,T2,2568-ทถ-281,สถานะ,ข้อความ,ดำเนินการแล้วเสร็จ
D037,T2,2568-ทถ-281,หมายเหตุ,ข้อความ,
D037,T2,2568-กษ-414,รหัสกิจกรรม,ข้อความ,2568-กษ-414
D037,T2,2568-กษ-414,ชื่อกิจกรรม,ข้อความ,โครงการสำรวจข้อมูลแผนพัฒนาท้องถิ่นห้าปี รุ่นที่ 2
D037,T2,2568-กษ-414,หน่วยงานรับผิดชอบ,ข้อความ,สำนักงานส่งเสริมการปกครองท้องถิ่นจังหวัดชุมพร
D037,T2,2568-กษ-414,งบจัดสรร,เงินบาท,100000
D037,T2,2568-กษ-414,เบิกจ่าย,เงินบาท,80000
D037,T2,2568-กษ-414,จำนวนผู้เข้าร่วม,จำนวนนับ,122
D037,T2,2568-กษ-414,กลุ่มเป้าหมาย,รายการ,ผู้นำชุมชนและปราชญ์ชาวบ้าน
D037,T2,2568-กษ-414,สถานะ,ข้อความ,ดำเนินการแล้วเสร็จ
D037,T2,2568-กษ-414,หมายเหตุ,ข้อความ,
D038,T2,2568-ศษ-271,รหัสกิจกรรม,ข้อความ,2568-ศษ-271
D038,T2,2568-ศษ-271,ชื่อกิจกรรม,ข้อความ,โครงการจัดเก็บข้อมูลกองทุนสวัสดิการชุมชน
D038,T2,2568-ศษ-271,หน่วยงานรับผิดชอบ,ข้อความ,กศน.อำเภอบ้านโป่ง
D038,T2,2568-ศษ-271,งบจัดสรร,เงินบาท,358000
D038,T2,2568-ศษ-271,เบิกจ่าย,เงินบาท,210000
D038,T2,2568-ศษ-271,จำนวนผู้เข้าร่วม,จำนวนนับ,169
D038,T2,2568-ศษ-271,กลุ่มเป้าหมาย,รายการ,ผู้ค้าในตลาดสด
D038,T2,2568-ศษ-271,สถานะ,ข้อความ,ดำเนินการแล้วเสร็จ
D038,T2,2568-ศษ-271,หมายเหตุ,ข้อความ,
D038,T2,2568-ทถ-314,รหัสกิจกรรม,ข้อความ,2568-ทถ-314
D038,T2,2568-ทถ-314,ชื่อกิจกรรม,ข้อความ,โครงการบำรุงรักษาอาสาสมัครสาธารณสุขประจำหมู่บ้าน
D038,T2,2568-ทถ-314,หน่วยงานรับผิดชอบ,ข้อความ,กศน.อำเภอบ้านโป่ง
D038,T2,2568-ทถ-314,งบจัดสรร,เงินบาท,64000
D038,T2,2568-ทถ-314,เบิกจ่าย,เงินบาท,37500
D038,T2,2568-ทถ-314,จำนวนผู้เข้าร่วม,จำนวนนับ,75
D038,T2,2568-ทถ-314,กลุ่มเป้าหมาย,รายการ,สตรีและครอบครัว
D038,T2,2568-ทถ-314,สถานะ,ข้อความ,ดำเนินการแล้วเสร็จ
D038,T2,2568-ทถ-314,หมายเหตุ,ข้อความ,
D038,T2,2568-พช-135,รหัสกิจกรรม,ข้อความ,2568-พช-135
D038,T2,2568-พช-135,ชื่อกิจกรรม,ข้อความ,กิจกรรมอบรมเชิงปฏิบัติการกองทุนสวัสดิการชุมชน
D038,T2,2568-พช-135,หน่วยงานรับผิดชอบ,ข้อความ,กศน.อำเภอบ้านโป่ง
D038,T2,2568-พช-135,งบจัดสรร,เงินบาท,346500
D038,T2,2568-พช-135,เบิกจ่าย,เงินบาท,206500
D038,T2,2568-พช-135,จำนวนผู้เข้าร่วม,จำนวนนับ,160
D038,T2,2568-พช-135,กลุ่มเป้าหมาย,รายการ,ครัวเรือนยากจน
D038,T2,2568-พช-135,สถานะ,ข้อความ,ดำเนินการแล้วเสร็จ
D038,T2,2568-พช-135,หมายเหตุ,ข้อความ,
D038,T2,2568-พช-463,รหัสกิจกรรม,ข้อความ,2568-พช-463
D038,T2,2568-พช-463,ชื่อกิจกรรม,ข้อความ,กิจกรรมบำรุงรักษาแผนพัฒนาท้องถิ่นห้าปี
D038,T2,2568-พช-463,หน่วยงานรับผิดชอบ,ข้อความ,กศน.อำเภอบ้านโป่ง
D038,T2,2568-พช-463,งบจัดสรร,เงินบาท,133500
D038,T2,2568-พช-463,เบิกจ่าย,เงินบาท,93500
D038,T2,2568-พช-463,จำนวนผู้เข้าร่วม,จำนวนนับ,217
D038,T2,2568-พช-463,กลุ่มเป้าหมาย,รายการ,ผู้ประสบภัยพิบัติ
D038,T2,2568-พช-463,สถานะ,ข้อความ,ดำเนินการแล้วเสร็จ
D038,T2,2568-พช-463,หมายเหตุ,ข้อความ,
D038,T2,2568-พช-779,รหัสกิจกรรม,ข้อความ,2568-พช-779
D038,T2,2568-พช-779,ชื่อกิจกรรม,ข้อความ,กิจกรรมบำรุงรักษาศูนย์พัฒนาเด็กเล็ก
D038,T2,2568-พช-779,หน่วยงานรับผิดชอบ,ข้อความ,กศน.อำเภอบ้านโป่ง
D038,T2,2568-พช-779,งบจัดสรร,เงินบาท,567500
D038,T2,2568-พช-779,เบิกจ่าย,เงินบาท,386000
D038,T2,2568-พช-779,จำนวนผู้เข้าร่วม,จำนวนนับ,142
D038,T2,2568-พช-779,กลุ่มเป้าหมาย,รายการ,กลุ่มวิสาหกิจชุมชน
D038,T2,2568-พช-779,สถานะ,ข้อความ,ดำเนินการแล้วเสร็จ
D038,T2,2568-พช-779,หมายเหตุ,ข้อความ,
D038,T2,2568-พช-858,รหัสกิจกรรม,ข้อความ,2568-พช-858
D038,T2,2568-พช-858,ชื่อกิจกรรม,ข้อความ,โครงการบำรุงรักษาครัวเรือนยากจนเป้าหมาย
D038,T2,2568-พช-858,หน่วยงานรับผิดชอบ,ข้อความ,กศน.อำเภอบ้านโป่ง
D038,T2,2568-พช-858,งบจัดสรร,เงินบาท,337500
D038,T2,2568-พช-858,เบิกจ่าย,เงินบาท,279500
D038,T2,2568-พช-858,จำนวนผู้เข้าร่วม,จำนวนนับ,63
D038,T2,2568-พช-858,กลุ่มเป้าหมาย,รายการ,ครัวเรือนยากจน
D038,T2,2568-พช-858,สถานะ,ข้อความ,ดำเนินการแล้วเสร็จ
D038,T2,2568-พช-858,หมายเหตุ,ข้อความ,
D038,T2,2568-ศษ-206,รหัสกิจกรรม,ข้อความ,2568-ศษ-206
D038,T2,2568-ศษ-206,ชื่อกิจกรรม,ข้อความ,โครงการจัดเก็บข้อมูลกองทุนสวัสดิการชุมชน
D038,T2,2568-ศษ-206,หน่วยงานรับผิดชอบ,ข้อความ,ศูนย์การศึกษานอกระบบและการศึกษาตามอัธยาศัยอำเภอบ้านโป่ง
D038,T2,2568-ศษ-206,งบจัดสรร,เงินบาท,358000
D038,T2,2568-ศษ-206,เบิกจ่าย,เงินบาท,210000
D038,T2,2568-ศษ-206,จำนวนผู้เข้าร่วม,จำนวนนับ,169
D038,T2,2568-ศษ-206,กลุ่มเป้าหมาย,รายการ,ผู้ค้าในตลาดสด
D038,T2,2568-ศษ-206,สถานะ,ข้อความ,ดำเนินการแล้วเสร็จ
D038,T2,2568-ศษ-206,หมายเหตุ,ข้อความ,
D038,T2,2568-สธ-846,รหัสกิจกรรม,ข้อความ,2568-สธ-846
D038,T2,2568-สธ-846,ชื่อกิจกรรม,ข้อความ,โครงการจัดเก็บข้อมูลกองทุนสวัสดิการชุมชน รุ่นที่ 2
D038,T2,2568-สธ-846,หน่วยงานรับผิดชอบ,ข้อความ,ศูนย์การศึกษานอกระบบและการศึกษาตามอัธยาศัยอำเภอบ้านโป่ง
D038,T2,2568-สธ-846,งบจัดสรร,เงินบาท,250500
D038,T2,2568-สธ-846,เบิกจ่าย,เงินบาท,147000
D038,T2,2568-สธ-846,จำนวนผู้เข้าร่วม,จำนวนนับ,169
D038,T2,2568-สธ-846,กลุ่มเป้าหมาย,รายการ,ผู้ค้าในตลาดสด
D038,T2,2568-สธ-846,สถานะ,ข้อความ,ดำเนินการแล้วเสร็จ
D038,T2,2568-สธ-846,หมายเหตุ,ข้อความ,
D039,T2,2567-พช-477,รหัสกิจกรรม,ข้อความ,2567-พช-477
D039,T2,2567-พช-477,ชื่อกิจกรรม,ข้อความ,กิจกรรมตรวจเยี่ยมอาสาสมัครสาธารณสุขประจำหมู่บ้าน
D039,T2,2567-พช-477,หน่วยงานรับผิดชอบ,ข้อความ,สนง.เขตหนองแขม
D039,T2,2567-พช-477,งบจัดสรร,เงินบาท,313000
D039,T2,2567-พช-477,เบิกจ่าย,เงินบาท,202000
D039,T2,2567-พช-477,จำนวนผู้เข้าร่วม,จำนวนนับ,127
D039,T2,2567-พช-477,กลุ่มเป้าหมาย,รายการ,ผู้นำศาสนา
D039,T2,2567-พช-477,สถานะ,ข้อความ,ดำเนินการแล้วเสร็จ
D039,T2,2567-พช-477,หมายเหตุ,ข้อความ,
D039,T2,2567-ศษ-864,รหัสกิจกรรม,ข้อความ,2567-ศษ-864
D039,T2,2567-ศษ-864,ชื่อกิจกรรม,ข้อความ,กิจกรรมจัดทำแผนระบบประปาหมู่บ้าน
D039,T2,2567-ศษ-864,หน่วยงานรับผิดชอบ,ข้อความ,สนง.เขตหนองแขม
D039,T2,2567-ศษ-864,งบจัดสรร,เงินบาท,213000
D039,T2,2567-ศษ-864,เบิกจ่าย,เงินบาท,121500
D039,T2,2567-ศษ-864,จำนวนผู้เข้าร่วม,จำนวนนับ,84
D039,T2,2567-ศษ-864,กลุ่มเป้าหมาย,รายการ,ครัวเรือนยากจน
D039,T2,2567-ศษ-864,สถานะ,ข้อความ,ดำเนินการแล้วเสร็จ
D039,T2,2567-ศษ-864,หมายเหตุ,ข้อความ,
D039,T2,2567-พช-053,รหัสกิจกรรม,ข้อความ,2567-พช-053
D039,T2,2567-พช-053,ชื่อกิจกรรม,ข้อความ,กิจกรรมตรวจเยี่ยมคุณภาพชีวิตผู้สูงอายุ
D039,T2,2567-พช-053,หน่วยงานรับผิดชอบ,ข้อความ,สนง.เขตหนองแขม
D039,T2,2567-พช-053,งบจัดสรร,เงินบาท,552500
D039,T2,2567-พช-053,เบิกจ่าย,เงินบาท,522500
D039,T2,2567-พช-053,จำนวนผู้เข้าร่วม,จำนวนนับ,212
D039,T2,2567-พช-053,กลุ่มเป้าหมาย,รายการ,ผู้นำชุมชนและปราชญ์ชาวบ้าน
D039,T2,2567-พช-053,สถานะ,ข้อความ,ดำเนินการแล้วเสร็จ
D039,T2,2567-พช-053,หมายเหตุ,ข้อความ,
D039,T2,2567-กษ-376,รหัสกิจกรรม,ข้อความ,2567-กษ-376
D039,T2,2567-กษ-376,ชื่อกิจกรรม,ข้อความ,โครงการตรวจเยี่ยมการจัดการน้ำเสียชุมชน
D039,T2,2567-กษ-376,หน่วยงานรับผิดชอบ,ข้อความ,สนง.เขตหนองแขม
D039,T2,2567-กษ-376,งบจัดสรร,เงินบาท,472500
D039,T2,2567-กษ-376,เบิกจ่าย,เงินบาท,434500
D039,T2,2567-กษ-376,จำนวนผู้เข้าร่วม,จำนวนนับ,238
D039,T2,2567-กษ-376,กลุ่มเป้าหมาย,รายการ,สตรีและครอบครัว
D039,T2,2567-กษ-376,สถานะ,ข้อความ,ดำเนินการแล้วเสร็จ
D039,T2,2567-กษ-376,หมายเหตุ,ข้อความ,
D039,T2,2567-ทถ-597,รหัสกิจกรรม,ข้อความ,2567-ทถ-597
D039,T2,2567-ทถ-597,ชื่อกิจกรรม,ข้อความ,โครงการจัดประชุมอาสาสมัครสาธารณสุขประจำหมู่บ้าน
D039,T2,2567-ทถ-597,หน่วยงานรับผิดชอบ,ข้อความ,สนง.เขตหนองแขม
D039,T2,2567-ทถ-597,งบจัดสรร,เงินบาท,411500
D039,T2,2567-ทถ-597,เบิกจ่าย,เงินบาท,259000
D039,T2,2567-ทถ-597,จำนวนผู้เข้าร่วม,จำนวนนับ,79
D039,T2,2567-ทถ-597,กลุ่มเป้าหมาย,รายการ,ครัวเรือนยากจน
D039,T2,2567-ทถ-597,สถานะ,ข้อความ,ดำเนินการแล้วเสร็จ
D039,T2,2567-ทถ-597,หมายเหตุ,ข้อความ,
D039,T2,2567-ทถ-789,รหัสกิจกรรม,ข้อความ,2567-ทถ-789
D039,T2,2567-ทถ-789,ชื่อกิจกรรม,ข้อความ,กิจกรรมจัดประชุมศูนย์พัฒนาเด็กเล็ก
D039,T2,2567-ทถ-789,หน่วยงานรับผิดชอบ,ข้อความ,สนง.เขตหนองแขม
D039,T2,2567-ทถ-789,งบจัดสรร,เงินบาท,69000
D039,T2,2567-ทถ-789,เบิกจ่าย,เงินบาท,60000
D039,T2,2567-ทถ-789,จำนวนผู้เข้าร่วม,จำนวนนับ,101
D039,T2,2567-ทถ-789,กลุ่มเป้าหมาย,รายการ,แกนนำสุขภาพประจำครอบครัว
D039,T2,2567-ทถ-789,สถานะ,ข้อความ,ดำเนินการแล้วเสร็จ
D039,T2,2567-ทถ-789,หมายเหตุ,ข้อความ,
D039,T2,2567-พช-952,รหัสกิจกรรม,ข้อความ,2567-พช-952
D039,T2,2567-พช-952,ชื่อกิจกรรม,ข้อความ,กิจกรรมจัดประชุมเศรษฐกิจฐานราก
D039,T2,2567-พช-952,หน่วยงานรับผิดชอบ,ข้อความ,สำนักงานเขตหนองแขม
D039,T2,2567-พช-952,งบจัดสรร,เงินบาท,114000
D039,T2,2567-พช-952,เบิกจ่าย,เงินบาท,94000
D039,T2,2567-พช-952,จำนวนผู้เข้าร่วม,จำนวนนับ,202
D039,T2,2567-พช-952,กลุ่มเป้าหมาย,รายการ,อาสาสมัครสาธารณสุขประจำหมู่บ้าน
D039,T2,2567-พช-952,สถานะ,ข้อความ,ดำเนินการแล้วเสร็จ
D039,T2,2567-พช-952,หมายเหตุ,ข้อความ,
D039,T2,2567-ทถ-242,รหัสกิจกรรม,ข้อความ,2567-ทถ-242
D039,T2,2567-ทถ-242,ชื่อกิจกรรม,ข้อความ,กิจกรรมตรวจเยี่ยมอาสาสมัครสาธารณสุขประจำหมู่บ้าน
D039,T2,2567-ทถ-242,หน่วยงานรับผิดชอบ,ข้อความ,สำนักงานเขตหนองแขม
D039,T2,2567-ทถ-242,งบจัดสรร,เงินบาท,313000
D039,T2,2567-ทถ-242,เบิกจ่าย,เงินบาท,202000
D039,T2,2567-ทถ-242,จำนวนผู้เข้าร่วม,จำนวนนับ,127
D039,T2,2567-ทถ-242,กลุ่มเป้าหมาย,รายการ,ผู้นำศาสนา
D039,T2,2567-ทถ-242,สถานะ,ข้อความ,ดำเนินการแล้วเสร็จ
D039,T2,2567-ทถ-242,หมายเหตุ,ข้อความ,
D039,T2,2567-พช-811,รหัสกิจกรรม,ข้อความ,2567-พช-811
D039,T2,2567-พช-811,ชื่อกิจกรรม,ข้อความ,กิจกรรมตรวจเยี่ยมอาสาสมัครสาธารณสุขประจำหมู่บ้าน รุ่นที่ 2
D039,T2,2567-พช-811,หน่วยงานรับผิดชอบ,ข้อความ,สำนักงานเขตหนองแขม
D039,T2,2567-พช-811,งบจัดสรร,เงินบาท,219000
D039,T2,2567-พช-811,เบิกจ่าย,เงินบาท,141000
D039,T2,2567-พช-811,จำนวนผู้เข้าร่วม,จำนวนนับ,127
D039,T2,2567-พช-811,กลุ่มเป้าหมาย,รายการ,ผู้นำศาสนา
D039,T2,2567-พช-811,สถานะ,ข้อความ,ดำเนินการแล้วเสร็จ
D039,T2,2567-พช-811,หมายเหตุ,ข้อความ,
D040,T2,2567-ทถ-618,รหัสกิจกรรม,ข้อความ,2567-ทถ-618
D040,T2,2567-ทถ-618,ชื่อกิจกรรม,ข้อความ,โครงการจัดเก็บข้อมูลการท่องเที่ยวโดยชุมชน
D040,T2,2567-ทถ-618,หน่วยงานรับผิดชอบ,ข้อความ,สถจ.ชุมพร
D040,T2,2567-ทถ-618,งบจัดสรร,เงินบาท,738000
D040,T2,2567-ทถ-618,เบิกจ่าย,เงินบาท,488000
D040,T2,2567-ทถ-618,จำนวนผู้เข้าร่วม,จำนวนนับ,169
D040,T2,2567-ทถ-618,กลุ่มเป้าหมาย,รายการ,นักเรียนและนักศึกษา
D040,T2,2567-ทถ-618,สถานะ,ข้อความ,ดำเนินการแล้วเสร็จ
D040,T2,2567-ทถ-618,หมายเหตุ,ข้อความ,
D040,T2,2567-สค-207,รหัสกิจกรรม,ข้อความ,2567-สค-207
D040,T2,2567-สค-207,ชื่อกิจกรรม,ข้อความ,โครงการสำรวจข้อมูลระบบประปาหมู่บ้าน
D040,T2,2567-สค-207,หน่วยงานรับผิดชอบ,ข้อความ,สำนักงานส่งเสริมการปกครองท้องถิ่นจังหวัดชุมพร
D040,T2,2567-สค-207,งบจัดสรร,เงินบาท,228500
D040,T2,2567-สค-207,เบิกจ่าย,เงินบาท,200000
D040,T2,2567-สค-207,จำนวนผู้เข้าร่วม,จำนวนนับ,219
D040,T2,2567-สค-207,กลุ่มเป้าหมาย,รายการ,ครัวเรือนยากจน
D040,T2,2567-สค-207,สถานะ,ข้อความ,ดำเนินการแล้วเสร็จ
D040,T2,2567-สค-207,หมายเหตุ,ข้อความ,
D040,T2,2567-ทถ-284,รหัสกิจกรรม,ข้อความ,2567-ทถ-284
D040,T2,2567-ทถ-284,ชื่อกิจกรรม,ข้อความ,กิจกรรมจัดประชุมการป้องกันโรคไข้เลือดออก
D040,T2,2567-ทถ-284,หน่วยงานรับผิดชอบ,ข้อความ,สถจ.ชุมพร
D040,T2,2567-ทถ-284,งบจัดสรร,เงินบาท,73500
D040,T2,2567-ทถ-284,เบิกจ่าย,เงินบาท,44000
D040,T2,2567-ทถ-284,จำนวนผู้เข้าร่วม,จำนวนนับ,46
D040,T2,2567-ทถ-284,กลุ่มเป้าหมาย,รายการ,ประชาชนทั่วไป
D040,T2,2567-ทถ-284,สถานะ,ข้อความ,ดำเนินการแล้วเสร็จ
D040,T2,2567-ทถ-284,หมายเหตุ,ข้อความ,
D040,T2,2567-กษ-776,รหัสกิจกรรม,ข้อความ,2567-กษ-776
D040,T2,2567-กษ-776,ชื่อกิจกรรม,ข้อความ,กิจกรรมสำรวจข้อมูลการจัดการน้ำเสียชุมชน
D040,T2,2567-กษ-776,หน่วยงานรับผิดชอบ,ข้อความ,สำนักงานส่งเสริมการปกครองท้องถิ่นจังหวัดชุมพร
D040,T2,2567-กษ-776,งบจัดสรร,เงินบาท,149000
D040,T2,2567-กษ-776,เบิกจ่าย,เงินบาท,139000
D040,T2,2567-กษ-776,จำนวนผู้เข้าร่วม,จำนวนนับ,168
D040,T2,2567-กษ-776,กลุ่มเป้าหมาย,รายการ,แรงงานนอกระบบ
D040,T2,2567-กษ-776,สถานะ,ข้อความ,ดำเนินการแล้วเสร็จ
D040,T2,2567-กษ-776,หมายเหตุ,ข้อความ,
D040,T2,2567-ศษ-687,รหัสกิจกรรม,ข้อความ,2567-ศษ-687
D040,T2,2567-ศษ-687,ชื่อกิจกรรม,ข้อความ,โครงการอบรมเชิงปฏิบัติการระบบประปาหมู่บ้าน
D040,T2,2567-ศษ-687,หน่วยงานรับผิดชอบ,ข้อความ,สถจ.ชุมพร
D040,T2,2567-ศษ-687,งบจัดสรร,เงินบาท,716500
D040,T2,2567-ศษ-687,เบิกจ่าย,เงินบาท,706500
D040,T2,2567-ศษ-687,จำนวนผู้เข้าร่วม,จำนวนนับ,57
D040,T2,2567-ศษ-687,กลุ่มเป้าหมาย,รายการ,นักเรียนและนักศึกษา
D040,T2,2567-ศษ-687,สถานะ,ข้อความ,ดำเนินการแล้วเสร็จ
D040,T2,2567-ศษ-687,หมายเหตุ,ข้อความ,
D040,T2,2567-ทถ-640,รหัสกิจกรรม,ข้อความ,2567-ทถ-640
D040,T2,2567-ทถ-640,ชื่อกิจกรรม,ข้อความ,โครงการอบรมเชิงปฏิบัติการการเกษตรปลอดภัย
D040,T2,2567-ทถ-640,หน่วยงานรับผิดชอบ,ข้อความ,สถจ.ชุมพร
D040,T2,2567-ทถ-640,งบจัดสรร,เงินบาท,524000
D040,T2,2567-ทถ-640,เบิกจ่าย,เงินบาท,400500
D040,T2,2567-ทถ-640,จำนวนผู้เข้าร่วม,จำนวนนับ,246
D040,T2,2567-ทถ-640,กลุ่มเป้าหมาย,รายการ,ผู้ดูแลศูนย์พัฒนาเด็กเล็ก
D040,T2,2567-ทถ-640,สถานะ,ข้อความ,ดำเนินการแล้วเสร็จ
D040,T2,2567-ทถ-640,หมายเหตุ,ข้อความ,
D040,T2,2567-สธ-586,รหัสกิจกรรม,ข้อความ,2567-สธ-586
D040,T2,2567-สธ-586,ชื่อกิจกรรม,ข้อความ,โครงการจัดเก็บข้อมูลการท่องเที่ยวโดยชุมชน
D040,T2,2567-สธ-586,หน่วยงานรับผิดชอบ,ข้อความ,สถจ. ชุมพร
D040,T2,2567-สธ-586,งบจัดสรร,เงินบาท,738000
D040,T2,2567-สธ-586,เบิกจ่าย,เงินบาท,488000
D040,T2,2567-สธ-586,จำนวนผู้เข้าร่วม,จำนวนนับ,169
D040,T2,2567-สธ-586,กลุ่มเป้าหมาย,รายการ,นักเรียนและนักศึกษา
D040,T2,2567-สธ-586,สถานะ,ข้อความ,ดำเนินการแล้วเสร็จ
D040,T2,2567-สธ-586,หมายเหตุ,ข้อความ,
D040,T2,2567-ทถ-073,รหัสกิจกรรม,ข้อความ,2567-ทถ-073
D040,T2,2567-ทถ-073,ชื่อกิจกรรม,ข้อความ,โครงการจัดเก็บข้อมูลการท่องเที่ยวโดยชุมชน รุ่นที่ 2
D040,T2,2567-ทถ-073,หน่วยงานรับผิดชอบ,ข้อความ,สถจ. ชุมพร
D040,T2,2567-ทถ-073,งบจัดสรร,เงินบาท,516500
D040,T2,2567-ทถ-073,เบิกจ่าย,เงินบาท,341500
D040,T2,2567-ทถ-073,จำนวนผู้เข้าร่วม,จำนวนนับ,169
D040,T2,2567-ทถ-073,กลุ่มเป้าหมาย,รายการ,นักเรียนและนักศึกษา
D040,T2,2567-ทถ-073,สถานะ,ข้อความ,ดำเนินการแล้วเสร็จ
D040,T2,2567-ทถ-073,หมายเหตุ,ข้อความ,
D041,T2,2568-สธ-758,รหัสกิจกรรม,ข้อความ,2568-สธ-758
D041,T2,2568-สธ-758,ชื่อกิจกรรม,ข้อความ,กิจกรรมจัดทำแผนกลุ่มวิสาหกิจชุมชน
D041,T2,2568-สธ-758,หน่วยงานรับผิดชอบ,ข้อความ,พช.อ.ปากช่อง
D041,T2,2568-สธ-758,งบจัดสรร,เงินบาท,382500
D041,T2,2568-สธ-758,เบิกจ่าย,เงินบาท,238000
D041,T2,2568-สธ-758,จำนวนผู้เข้าร่วม,จำนวนนับ,169
D041,T2,2568-สธ-758,กลุ่มเป้าหมาย,รายการ,ผู้ประสบภัยพิบัติ
D041,T2,2568-สธ-758,สถานะ,ข้อความ,ดำเนินการแล้วเสร็จ
D041,T2,2568-สธ-758,หมายเหตุ,ข้อความ,
D041,T2,2568-พช-973,รหัสกิจกรรม,ข้อความ,2568-พช-973
D041,T2,2568-พช-973,ชื่อกิจกรรม,ข้อความ,โครงการจัดทำแผนครัวเรือนยากจนเป้าหมาย
D041,T2,2568-พช-973,หน่วยงานรับผิดชอบ,ข้อความ,สำนักงานพัฒนาชุมชนอำเภอปากช่อง
D041,T2,2568-พช-973,งบจัดสรร,เงินบาท,677500
D041,T2,2568-พช-973,เบิกจ่าย,เงินบาท,542000
D041,T2,2568-พช-973,จำนวนผู้เข้าร่วม,จำนวนนับ,77
D041,T2,2568-พช-973,กลุ่มเป้าหมาย,รายการ,ผู้ต้องขัง
D041,T2,2568-พช-973,สถานะ,ข้อความ,ดำเนินการแล้วเสร็จ
D041,T2,2568-พช-973,หมายเหตุ,ข้อความ,
D041,T2,2568-พช-770,รหัสกิจกรรม,ข้อความ,2568-พช-770
D041,T2,2568-พช-770,ชื่อกิจกรรม,ข้อความ,กิจกรรมบำรุงรักษาแผนพัฒนาท้องถิ่นห้าปี
D041,T2,2568-พช-770,หน่วยงานรับผิดชอบ,ข้อความ,สำนักงานพัฒนาชุมชนอำเภอปากช่อง
D041,T2,2568-พช-770,งบจัดสรร,เงินบาท,198500
D041,T2,2568-พช-770,เบิกจ่าย,เงินบาท,158000
D041,T2,2568-พช-770,จำนวนผู้เข้าร่วม,จำนวนนับ,173
D041,T2,2568-พช-770,กลุ่มเป้าหมาย,รายการ,สตรีและครอบครัว
D041,T2,2568-พช-770,สถานะ,ข้อความ,ดำเนินการแล้วเสร็จ
D041,T2,2568-พช-770,หมายเหตุ,ข้อความ,
D041,T2,2568-สธ-910,รหัสกิจกรรม,ข้อความ,2568-สธ-910
D041,T2,2568-สธ-910,ชื่อกิจกรรม,ข้อความ,โครงการอบรมเชิงปฏิบัติการถนนสายหลักในเขตพื้นที่
D041,T2,2568-สธ-910,หน่วยงานรับผิดชอบ,ข้อความ,สำนักงานพัฒนาชุมชนอำเภอปากช่อง
D041,T2,2568-สธ-910,งบจัดสรร,เงินบาท,180500
D041,T2,2568-สธ-910,เบิกจ่าย,เงินบาท,114500
D041,T2,2568-สธ-910,จำนวนผู้เข้าร่วม,จำนวนนับ,28
D041,T2,2568-สธ-910,กลุ่มเป้าหมาย,รายการ,ผู้ป่วยติดเตียงและผู้ดูแลที่บ้าน
D041,T2,2568-สธ-910,สถานะ,ข้อความ,ดำเนินการแล้วเสร็จ
D041,T2,2568-สธ-910,หมายเหตุ,ข้อความ,
D041,T2,2568-ศษ-313,รหัสกิจกรรม,ข้อความ,2568-ศษ-313
D041,T2,2568-ศษ-313,ชื่อกิจกรรม,ข้อความ,กิจกรรมจัดเก็บข้อมูลแผนพัฒนาท้องถิ่นห้าปี
D041,T2,2568-ศษ-313,หน่วยงานรับผิดชอบ,ข้อความ,สำนักงานพัฒนาชุมชนอำเภอปากช่อง
D041,T2,2568-ศษ-313,งบจัดสรร,เงินบาท,672500
D041,T2,2568-ศษ-313,เบิกจ่าย,เงินบาท,393500
D041,T2,2568-ศษ-313,จำนวนผู้เข้าร่วม,จำนวนนับ,119
D041,T2,2568-ศษ-313,กลุ่มเป้าหมาย,รายการ,เกษตรกรผู้เลี้ยงโคเนื้อ
D041,T2,2568-ศษ-313,สถานะ,ข้อความ,ดำเนินการแล้วเสร็จ
D041,T2,2568-ศษ-313,หมายเหตุ,ข้อความ,
D041,T2,2568-ศษ-392,รหัสกิจกรรม,ข้อความ,2568-ศษ-392
D041,T2,2568-ศษ-392,ชื่อกิจกรรม,ข้อความ,กิจกรรมตรวจเยี่ยมเศรษฐกิจฐานราก
D041,T2,2568-ศษ-392,หน่วยงานรับผิดชอบ,ข้อความ,พช.อ.ปากช่อง
D041,T2,2568-ศษ-392,งบจัดสรร,เงินบาท,264500
D041,T2,2568-ศษ-392,เบิกจ่าย,เงินบาท,206500
D041,T2,2568-ศษ-392,จำนวนผู้เข้าร่วม,จำนวนนับ,89
D041,T2,2568-ศษ-392,กลุ่มเป้าหมาย,รายการ,ผู้ป่วยติดเตียงและผู้ดูแลที่บ้าน
D041,T2,2568-ศษ-392,สถานะ,ข้อความ,ดำเนินการแล้วเสร็จ
D041,T2,2568-ศษ-392,หมายเหตุ,ข้อความ,
D041,T2,2568-กษ-602,รหัสกิจกรรม,ข้อความ,2568-กษ-602
D041,T2,2568-กษ-602,ชื่อกิจกรรม,ข้อความ,กิจกรรมบำรุงรักษาคุณภาพชีวิตผู้สูงอายุ
D041,T2,2568-กษ-602,หน่วยงานรับผิดชอบ,ข้อความ,สำนักงานพัฒนาชุมชนอำเภอปากช่อง
D041,T2,2568-กษ-602,งบจัดสรร,เงินบาท,660500
D041,T2,2568-กษ-602,เบิกจ่าย,เงินบาท,565000
D041,T2,2568-กษ-602,จำนวนผู้เข้าร่วม,จำนวนนับ,151
D041,T2,2568-กษ-602,กลุ่มเป้าหมาย,รายการ,เด็กและเยาวชน
D041,T2,2568-กษ-602,สถานะ,ข้อความ,ดำเนินการแล้วเสร็จ
D041,T2,2568-กษ-602,หมายเหตุ,ข้อความ,
D041,T2,2568-ทถ-272,รหัสกิจกรรม,ข้อความ,2568-ทถ-272
D041,T2,2568-ทถ-272,ชื่อกิจกรรม,ข้อความ,กิจกรรมจัดทำแผนกลุ่มวิสาหกิจชุมชน
D041,T2,2568-ทถ-272,หน่วยงานรับผิดชอบ,ข้อความ,สำนักงานพัฒนาชุมชนอำเภอปากช่อง
D041,T2,2568-ทถ-272,งบจัดสรร,เงินบาท,382500
D041,T2,2568-ทถ-272,เบิกจ่าย,เงินบาท,238000
D041,T2,2568-ทถ-272,จำนวนผู้เข้าร่วม,จำนวนนับ,169
D041,T2,2568-ทถ-272,กลุ่มเป้าหมาย,รายการ,ผู้ประสบภัยพิบัติ
D041,T2,2568-ทถ-272,สถานะ,ข้อความ,ดำเนินการแล้วเสร็จ
D041,T2,2568-ทถ-272,หมายเหตุ,ข้อความ,
D041,T2,2568-กษ-497,รหัสกิจกรรม,ข้อความ,2568-กษ-497
D041,T2,2568-กษ-497,ชื่อกิจกรรม,ข้อความ,กิจกรรมจัดทำแผนกลุ่มวิสาหกิจชุมชน รุ่นที่ 2
D041,T2,2568-กษ-497,หน่วยงานรับผิดชอบ,ข้อความ,สำนักงานพัฒนาชุมชนอำเภอปากช่อง
D041,T2,2568-กษ-497,งบจัดสรร,เงินบาท,267500
D041,T2,2568-กษ-497,เบิกจ่าย,เงินบาท,166500
D041,T2,2568-กษ-497,จำนวนผู้เข้าร่วม,จำนวนนับ,169
D041,T2,2568-กษ-497,กลุ่มเป้าหมาย,รายการ,ผู้ประสบภัยพิบัติ
D041,T2,2568-กษ-497,สถานะ,ข้อความ,ดำเนินการแล้วเสร็จ
D041,T2,2568-กษ-497,หมายเหตุ,ข้อความ,
D042,T2,2568-ทถ-465,รหัสกิจกรรม,ข้อความ,2568-ทถ-465
D042,T2,2568-ทถ-465,ชื่อกิจกรรม,ข้อความ,กิจกรรมสำรวจข้อมูลอาสาสมัครสาธารณสุขประจำหมู่บ้าน
D042,T2,2568-ทถ-465,หน่วยงานรับผิดชอบ,ข้อความ,พมจ.สตูล
D042,T2,2568-ทถ-465,งบจัดสรร,เงินบาท,73500
D042,T2,2568-ทถ-465,เบิกจ่าย,เงินบาท,46000
D042,T2,2568-ทถ-465,จำนวนผู้เข้าร่วม,จำนวนนับ,151
D042,T2,2568-ทถ-465,กลุ่มเป้าหมาย,รายการ,ผู้ประกอบการร้านอาหาร
D042,T2,2568-ทถ-465,สถานะ,ข้อความ,ดำเนินการแล้วเสร็จ
D042,T2,2568-ทถ-465,หมายเหตุ,ข้อความ,
D042,T2,2568-กษ-617,รหัสกิจกรรม,ข้อความ,2568-กษ-617
D042,T2,2568-กษ-617,ชื่อกิจกรรม,ข้อความ,กิจกรรมประชาสัมพันธ์การจัดการน้ำเสียชุมชน
D042,T2,2568-กษ-617,หน่วยงานรับผิดชอบ,ข้อความ,พมจ.สตูล
D042,T2,2568-กษ-617,งบจัดสรร,เงินบาท,176000
D042,T2,2568-กษ-617,เบิกจ่าย,เงินบาท,165500
D042,T2,2568-กษ-617,จำนวนผู้เข้าร่วม,จำนวนนับ,210
D042,T2,2568-กษ-617,กลุ่มเป้าหมาย,รายการ,ผู้ค้าในตลาดสด
D042,T2,2568-กษ-617,สถานะ,ข้อความ,ดำเนินการแล้วเสร็จ
D042,T2,2568-กษ-617,หมายเหตุ,ข้อความ,
D042,T2,2568-สค-277,รหัสกิจกรรม,ข้อความ,2568-สค-277
D042,T2,2568-สค-277,ชื่อกิจกรรม,ข้อความ,โครงการจัดเก็บข้อมูลการท่องเที่ยวโดยชุมชน
D042,T2,2568-สค-277,หน่วยงานรับผิดชอบ,ข้อความ,พมจ.สตูล
D042,T2,2568-สค-277,งบจัดสรร,เงินบาท,227500
D042,T2,2568-สค-277,เบิกจ่าย,เงินบาท,165000
D042,T2,2568-สค-277,จำนวนผู้เข้าร่วม,จำนวนนับ,96
D042,T2,2568-สค-277,กลุ่มเป้าหมาย,รายการ,ผู้พิการและผู้ดูแล
D042,T2,2568-สค-277,สถานะ,ข้อความ,ดำเนินการแล้วเสร็จ
D042,T2,2568-สค-277,หมายเหตุ,ข้อความ,
D042,T2,2568-ศษ-041,รหัสกิจกรรม,ข้อความ,2568-ศษ-041
D042,T2,2568-ศษ-041,ชื่อกิจกรรม,ข้อความ,กิจกรรมจัดทำแผนกองทุนสวัสดิการชุมชน
D042,T2,2568-ศษ-041,หน่วยงานรับผิดชอบ,ข้อความ,สำนักงานพัฒนาสังคมและความมั่นคงของมนุษย์จังหวัดสตูล
D042,T2,2568-ศษ-041,งบจัดสรร,เงินบาท,262500
D042,T2,2568-ศษ-041,เบิกจ่าย,เงินบาท,213500
D042,T2,2568-ศษ-041,จำนวนผู้เข้าร่วม,จำนวนนับ,52
D042,T2,2568-ศษ-041,กลุ่มเป้าหมาย,รายการ,ผู้ค้าในตลาดสด
D042,T2,2568-ศษ-041,สถานะ,ข้อความ,ดำเนินการแล้วเสร็จ
D042,T2,2568-ศษ-041,หมายเหตุ,ข้อความ,
D042,T2,2568-ทถ-418,รหัสกิจกรรม,ข้อความ,2568-ทถ-418
D042,T2,2568-ทถ-418,ชื่อกิจกรรม,ข้อความ,กิจกรรมบำรุงรักษาเศรษฐกิจฐานราก
D042,T2,2568-ทถ-418,หน่วยงานรับผิดชอบ,ข้อความ,พมจ.สตูล
D042,T2,2568-ทถ-418,งบจัดสรร,เงินบาท,209000
D042,T2,2568-ทถ-418,เบิกจ่าย,เงินบาท,169000
D042,T2,2568-ทถ-418,จำนวนผู้เข้าร่วม,จำนวนนับ,137
D042,T2,2568-ทถ-418,กลุ่มเป้าหมาย,รายการ,ผู้สูงอายุ
D042,T2,2568-ทถ-418,สถานะ,ข้อความ,ดำเนินการแล้วเสร็จ
D042,T2,2568-ทถ-418,หมายเหตุ,ข้อความ,
D042,T2,2568-กษ-663,รหัสกิจกรรม,ข้อความ,2568-กษ-663
D042,T2,2568-กษ-663,ชื่อกิจกรรม,ข้อความ,กิจกรรมสำรวจข้อมูลเศรษฐกิจฐานราก
D042,T2,2568-กษ-663,หน่วยงานรับผิดชอบ,ข้อความ,พมจ.สตูล
D042,T2,2568-กษ-663,งบจัดสรร,เงินบาท,532500
D042,T2,2568-กษ-663,เบิกจ่าย,เงินบาท,393000
D042,T2,2568-กษ-663,จำนวนผู้เข้าร่วม,จำนวนนับ,47
D042,T2,2568-กษ-663,กลุ่มเป้าหมาย,รายการ,แกนนำสุขภาพประจำครอบครัว
D042,T2,2568-กษ-663,สถานะ,ข้อความ,ดำเนินการแล้วเสร็จ
D042,T2,2568-กษ-663,หมายเหตุ,ข้อความ,
D042,T2,2568-พช-689,รหัสกิจกรรม,ข้อความ,2568-พช-689
D042,T2,2568-พช-689,ชื่อกิจกรรม,ข้อความ,กิจกรรมสำรวจข้อมูลอาสาสมัครสาธารณสุขประจำหมู่บ้าน
D042,T2,2568-พช-689,หน่วยงานรับผิดชอบ,ข้อความ,พมจสตูล
D042,T2,2568-พช-689,งบจัดสรร,เงินบาท,73500
D042,T2,2568-พช-689,เบิกจ่าย,เงินบาท,46000
D042,T2,2568-พช-689,จำนวนผู้เข้าร่วม,จำนวนนับ,151
D042,T2,2568-พช-689,กลุ่มเป้าหมาย,รายการ,ผู้ประกอบการร้านอาหาร
D042,T2,2568-พช-689,สถานะ,ข้อความ,ดำเนินการแล้วเสร็จ
D042,T2,2568-พช-689,หมายเหตุ,ข้อความ,
D042,T2,2568-ศษ-673,รหัสกิจกรรม,ข้อความ,2568-ศษ-673
D042,T2,2568-ศษ-673,ชื่อกิจกรรม,ข้อความ,กิจกรรมสำรวจข้อมูลอาสาสมัครสาธารณสุขประจำหมู่บ้าน รุ่นที่ 2
D042,T2,2568-ศษ-673,หน่วยงานรับผิดชอบ,ข้อความ,พมจสตูล
D042,T2,2568-ศษ-673,งบจัดสรร,เงินบาท,51000
D042,T2,2568-ศษ-673,เบิกจ่าย,เงินบาท,32000
D042,T2,2568-ศษ-673,จำนวนผู้เข้าร่วม,จำนวนนับ,151
D042,T2,2568-ศษ-673,กลุ่มเป้าหมาย,รายการ,ผู้ประกอบการร้านอาหาร
D042,T2,2568-ศษ-673,สถานะ,ข้อความ,ดำเนินการแล้วเสร็จ
D042,T2,2568-ศษ-673,หมายเหตุ,ข้อความ,
D043,T2,2568-สค-087,รหัสกิจกรรม,ข้อความ,2568-สค-087
D043,T2,2568-สค-087,ชื่อกิจกรรม,ข้อความ,กิจกรรมประชาสัมพันธ์การท่องเที่ยวโดยชุมชน
D043,T2,2568-สค-087,หน่วยงานรับผิดชอบ,ข้อความ,อบต.บ้านแหลม
D043,T2,2568-สค-087,งบจัดสรร,เงินบาท,344000
D043,T2,2568-สค-087,เบิกจ่าย,เงินบาท,273000
D043,T2,2568-สค-087,จำนวนผู้เข้าร่วม,จำนวนนับ,44
D043,T2,2568-สค-087,กลุ่มเป้าหมาย,รายการ,ประชาชนทั่วไป
D043,T2,2568-สค-087,สถานะ,ข้อความ,ดำเนินการแล้วเสร็จ
D043,T2,2568-สค-087,หมายเหตุ,ข้อความ,
D043,T2,2568-สธ-022,รหัสกิจกรรม,ข้อความ,2568-สธ-022
D043,T2,2568-สธ-022,ชื่อกิจกรรม,ข้อความ,โครงการจัดประชุมศูนย์พัฒนาเด็กเล็ก
D043,T2,2568-สธ-022,หน่วยงานรับผิดชอบ,ข้อความ,องค์การบริหารส่วนตำบลบ้านแหลม
D043,T2,2568-สธ-022,งบจัดสรร,เงินบาท,435500
D043,T2,2568-สธ-022,เบิกจ่าย,เงินบาท,259000
D043,T2,2568-สธ-022,จำนวนผู้เข้าร่วม,จำนวนนับ,101
D043,T2,2568-สธ-022,กลุ่มเป้าหมาย,รายการ,ผู้ว่างงาน
D043,T2,2568-สธ-022,สถานะ,ข้อความ,ดำเนินการแล้วเสร็จ
D043,T2,2568-สธ-022,หมายเหตุ,ข้อความ,
D043,T2,2568-กษ-404,รหัสกิจกรรม,ข้อความ,2568-กษ-404
D043,T2,2568-กษ-404,ชื่อกิจกรรม,ข้อความ,กิจกรรมจัดเก็บข้อมูลการจัดการน้ำเสียชุมชน
D043,T2,2568-กษ-404,หน่วยงานรับผิดชอบ,ข้อความ,อบต.บ้านแหลม
D043,T2,2568-กษ-404,งบจัดสรร,เงินบาท,371500
D043,T2,2568-กษ-404,เบิกจ่าย,เงินบาท,251000
D043,T2,2568-กษ-404,จำนวนผู้เข้าร่วม,จำนวนนับ,107
D043,T2,2568-กษ-404,กลุ่มเป้าหมาย,รายการ,อาสาสมัครสาธารณสุขประจำหมู่บ้าน
D043,T2,2568-กษ-404,สถานะ,ข้อความ,ดำเนินการแล้วเสร็จ
D043,T2,2568-กษ-404,หมายเหตุ,ข้อความ,
D043,T2,2568-พช-448,รหัสกิจกรรม,ข้อความ,2568-พช-448
D043,T2,2568-พช-448,ชื่อกิจกรรม,ข้อความ,กิจกรรมอบรมเชิงปฏิบัติการการบริหารจัดการขยะมูลฝอย
D043,T2,2568-พช-448,หน่วยงานรับผิดชอบ,ข้อความ,อบต.บ้านแหลม
D043,T2,2568-พช-448,งบจัดสรร,เงินบาท,342500
D043,T2,2568-พช-448,เบิกจ่าย,เงินบาท,200500
D043,T2,2568-พช-448,จำนวนผู้เข้าร่วม,จำนวนนับ,47
D043,T2,2568-พช-448,กลุ่มเป้าหมาย,รายการ,อาสาสมัครสาธารณสุขประจำหมู่บ้าน
D043,T2,2568-พช-448,สถานะ,ข้อความ,ดำเนินการแล้วเสร็จ
D043,T2,2568-พช-448,หมายเหตุ,ข้อความ,
D043,T2,2568-พช-119,รหัสกิจกรรม,ข้อความ,2568-พช-119
D043,T2,2568-พช-119,ชื่อกิจกรรม,ข้อความ,กิจกรรมจัดเก็บข้อมูลระบบประปาหมู่บ้าน
D043,T2,2568-พช-119,หน่วยงานรับผิดชอบ,ข้อความ,องค์การบริหารส่วนตำบลบ้านแหลม
D043,T2,2568-พช-119,งบจัดสรร,เงินบาท,684500
D043,T2,2568-พช-119,เบิกจ่าย,เงินบาท,617500
D043,T2,2568-พช-119,จำนวนผู้เข้าร่วม,จำนวนนับ,58
D043,T2,2568-พช-119,กลุ่มเป้าหมาย,รายการ,เกษตรกรและผู้ประกอบการรายย่อย
D043,T2,2568-พช-119,สถานะ,ข้อความ,ดำเนินการแล้วเสร็จ
D043,T2,2568-พช-119,หมายเหตุ,ข้อความ,
D043,T2,2568-ศษ-564,รหัสกิจกรรม,ข้อความ,2568-ศษ-564
D043,T2,2568-ศษ-564,ชื่อกิจกรรม,ข้อความ,โครงการสำรวจข้อมูลครัวเรือนยากจนเป้าหมาย
D043,T2,2568-ศษ-564,หน่วยงานรับผิดชอบ,ข้อความ,อบต.บ้านแหลม
D043,T2,2568-ศษ-564,งบจัดสรร,เงินบาท,486000
D043,T2,2568-ศษ-564,เบิกจ่าย,เงินบาท,330000
D043,T2,2568-ศษ-564,จำนวนผู้เข้าร่วม,จำนวนนับ,169
D043,T2,2568-ศษ-564,กลุ่มเป้าหมาย,รายการ,เกษตรกรผู้เลี้ยงโคเนื้อ
D043,T2,2568-ศษ-564,สถานะ,ข้อความ,ดำเนินการแล้วเสร็จ
D043,T2,2568-ศษ-564,หมายเหตุ,ข้อความ,
D043,T2,2568-ทถ-005,รหัสกิจกรรม,ข้อความ,2568-ทถ-005
D043,T2,2568-ทถ-005,ชื่อกิจกรรม,ข้อความ,กิจกรรมประชาสัมพันธ์การท่องเที่ยวโดยชุมชน
D043,T2,2568-ทถ-005,หน่วยงานรับผิดชอบ,ข้อความ,องค์การบริหารส่วนตำบลบ้านแหลม
D043,T2,2568-ทถ-005,งบจัดสรร,เงินบาท,344000
D043,T2,2568-ทถ-005,เบิกจ่าย,เงินบาท,273000
D043,T2,2568-ทถ-005,จำนวนผู้เข้าร่วม,จำนวนนับ,44
D043,T2,2568-ทถ-005,กลุ่มเป้าหมาย,รายการ,ประชาชนทั่วไป
D043,T2,2568-ทถ-005,สถานะ,ข้อความ,ดำเนินการแล้วเสร็จ
D043,T2,2568-ทถ-005,หมายเหตุ,ข้อความ,
D043,T2,2568-กษ-308,รหัสกิจกรรม,ข้อความ,2568-กษ-308
D043,T2,2568-กษ-308,ชื่อกิจกรรม,ข้อความ,กิจกรรมประชาสัมพันธ์การท่องเที่ยวโดยชุมชน รุ่นที่ 2
D043,T2,2568-กษ-308,หน่วยงานรับผิดชอบ,ข้อความ,องค์การบริหารส่วนตำบลบ้านแหลม
D043,T2,2568-กษ-308,งบจัดสรร,เงินบาท,240500
D043,T2,2568-กษ-308,เบิกจ่าย,เงินบาท,191000
D043,T2,2568-กษ-308,จำนวนผู้เข้าร่วม,จำนวนนับ,44
D043,T2,2568-กษ-308,กลุ่มเป้าหมาย,รายการ,ประชาชนทั่วไป
D043,T2,2568-กษ-308,สถานะ,ข้อความ,ดำเนินการแล้วเสร็จ
D043,T2,2568-กษ-308,หมายเหตุ,ข้อความ,
D044,T2,2567-สค-037,รหัสกิจกรรม,ข้อความ,2567-สค-037
D044,T2,2567-สค-037,ชื่อกิจกรรม,ข้อความ,โครงการจัดประชุมกองทุนสวัสดิการชุมชน
D044,T2,2567-สค-037,หน่วยงานรับผิดชอบ,ข้อความ,รพ.สต.หนองบัว
D044,T2,2567-สค-037,งบจัดสรร,เงินบาท,614500
D044,T2,2567-สค-037,เบิกจ่าย,เงินบาท,503500
D044,T2,2567-สค-037,จำนวนผู้เข้าร่วม,จำนวนนับ,242
D044,T2,2567-สค-037,กลุ่มเป้าหมาย,รายการ,ผู้ประสบภัยพิบัติ
D044,T2,2567-สค-037,สถานะ,ข้อความ,ดำเนินการแล้วเสร็จ
D044,T2,2567-สค-037,หมายเหตุ,ข้อความ,
D044,T2,2567-กษ-422,รหัสกิจกรรม,ข้อความ,2567-กษ-422
D044,T2,2567-กษ-422,ชื่อกิจกรรม,ข้อความ,กิจกรรมจัดประชุมถนนสายหลักในเขตพื้นที่
D044,T2,2567-กษ-422,หน่วยงานรับผิดชอบ,ข้อความ,โรงพยาบาลส่งเสริมสุขภาพตำบลหนองบัว
D044,T2,2567-กษ-422,งบจัดสรร,เงินบาท,301000
D044,T2,2567-กษ-422,เบิกจ่าย,เงินบาท,280500
D044,T2,2567-กษ-422,จำนวนผู้เข้าร่วม,จำนวนนับ,160
D044,T2,2567-กษ-422,กลุ่มเป้าหมาย,รายการ,อาสาสมัครสาธารณสุขประจำหมู่บ้าน
D044,T2,2567-กษ-422,สถานะ,ข้อความ,ดำเนินการแล้วเสร็จ
D044,T2,2567-กษ-422,หมายเหตุ,ข้อความ,
D044,T2,2567-กษ-176,รหัสกิจกรรม,ข้อความ,2567-กษ-176
D044,T2,2567-กษ-176,ชื่อกิจกรรม,ข้อความ,โครงการจัดประชุมอาสาสมัครสาธารณสุขประจำหมู่บ้าน
D044,T2,2567-กษ-176,หน่วยงานรับผิดชอบ,ข้อความ,รพ.สต.หนองบัว
D044,T2,2567-กษ-176,งบจัดสรร,เงินบาท,334000
D044,T2,2567-กษ-176,เบิกจ่าย,เงินบาท,218000
D044,T2,2567-กษ-176,จำนวนผู้เข้าร่วม,จำนวนนับ,113
D044,T2,2567-กษ-176,กลุ่มเป้าหมาย,รายการ,นักท่องเที่ยว
D044,T2,2567-กษ-176,สถานะ,ข้อความ,ดำเนินการแล้วเสร็จ
D044,T2,2567-กษ-176,หมายเหตุ,ข้อความ,
D044,T2,2567-สค-976,รหัสกิจกรรม,ข้อความ,2567-สค-976
D044,T2,2567-สค-976,ชื่อกิจกรรม,ข้อความ,กิจกรรมจัดทำแผนการบริหารจัดการขยะมูลฝอย
D044,T2,2567-สค-976,หน่วยงานรับผิดชอบ,ข้อความ,โรงพยาบาลส่งเสริมสุขภาพตำบลหนองบัว
D044,T2,2567-สค-976,งบจัดสรร,เงินบาท,130500
D044,T2,2567-สค-976,เบิกจ่าย,เงินบาท,108000
D044,T2,2567-สค-976,จำนวนผู้เข้าร่วม,จำนวนนับ,230
D044,T2,2567-สค-976,กลุ่มเป้าหมาย,รายการ,ผู้ดูแลศูนย์พัฒนาเด็กเล็ก
D044,T2,2567-สค-976,สถานะ,ข้อความ,ดำเนินการแล้วเสร็จ
D044,T2,2567-สค-976,หมายเหตุ,ข้อความ,
D044,T2,2567-สค-133,รหัสกิจกรรม,ข้อความ,2567-สค-133
D044,T2,2567-สค-133,ชื่อกิจกรรม,ข้อความ,กิจกรรมจัดประชุมอาสาสมัครสาธารณสุขประจำหมู่บ้าน
D044,T2,2567-สค-133,หน่วยงานรับผิดชอบ,ข้อความ,รพ.สต.หนองบัว
D044,T2,2567-สค-133,งบจัดสรร,เงินบาท,221500
D044,T2,2567-สค-133,เบิกจ่าย,เงินบาท,145500
D044,T2,2567-สค-133,จำนวนผู้เข้าร่วม,จำนวนนับ,94
D044,T2,2567-สค-133,กลุ่มเป้าหมาย,รายการ,เกษตรกรและผู้ประกอบการรายย่อย
D044,T2,2567-สค-133,สถานะ,ข้อความ,ดำเนินการแล้วเสร็จ
D044,T2,2567-สค-133,หมายเหตุ,ข้อความ,
D044,T2,2567-ศษ-920,รหัสกิจกรรม,ข้อความ,2567-ศษ-920
D044,T2,2567-ศษ-920,ชื่อกิจกรรม,ข้อความ,โครงการจัดประชุมศูนย์พัฒนาเด็กเล็ก
D044,T2,2567-ศษ-920,หน่วยงานรับผิดชอบ,ข้อความ,โรงพยาบาลส่งเสริมสุขภาพตำบลหนองบัว
D044,T2,2567-ศษ-920,งบจัดสรร,เงินบาท,597500
D044,T2,2567-ศษ-920,เบิกจ่าย,เงินบาท,369000
D044,T2,2567-ศษ-920,จำนวนผู้เข้าร่วม,จำนวนนับ,224
D044,T2,2567-ศษ-920,กลุ่มเป้าหมาย,รายการ,ผู้พิการและผู้ดูแล
D044,T2,2567-ศษ-920,สถานะ,ข้อความ,ดำเนินการแล้วเสร็จ
D044,T2,2567-ศษ-920,หมายเหตุ,ข้อความ,
D044,T2,2567-พช-202,รหัสกิจกรรม,ข้อความ,2567-พช-202
D044,T2,2567-พช-202,ชื่อกิจกรรม,ข้อความ,กิจกรรมสำรวจข้อมูลการเกษตรปลอดภัย
D044,T2,2567-พช-202,หน่วยงานรับผิดชอบ,ข้อความ,รพ.สต.หนองบัว
D044,T2,2567-พช-202,งบจัดสรร,เงินบาท,295000
D044,T2,2567-พช-202,เบิกจ่าย,เงินบาท,186000
D044,T2,2567-พช-202,จำนวนผู้เข้าร่วม,จำนวนนับ,219
D044,T2,2567-พช-202,กลุ่มเป้าหมาย,รายการ,ผู้นำชุมชนและปราชญ์ชาวบ้าน
D044,T2,2567-พช-202,สถานะ,ข้อความ,ดำเนินการแล้วเสร็จ
D044,T2,2567-พช-202,หมายเหตุ,ข้อความ,
D044,T2,2567-ศษ-647,รหัสกิจกรรม,ข้อความ,2567-ศษ-647
D044,T2,2567-ศษ-647,ชื่อกิจกรรม,ข้อความ,โครงการจัดประชุมกองทุนสวัสดิการชุมชน
D044,T2,2567-ศษ-647,หน่วยงานรับผิดชอบ,ข้อความ,รพ. สต.หนองบัว
D044,T2,2567-ศษ-647,งบจัดสรร,เงินบาท,614500
D044,T2,2567-ศษ-647,เบิกจ่าย,เงินบาท,503500
D044,T2,2567-ศษ-647,จำนวนผู้เข้าร่วม,จำนวนนับ,242
D044,T2,2567-ศษ-647,กลุ่มเป้าหมาย,รายการ,ผู้ประสบภัยพิบัติ
D044,T2,2567-ศษ-647,สถานะ,ข้อความ,ดำเนินการแล้วเสร็จ
D044,T2,2567-ศษ-647,หมายเหตุ,ข้อความ,
D044,T2,2567-พช-930,รหัสกิจกรรม,ข้อความ,2567-พช-930
D044,T2,2567-พช-930,ชื่อกิจกรรม,ข้อความ,โครงการจัดประชุมกองทุนสวัสดิการชุมชน รุ่นที่ 2
D044,T2,2567-พช-930,หน่วยงานรับผิดชอบ,ข้อความ,รพ. สต.หนองบัว
D044,T2,2567-พช-930,งบจัดสรร,เงินบาท,430000
D044,T2,2567-พช-930,เบิกจ่าย,เงินบาท,352000
D044,T2,2567-พช-930,จำนวนผู้เข้าร่วม,จำนวนนับ,242
D044,T2,2567-พช-930,กลุ่มเป้าหมาย,รายการ,ผู้ประสบภัยพิบัติ
D044,T2,2567-พช-930,สถานะ,ข้อความ,ดำเนินการแล้วเสร็จ
D044,T2,2567-พช-930,หมายเหตุ,ข้อความ,
D045,T2,2567-สค-201,รหัสกิจกรรม,ข้อความ,2567-สค-201
D045,T2,2567-สค-201,ชื่อกิจกรรม,ข้อความ,กิจกรรมจัดประชุมคุณภาพชีวิตผู้สูงอายุ
D045,T2,2567-สค-201,หน่วยงานรับผิดชอบ,ข้อความ,สนง.เกษตรอำเภอปาย
D045,T2,2567-สค-201,งบจัดสรร,เงินบาท,194000
D045,T2,2567-สค-201,เบิกจ่าย,เงินบาท,153000
D045,T2,2567-สค-201,จำนวนผู้เข้าร่วม,จำนวนนับ,170
D045,T2,2567-สค-201,กลุ่มเป้าหมาย,รายการ,สตรีและครอบครัว
D045,T2,2567-สค-201,สถานะ,ข้อความ,ดำเนินการแล้วเสร็จ
D045,T2,2567-สค-201,หมายเหตุ,ข้อความ,
D045,T2,2567-สธ-315,รหัสกิจกรรม,ข้อความ,2567-สธ-315
D045,T2,2567-สธ-315,ชื่อกิจกรรม,ข้อความ,โครงการจัดประชุมคุณภาพชีวิตผู้สูงอายุ
D045,T2,2567-สธ-315,หน่วยงานรับผิดชอบ,ข้อความ,สนง.เกษตรอำเภอปาย
D045,T2,2567-สธ-315,งบจัดสรร,เงินบาท,559500
D045,T2,2567-สธ-315,เบิกจ่าย,เงินบาท,409000
D045,T2,2567-สธ-315,จำนวนผู้เข้าร่วม,จำนวนนับ,112
D045,T2,2567-สธ-315,กลุ่มเป้าหมาย,รายการ,ผู้พิการและผู้ดูแล
D045,T2,2567-สธ-315,สถานะ,ข้อความ,ดำเนินการแล้วเสร็จ
D045,T2,2567-สธ-315,หมายเหตุ,ข้อความ,
D045,T2,2567-สธ-543,รหัสกิจกรรม,ข้อความ,2567-สธ-543
D045,T2,2567-สธ-543,ชื่อกิจกรรม,ข้อความ,โครงการบำรุงรักษาแผนพัฒนาท้องถิ่นห้าปี
D045,T2,2567-สธ-543,หน่วยงานรับผิดชอบ,ข้อความ,สำนักงานเกษตรอำเภอปาย
D045,T2,2567-สธ-543,งบจัดสรร,เงินบาท,61500
D045,T2,2567-สธ-543,เบิกจ่าย,เงินบาท,51500
D045,T2,2567-สธ-543,จำนวนผู้เข้าร่วม,จำนวนนับ,34
D045,T2,2567-สธ-543,กลุ่มเป้าหมาย,รายการ,ข้าราชการและเจ้าหน้าที่ของรัฐ
D045,T2,2567-สธ-543,สถานะ,ข้อความ,ดำเนินการแล้วเสร็จ
D045,T2,2567-สธ-543,หมายเหตุ,ข้อความ,
D045,T2,2567-สธ-403,รหัสกิจกรรม,ข้อความ,2567-สธ-403
D045,T2,2567-สธ-403,ชื่อกิจกรรม,ข้อความ,กิจกรรมตรวจเยี่ยมการป้องกันโรคไข้เลือดออก
D045,T2,2567-สธ-403,หน่วยงานรับผิดชอบ,ข้อความ,สนง.เกษตรอำเภอปาย
D045,T2,2567-สธ-403,งบจัดสรร,เงินบาท,603500
D045,T2,2567-สธ-403,เบิกจ่าย,เงินบาท,404000
D045,T2,2567-สธ-403,จำนวนผู้เข้าร่วม,จำนวนนับ,89
D045,T2,2567-สธ-403,กลุ่มเป้าหมาย,รายการ,อาสาสมัครสาธารณสุขประจำหมู่บ้าน
D045,T2,2567-สธ-403,สถานะ,ข้อความ,ดำเนินการแล้วเสร็จ
D045,T2,2567-สธ-403,หมายเหตุ,ข้อความ,
D045,T2,2567-กษ-412,รหัสกิจกรรม,ข้อความ,2567-กษ-412
D045,T2,2567-กษ-412,ชื่อกิจกรรม,ข้อความ,กิจกรรมสำรวจข้อมูลคุณภาพชีวิตผู้สูงอายุ
D045,T2,2567-กษ-412,หน่วยงานรับผิดชอบ,ข้อความ,สนง.เกษตรอำเภอปาย
D045,T2,2567-กษ-412,งบจัดสรร,เงินบาท,320500
D045,T2,2567-กษ-412,เบิกจ่าย,เงินบาท,260000
D045,T2,2567-กษ-412,จำนวนผู้เข้าร่วม,จำนวนนับ,183
D045,T2,2567-กษ-412,กลุ่มเป้าหมาย,รายการ,นักเรียนและนักศึกษา
D045,T2,2567-กษ-412,สถานะ,ข้อความ,ดำเนินการแล้วเสร็จ
D045,T2,2567-กษ-412,หมายเหตุ,ข้อความ,
D045,T2,2567-ทถ-470,รหัสกิจกรรม,ข้อความ,2567-ทถ-470
D045,T2,2567-ทถ-470,ชื่อกิจกรรม,ข้อความ,กิจกรรมบำรุงรักษากองทุนสวัสดิการชุมชน
D045,T2,2567-ทถ-470,หน่วยงานรับผิดชอบ,ข้อความ,สำนักงานเกษตรอำเภอปาย
D045,T2,2567-ทถ-470,งบจัดสรร,เงินบาท,173500
D045,T2,2567-ทถ-470,เบิกจ่าย,เงินบาท,108500
D045,T2,2567-ทถ-470,จำนวนผู้เข้าร่วม,จำนวนนับ,98
D045,T2,2567-ทถ-470,กลุ่มเป้าหมาย,รายการ,ครัวเรือนยากจน
D045,T2,2567-ทถ-470,สถานะ,ข้อความ,ดำเนินการแล้วเสร็จ
D045,T2,2567-ทถ-470,หมายเหตุ,ข้อความ,
D045,T2,2567-ทถ-511,รหัสกิจกรรม,ข้อความ,2567-ทถ-511
D045,T2,2567-ทถ-511,ชื่อกิจกรรม,ข้อความ,โครงการสำรวจข้อมูลครัวเรือนยากจนเป้าหมาย
D045,T2,2567-ทถ-511,หน่วยงานรับผิดชอบ,ข้อความ,สำนักงานเกษตรอำเภอปาย
D045,T2,2567-ทถ-511,งบจัดสรร,เงินบาท,98000
D045,T2,2567-ทถ-511,เบิกจ่าย,เงินบาท,94500
D045,T2,2567-ทถ-511,จำนวนผู้เข้าร่วม,จำนวนนับ,166
D045,T2,2567-ทถ-511,กลุ่มเป้าหมาย,รายการ,อาสาสมัครป้องกันภัยฝ่ายพลเรือน
D045,T2,2567-ทถ-511,สถานะ,ข้อความ,ดำเนินการแล้วเสร็จ
D045,T2,2567-ทถ-511,หมายเหตุ,ข้อความ,
D045,T2,2567-ศษ-014,รหัสกิจกรรม,ข้อความ,2567-ศษ-014
D045,T2,2567-ศษ-014,ชื่อกิจกรรม,ข้อความ,กิจกรรมจัดประชุมคุณภาพชีวิตผู้สูงอายุ
D045,T2,2567-ศษ-014,หน่วยงานรับผิดชอบ,ข้อความ,สำนักงานเกษตรอำเภอปาย
D045,T2,2567-ศษ-014,งบจัดสรร,เงินบาท,194000
D045,T2,2567-ศษ-014,เบิกจ่าย,เงินบาท,153000
D045,T2,2567-ศษ-014,จำนวนผู้เข้าร่วม,จำนวนนับ,170
D045,T2,2567-ศษ-014,กลุ่มเป้าหมาย,รายการ,สตรีและครอบครัว
D045,T2,2567-ศษ-014,สถานะ,ข้อความ,ดำเนินการแล้วเสร็จ
D045,T2,2567-ศษ-014,หมายเหตุ,ข้อความ,
D045,T2,2567-พช-329,รหัสกิจกรรม,ข้อความ,2567-พช-329
D045,T2,2567-พช-329,ชื่อกิจกรรม,ข้อความ,กิจกรรมจัดประชุมคุณภาพชีวิตผู้สูงอายุ รุ่นที่ 2
D045,T2,2567-พช-329,หน่วยงานรับผิดชอบ,ข้อความ,สำนักงานเกษตรอำเภอปาย
D045,T2,2567-พช-329,งบจัดสรร,เงินบาท,135500
D045,T2,2567-พช-329,เบิกจ่าย,เงินบาท,107000
D045,T2,2567-พช-329,จำนวนผู้เข้าร่วม,จำนวนนับ,170
D045,T2,2567-พช-329,กลุ่มเป้าหมาย,รายการ,สตรีและครอบครัว
D045,T2,2567-พช-329,สถานะ,ข้อความ,ดำเนินการแล้วเสร็จ
D045,T2,2567-พช-329,หมายเหตุ,ข้อความ,
D046,T2,2567-ศษ-080,รหัสกิจกรรม,ข้อความ,2567-ศษ-080
D046,T2,2567-ศษ-080,ชื่อกิจกรรม,ข้อความ,โครงการอบรมเชิงปฏิบัติการอาสาสมัครสาธารณสุขประจำหมู่บ้าน
D046,T2,2567-ศษ-080,หน่วยงานรับผิดชอบ,ข้อความ,ทต.บ้านฉาง
D046,T2,2567-ศษ-080,งบจัดสรร,เงินบาท,380000
D046,T2,2567-ศษ-080,เบิกจ่าย,เงินบาท,251500
D046,T2,2567-ศษ-080,จำนวนผู้เข้าร่วม,จำนวนนับ,221
D046,T2,2567-ศษ-080,กลุ่มเป้าหมาย,รายการ,กลุ่มวิสาหกิจชุมชน
D046,T2,2567-ศษ-080,สถานะ,ข้อความ,ดำเนินการแล้วเสร็จ
D046,T2,2567-ศษ-080,หมายเหตุ,ข้อความ,
D046,T2,2567-สธ-037,รหัสกิจกรรม,ข้อความ,2567-สธ-037
D046,T2,2567-สธ-037,ชื่อกิจกรรม,ข้อความ,โครงการประชาสัมพันธ์การเกษตรปลอดภัย
D046,T2,2567-สธ-037,หน่วยงานรับผิดชอบ,ข้อความ,เทศบาลตำบลบ้านฉาง
D046,T2,2567-สธ-037,งบจัดสรร,เงินบาท,402000
D046,T2,2567-สธ-037,เบิกจ่าย,เงินบาท,396000
D046,T2,2567-สธ-037,จำนวนผู้เข้าร่วม,จำนวนนับ,33
D046,T2,2567-สธ-037,กลุ่มเป้าหมาย,รายการ,ประชาชนทั่วไป
D046,T2,2567-สธ-037,สถานะ,ข้อความ,ดำเนินการแล้วเสร็จ
D046,T2,2567-สธ-037,หมายเหตุ,ข้อความ,
D046,T2,2567-สธ-237,รหัสกิจกรรม,ข้อความ,2567-สธ-237
D046,T2,2567-สธ-237,ชื่อกิจกรรม,ข้อความ,กิจกรรมสำรวจข้อมูลเศรษฐกิจฐานราก
D046,T2,2567-สธ-237,หน่วยงานรับผิดชอบ,ข้อความ,เทศบาลตำบลบ้านฉาง
D046,T2,2567-สธ-237,งบจัดสรร,เงินบาท,705000
D046,T2,2567-สธ-237,เบิกจ่าย,เงินบาท,610000
D046,T2,2567-สธ-237,จำนวนผู้เข้าร่วม,จำนวนนับ,58
D046,T2,2567-สธ-237,กลุ่มเป้าหมาย,รายการ,แกนนำสุขภาพประจำครอบครัว
D046,T2,2567-สธ-237,สถานะ,ข้อความ,ดำเนินการแล้วเสร็จ
D046,T2,2567-สธ-237,หมายเหตุ,ข้อความ,
D046,T2,2567-ทถ-681,รหัสกิจกรรม,ข้อความ,2567-ทถ-681
D046,T2,2567-ทถ-681,ชื่อกิจกรรม,ข้อความ,โครงการอบรมเชิงปฏิบัติการการบริหารจัดการขยะมูลฝอย
D046,T2,2567-ทถ-681,หน่วยงานรับผิดชอบ,ข้อความ,ทต.บ้านฉาง
D046,T2,2567-ทถ-681,งบจัดสรร,เงินบาท,37000
D046,T2,2567-ทถ-681,เบิกจ่าย,เงินบาท,31000
D046,T2,2567-ทถ-681,จำนวนผู้เข้าร่วม,จำนวนนับ,28
D046,T2,2567-ทถ-681,กลุ่มเป้าหมาย,รายการ,ผู้นำชุมชนและปราชญ์ชาวบ้าน
D046,T2,2567-ทถ-681,สถานะ,ข้อความ,ดำเนินการแล้วเสร็จ
D046,T2,2567-ทถ-681,หมายเหตุ,ข้อความ,
D046,T2,2567-ทถ-749,รหัสกิจกรรม,ข้อความ,2567-ทถ-749
D046,T2,2567-ทถ-749,ชื่อกิจกรรม,ข้อความ,โครงการจัดประชุมระบบประปาหมู่บ้าน
D046,T2,2567-ทถ-749,หน่วยงานรับผิดชอบ,ข้อความ,เทศบาลตำบลบ้านฉาง
D046,T2,2567-ทถ-749,งบจัดสรร,เงินบาท,622500
D046,T2,2567-ทถ-749,เบิกจ่าย,เงินบาท,402000
D046,T2,2567-ทถ-749,จำนวนผู้เข้าร่วม,จำนวนนับ,128
D046,T2,2567-ทถ-749,กลุ่มเป้าหมาย,รายการ,นักเรียนและนักศึกษา
D046,T2,2567-ทถ-749,สถานะ,ข้อความ,ดำเนินการแล้วเสร็จ
D046,T2,2567-ทถ-749,หมายเหตุ,ข้อความ,
D046,T2,2567-พช-253,รหัสกิจกรรม,ข้อความ,2567-พช-253
D046,T2,2567-พช-253,ชื่อกิจกรรม,ข้อความ,กิจกรรมประชาสัมพันธ์การป้องกันโรคไข้เลือดออก
D046,T2,2567-พช-253,หน่วยงานรับผิดชอบ,ข้อความ,ทต.บ้านฉาง
D046,T2,2567-พช-253,งบจัดสรร,เงินบาท,336000
D046,T2,2567-พช-253,เบิกจ่าย,เงินบาท,292000
D046,T2,2567-พช-253,จำนวนผู้เข้าร่วม,จำนวนนับ,92
D046,T2,2567-พช-253,กลุ่มเป้าหมาย,รายการ,เด็กและเยาวชน
D046,T2,2567-พช-253,สถานะ,ข้อความ,ดำเนินการแล้วเสร็จ
D046,T2,2567-พช-253,หมายเหตุ,ข้อความ,
D046,T2,2567-ทถ-299,รหัสกิจกรรม,ข้อความ,2567-ทถ-299
D046,T2,2567-ทถ-299,ชื่อกิจกรรม,ข้อความ,กิจกรรมบำรุงรักษากลุ่มวิสาหกิจชุมชน
D046,T2,2567-ทถ-299,หน่วยงานรับผิดชอบ,ข้อความ,ทต.บ้านฉาง
D046,T2,2567-ทถ-299,งบจัดสรร,เงินบาท,756500
D046,T2,2567-ทถ-299,เบิกจ่าย,เงินบาท,646000
D046,T2,2567-ทถ-299,จำนวนผู้เข้าร่วม,จำนวนนับ,118
D046,T2,2567-ทถ-299,กลุ่มเป้าหมาย,รายการ,ผู้สูงอายุ
D046,T2,2567-ทถ-299,สถานะ,ข้อความ,ดำเนินการแล้วเสร็จ
D046,T2,2567-ทถ-299,หมายเหตุ,ข้อความ,
D046,T2,2567-สธ-075,รหัสกิจกรรม,ข้อความ,2567-สธ-075
D046,T2,2567-สธ-075,ชื่อกิจกรรม,ข้อความ,โครงการอบรมเชิงปฏิบัติการอาสาสมัครสาธารณสุขประจำหมู่บ้าน
D046,T2,2567-สธ-075,หน่วยงานรับผิดชอบ,ข้อความ,เทศบาลตำบลบ้านฉาง
D046,T2,2567-สธ-075,งบจัดสรร,เงินบาท,380000
D046,T2,2567-สธ-075,เบิกจ่าย,เงินบาท,251500
D046,T2,2567-สธ-075,จำนวนผู้เข้าร่วม,จำนวนนับ,221
D046,T2,2567-สธ-075,กลุ่มเป้าหมาย,รายการ,กลุ่มวิสาหกิจชุมชน
D046,T2,2567-สธ-075,สถานะ,ข้อความ,ดำเนินการแล้วเสร็จ
D046,T2,2567-สธ-075,หมายเหตุ,ข้อความ,
D046,T2,2567-สค-943,รหัสกิจกรรม,ข้อความ,2567-สค-943
D046,T2,2567-สค-943,ชื่อกิจกรรม,ข้อความ,โครงการอบรมเชิงปฏิบัติการอาสาสมัครสาธารณสุขประจำหมู่บ้าน รุ่นที่ 2
D046,T2,2567-สค-943,หน่วยงานรับผิดชอบ,ข้อความ,เทศบาลตำบลบ้านฉาง
D046,T2,2567-สค-943,งบจัดสรร,เงินบาท,266000
D046,T2,2567-สค-943,เบิกจ่าย,เงินบาท,176000
D046,T2,2567-สค-943,จำนวนผู้เข้าร่วม,จำนวนนับ,221
D046,T2,2567-สค-943,กลุ่มเป้าหมาย,รายการ,กลุ่มวิสาหกิจชุมชน
D046,T2,2567-สค-943,สถานะ,ข้อความ,ดำเนินการแล้วเสร็จ
D046,T2,2567-สค-943,หมายเหตุ,ข้อความ,
D047,T2,2568-ศษ-744,รหัสกิจกรรม,ข้อความ,2568-ศษ-744
D047,T2,2568-ศษ-744,ชื่อกิจกรรม,ข้อความ,กิจกรรมตรวจเยี่ยมการจัดการน้ำเสียชุมชน
D047,T2,2568-ศษ-744,หน่วยงานรับผิดชอบ,ข้อความ,สสจ.น่าน
D047,T2,2568-ศษ-744,งบจัดสรร,เงินบาท,498000
D047,T2,2568-ศษ-744,เบิกจ่าย,เงินบาท,383000
D047,T2,2568-ศษ-744,จำนวนผู้เข้าร่วม,จำนวนนับ,133
D047,T2,2568-ศษ-744,กลุ่มเป้าหมาย,รายการ,เจ้าหน้าที่ท้องถิ่น
D047,T2,2568-ศษ-744,สถานะ,ข้อความ,ดำเนินการแล้วเสร็จ
D047,T2,2568-ศษ-744,หมายเหตุ,ข้อความ,
D047,T2,2568-พช-757,รหัสกิจกรรม,ข้อความ,2568-พช-757
D047,T2,2568-พช-757,ชื่อกิจกรรม,ข้อความ,กิจกรรมอบรมเชิงปฏิบัติการอาสาสมัครสาธารณสุขประจำหมู่บ้าน
D047,T2,2568-พช-757,หน่วยงานรับผิดชอบ,ข้อความ,สำนักงานสาธารณสุขจังหวัดน่าน
D047,T2,2568-พช-757,งบจัดสรร,เงินบาท,544000
D047,T2,2568-พช-757,เบิกจ่าย,เงินบาท,465000
D047,T2,2568-พช-757,จำนวนผู้เข้าร่วม,จำนวนนับ,170
D047,T2,2568-พช-757,กลุ่มเป้าหมาย,รายการ,แรงงานนอกระบบ
D047,T2,2568-พช-757,สถานะ,ข้อความ,ดำเนินการแล้วเสร็จ
D047,T2,2568-พช-757,หมายเหตุ,ข้อความ,
D047,T2,2568-สค-754,รหัสกิจกรรม,ข้อความ,2568-สค-754
D047,T2,2568-สค-754,ชื่อกิจกรรม,ข้อความ,กิจกรรมจัดทำแผนอาสาสมัครสาธารณสุขประจำหมู่บ้าน
D047,T2,2568-สค-754,หน่วยงานรับผิดชอบ,ข้อความ,สสจ.น่าน
D047,T2,2568-สค-754,งบจัดสรร,เงินบาท,290000
D047,T2,2568-สค-754,เบิกจ่าย,เงินบาท,180000
D047,T2,2568-สค-754,จำนวนผู้เข้าร่วม,จำนวนนับ,172
D047,T2,2568-สค-754,กลุ่มเป้าหมาย,รายการ,ครัวเรือนยากจน
D047,T2,2568-สค-754,สถานะ,ข้อความ,ดำเนินการแล้วเสร็จ
D047,T2,2568-สค-754,หมายเหตุ,ข้อความ,
D047,T2,2568-สค-169,รหัสกิจกรรม,ข้อความ,2568-สค-169
D047,T2,2568-สค-169,ชื่อกิจกรรม,ข้อความ,กิจกรรมบำรุงรักษาการป้องกันโรคไข้เลือดออก
D047,T2,2568-สค-169,หน่วยงานรับผิดชอบ,ข้อความ,สสจ.น่าน
D047,T2,2568-สค-169,งบจัดสรร,เงินบาท,125500
D047,T2,2568-สค-169,เบิกจ่าย,เงินบาท,116000
D047,T2,2568-สค-169,จำนวนผู้เข้าร่วม,จำนวนนับ,217
D047,T2,2568-สค-169,กลุ่มเป้าหมาย,รายการ,เกษตรกรผู้เลี้ยงโคเนื้อ
D047,T2,2568-สค-169,สถานะ,ข้อความ,ดำเนินการแล้วเสร็จ
D047,T2,2568-สค-169,หมายเหตุ,ข้อความ,
D047,T2,2568-ทถ-407,รหัสกิจกรรม,ข้อความ,2568-ทถ-407
D047,T2,2568-ทถ-407,ชื่อกิจกรรม,ข้อความ,โครงการสำรวจข้อมูลแผนพัฒนาท้องถิ่นห้าปี
D047,T2,2568-ทถ-407,หน่วยงานรับผิดชอบ,ข้อความ,สำนักงานสาธารณสุขจังหวัดน่าน
D047,T2,2568-ทถ-407,งบจัดสรร,เงินบาท,834500
D047,T2,2568-ทถ-407,เบิกจ่าย,เงินบาท,729500
D047,T2,2568-ทถ-407,จำนวนผู้เข้าร่วม,จำนวนนับ,245
D047,T2,2568-ทถ-407,กลุ่มเป้าหมาย,รายการ,ผู้นำชุมชนและปราชญ์ชาวบ้าน
D047,T2,2568-ทถ-407,สถานะ,ข้อความ,ดำเนินการแล้วเสร็จ
D047,T2,2568-ทถ-407,หมายเหตุ,ข้อความ,
D047,T2,2568-ศษ-380,รหัสกิจกรรม,ข้อความ,2568-ศษ-380
D047,T2,2568-ศษ-380,ชื่อกิจกรรม,ข้อความ,โครงการจัดทำแผนกองทุนสวัสดิการชุมชน
D047,T2,2568-ศษ-380,หน่วยงานรับผิดชอบ,ข้อความ,สสจ.น่าน
D047,T2,2568-ศษ-380,งบจัดสรร,เงินบาท,266500
D047,T2,2568-ศษ-380,เบิกจ่าย,เงินบาท,158000
D047,T2,2568-ศษ-380,จำนวนผู้เข้าร่วม,จำนวนนับ,78
D047,T2,2568-ศษ-380,กลุ่มเป้าหมาย,รายการ,ผู้ประกอบการร้านอาหาร
D047,T2,2568-ศษ-380,สถานะ,ข้อความ,ดำเนินการแล้วเสร็จ
D047,T2,2568-ศษ-380,หมายเหตุ,ข้อความ,
D047,T2,2568-ทถ-864,รหัสกิจกรรม,ข้อความ,2568-ทถ-864
D047,T2,2568-ทถ-864,ชื่อกิจกรรม,ข้อความ,กิจกรรมตรวจเยี่ยมการจัดการน้ำเสียชุมชน
D047,T2,2568-ทถ-864,หน่วยงานรับผิดชอบ,ข้อความ,สสจน่าน
D047,T2,2568-ทถ-864,งบจัดสรร,เงินบาท,498000
D047,T2,2568-ทถ-864,เบิกจ่าย,เงินบาท,383000
D047,T2,2568-ทถ-864,จำนวนผู้เข้าร่วม,จำนวนนับ,133
D047,T2,2568-ทถ-864,กลุ่มเป้าหมาย,รายการ,เจ้าหน้าที่ท้องถิ่น
D047,T2,2568-ทถ-864,สถานะ,ข้อความ,ดำเนินการแล้วเสร็จ
D047,T2,2568-ทถ-864,หมายเหตุ,ข้อความ,
D047,T2,2568-ศษ-355,รหัสกิจกรรม,ข้อความ,2568-ศษ-355
D047,T2,2568-ศษ-355,ชื่อกิจกรรม,ข้อความ,โครงการจัดทำแผนการป้องกันโรคไข้เลือดออก
D047,T2,2568-ศษ-355,หน่วยงานรับผิดชอบ,ข้อความ,สสจ.น่าน
D047,T2,2568-ศษ-355,งบจัดสรร,เงินบาท,582000
D047,T2,2568-ศษ-355,เบิกจ่าย,เงินบาท,386500
D047,T2,2568-ศษ-355,จำนวนผู้เข้าร่วม,จำนวนนับ,214
D047,T2,2568-ศษ-355,กลุ่มเป้าหมาย,รายการ,ผู้พิการและผู้ดูแล
D047,T2,2568-ศษ-355,สถานะ,ข้อความ,ดำเนินการแล้วเสร็จ
D047,T2,2568-ศษ-355,หมายเหตุ,ข้อความ,
D047,T2,2568-กษ-698,รหัสกิจกรรม,ข้อความ,2568-กษ-698
D047,T2,2568-กษ-698,ชื่อกิจกรรม,ข้อความ,กิจกรรมตรวจเยี่ยมการจัดการน้ำเสียชุมชน รุ่นที่ 2
D047,T2,2568-กษ-698,หน่วยงานรับผิดชอบ,ข้อความ,สสจ.น่าน
D047,T2,2568-กษ-698,งบจัดสรร,เงินบาท,407000
D047,T2,2568-กษ-698,เบิกจ่าย,เงินบาท,270500
D047,T2,2568-กษ-698,จำนวนผู้เข้าร่วม,จำนวนนับ,214
D047,T2,2568-กษ-698,กลุ่มเป้าหมาย,รายการ,ผู้พิการและผู้ดูแล
D047,T2,2568-กษ-698,สถานะ,ข้อความ,ดำเนินการแล้วเสร็จ
D047,T2,2568-กษ-698,หมายเหตุ,ข้อความ,
D048,T2,2567-พช-062,รหัสกิจกรรม,ข้อความ,2567-พช-062
D048,T2,2567-พช-062,ชื่อกิจกรรม,ข้อความ,โครงการตรวจเยี่ยมกองทุนสวัสดิการชุมชน
D048,T2,2567-พช-062,หน่วยงานรับผิดชอบ,ข้อความ,อบต.หนองปลาไหล
D048,T2,2567-พช-062,งบจัดสรร,เงินบาท,284000
D048,T2,2567-พช-062,เบิกจ่าย,เงินบาท,205500
D048,T2,2567-พช-062,จำนวนผู้เข้าร่วม,จำนวนนับ,138
D048,T2,2567-พช-062,กลุ่มเป้าหมาย,รายการ,ผู้ปกครองเด็กก่อนวัยเรียน
D048,T2,2567-พช-062,สถานะ,ข้อความ,ดำเนินการแล้วเสร็จ
D048,T2,2567-พช-062,หมายเหตุ,ข้อความ,
D048,T2,2567-สค-465,รหัสกิจกรรม,ข้อความ,2567-สค-465
D048,T2,2567-สค-465,ชื่อกิจกรรม,ข้อความ,โครงการบำรุงรักษาครัวเรือนยากจนเป้าหมาย
D048,T2,2567-สค-465,หน่วยงานรับผิดชอบ,ข้อความ,องค์การบริหารส่วนตำบลหนองปลาไหล
D048,T2,2567-สค-465,งบจัดสรร,เงินบาท,706000
D048,T2,2567-สค-465,เบิกจ่าย,เงินบาท,457000
D048,T2,2567-สค-465,จำนวนผู้เข้าร่วม,จำนวนนับ,123
D048,T2,2567-สค-465,กลุ่มเป้าหมาย,รายการ,กลุ่มเปราะบางและผู้ด้อยโอกาส
D048,T2,2567-สค-465,สถานะ,ข้อความ,ดำเนินการแล้วเสร็จ
D048,T2,2567-สค-465,หมายเหตุ,ข้อความ,
D048,T2,2567-ทถ-080,รหัสกิจกรรม,ข้อความ,2567-ทถ-080
D048,T2,2567-ทถ-080,ชื่อกิจกรรม,ข้อความ,โครงการจัดประชุมการป้องกันโรคไข้เลือดออก
D048,T2,2567-ทถ-080,หน่วยงานรับผิดชอบ,ข้อความ,อบต.หนองปลาไหล
D048,T2,2567-ทถ-080,งบจัดสรร,เงินบาท,835500
D048,T2,2567-ทถ-080,เบิกจ่าย,เงินบาท,712000
D048,T2,2567-ทถ-080,จำนวนผู้เข้าร่วม,จำนวนนับ,240
D048,T2,2567-ทถ-080,กลุ่มเป้าหมาย,รายการ,ผู้สูงอายุ
D048,T2,2567-ทถ-080,สถานะ,ข้อความ,ดำเนินการแล้วเสร็จ
D048,T2,2567-ทถ-080,หมายเหตุ,ข้อความ,
D048,T2,2567-กษ-348,รหัสกิจกรรม,ข้อความ,2567-กษ-348
D048,T2,2567-กษ-348,ชื่อกิจกรรม,ข้อความ,กิจกรรมสำรวจข้อมูลครัวเรือนยากจนเป้าหมาย
D048,T2,2567-กษ-348,หน่วยงานรับผิดชอบ,ข้อความ,อบต.หนองปลาไหล
D048,T2,2567-กษ-348,งบจัดสรร,เงินบาท,786000
D048,T2,2567-กษ-348,เบิกจ่าย,เงินบาท,438000
D048,T2,2567-กษ-348,จำนวนผู้เข้าร่วม,จำนวนนับ,203
D048,T2,2567-กษ-348,กลุ่มเป้าหมาย,รายการ,ผู้ประกันตนตามมาตรา 40
D048,T2,2567-กษ-348,สถานะ,ข้อความ,ดำเนินการแล้วเสร็จ
D048,T2,2567-กษ-348,หมายเหตุ,ข้อความ,
D048,T2,2567-สค-352,รหัสกิจกรรม,ข้อความ,2567-สค-352
D048,T2,2567-สค-352,ชื่อกิจกรรม,ข้อความ,โครงการอบรมเชิงปฏิบัติการศูนย์พัฒนาเด็กเล็ก
D048,T2,2567-สค-352,หน่วยงานรับผิดชอบ,ข้อความ,อบต.หนองปลาไหล
D048,T2,2567-สค-352,งบจัดสรร,เงินบาท,416000
D048,T2,2567-สค-352,เบิกจ่าย,เงินบาท,379500
D048,T2,2567-สค-352,จำนวนผู้เข้าร่วม,จำนวนนับ,200
D048,T2,2567-สค-352,กลุ่มเป้าหมาย,รายการ,นักท่องเที่ยว
D048,T2,2567-สค-352,สถานะ,ข้อความ,ดำเนินการแล้วเสร็จ
D048,T2,2567-สค-352,หมายเหตุ,ข้อความ,
D048,T2,2567-สธ-833,รหัสกิจกรรม,ข้อความ,2567-สธ-833
D048,T2,2567-สธ-833,ชื่อกิจกรรม,ข้อความ,กิจกรรมตรวจเยี่ยมศูนย์พัฒนาเด็กเล็ก
D048,T2,2567-สธ-833,หน่วยงานรับผิดชอบ,ข้อความ,อบต.หนองปลาไหล
D048,T2,2567-สธ-833,งบจัดสรร,เงินบาท,317000
D048,T2,2567-สธ-833,เบิกจ่าย,เงินบาท,238500
D048,T2,2567-สธ-833,จำนวนผู้เข้าร่วม,จำนวนนับ,35
D048,T2,2567-สธ-833,กลุ่มเป้าหมาย,รายการ,อาสาสมัครสาธารณสุขประจำหมู่บ้าน
D048,T2,2567-สธ-833,สถานะ,ข้อความ,ดำเนินการแล้วเสร็จ
D048,T2,2567-สธ-833,หมายเหตุ,ข้อความ,
D048,T2,2567-ศษ-301,รหัสกิจกรรม,ข้อความ,2567-ศษ-301
D048,T2,2567-ศษ-301,ชื่อกิจกรรม,ข้อความ,โครงการตรวจเยี่ยมกองทุนสวัสดิการชุมชน
D048,T2,2567-ศษ-301,หน่วยงานรับผิดชอบ,ข้อความ,อบต. หนองปลาไหล
D048,T2,2567-ศษ-301,งบจัดสรร,เงินบาท,284000
D048,T2,2567-ศษ-301,เบิกจ่าย,เงินบาท,205500
D048,T2,2567-ศษ-301,จำนวนผู้เข้าร่วม,จำนวนนับ,138
D048,T2,2567-ศษ-301,กลุ่มเป้าหมาย,รายการ,ผู้ปกครองเด็กก่อนวัยเรียน
D048,T2,2567-ศษ-301,สถานะ,ข้อความ,ดำเนินการแล้วเสร็จ
D048,T2,2567-ศษ-301,หมายเหตุ,ข้อความ,
D048,T2,2567-สธ-448,รหัสกิจกรรม,ข้อความ,2567-สธ-448
D048,T2,2567-สธ-448,ชื่อกิจกรรม,ข้อความ,กิจกรรมจัดเก็บข้อมูลการเกษตรปลอดภัย
D048,T2,2567-สธ-448,หน่วยงานรับผิดชอบ,ข้อความ,อบต.หนองปลาไหล
D048,T2,2567-สธ-448,งบจัดสรร,เงินบาท,834000
D048,T2,2567-สธ-448,เบิกจ่าย,เงินบาท,673500
D048,T2,2567-สธ-448,จำนวนผู้เข้าร่วม,จำนวนนับ,175
D048,T2,2567-สธ-448,กลุ่มเป้าหมาย,รายการ,ผู้ป่วยติดเตียงและผู้ดูแลที่บ้าน
D048,T2,2567-สธ-448,สถานะ,ข้อความ,ดำเนินการแล้วเสร็จ
D048,T2,2567-สธ-448,หมายเหตุ,ข้อความ,
D048,T2,2567-สค-114,รหัสกิจกรรม,ข้อความ,2567-สค-114
D048,T2,2567-สค-114,ชื่อกิจกรรม,ข้อความ,โครงการตรวจเยี่ยมกองทุนสวัสดิการชุมชน รุ่นที่ 2
D048,T2,2567-สค-114,หน่วยงานรับผิดชอบ,ข้อความ,อบต.หนองปลาไหล
D048,T2,2567-สค-114,งบจัดสรร,เงินบาท,583500
D048,T2,2567-สค-114,เบิกจ่าย,เงินบาท,471000
D048,T2,2567-สค-114,จำนวนผู้เข้าร่วม,จำนวนนับ,175
D048,T2,2567-สค-114,กลุ่มเป้าหมาย,รายการ,ผู้ป่วยติดเตียงและผู้ดูแลที่บ้าน
D048,T2,2567-สค-114,สถานะ,ข้อความ,ดำเนินการแล้วเสร็จ
D048,T2,2567-สค-114,หมายเหตุ,ข้อความ,
D049,T2,2568-สค-668,รหัสกิจกรรม,ข้อความ,2568-สค-668
D049,T2,2568-สค-668,ชื่อกิจกรรม,ข้อความ,โครงการจัดทำแผนการเกษตรปลอดภัย
D049,T2,2568-สค-668,หน่วยงานรับผิดชอบ,ข้อความ,เทศบาลเมืองลำพูน
D049,T2,2568-สค-668,งบจัดสรร,เงินบาท,501000
D049,T2,2568-สค-668,เบิกจ่าย,เงินบาท,392500
D049,T2,2568-สค-668,จำนวนผู้เข้าร่วม,จำนวนนับ,115
D049,T2,2568-สค-668,กลุ่มเป้าหมาย,รายการ,กลุ่มเปราะบางและผู้ด้อยโอกาส
D049,T2,2568-สค-668,สถานะ,ข้อความ,ดำเนินการแล้วเสร็จ
D049,T2,2568-สค-668,หมายเหตุ,ข้อความ,
D049,T2,2568-ทถ-895,รหัสกิจกรรม,ข้อความ,2568-ทถ-895
D049,T2,2568-ทถ-895,ชื่อกิจกรรม,ข้อความ,โครงการบำรุงรักษาครัวเรือนยากจนเป้าหมาย
D049,T2,2568-ทถ-895,หน่วยงานรับผิดชอบ,ข้อความ,ทม.ลำพูน
D049,T2,2568-ทถ-895,งบจัดสรร,เงินบาท,25000
D049,T2,2568-ทถ-895,เบิกจ่าย,เงินบาท,17500
D049,T2,2568-ทถ-895,จำนวนผู้เข้าร่วม,จำนวนนับ,239
D049,T2,2568-ทถ-895,กลุ่มเป้าหมาย,รายการ,ครัวเรือนยากจน
D049,T2,2568-ทถ-895,สถานะ,ข้อความ,ดำเนินการแล้วเสร็จ
D049,T2,2568-ทถ-895,หมายเหตุ,ข้อความ,
D049,T2,2568-ศษ-467,รหัสกิจกรรม,ข้อความ,2568-ศษ-467
D049,T2,2568-ศษ-467,ชื่อกิจกรรม,ข้อความ,โครงการอบรมเชิงปฏิบัติการการบริหารจัดการขยะมูลฝอย
D049,T2,2568-ศษ-467,หน่วยงานรับผิดชอบ,ข้อความ,ทม.ลำพูน
D049,T2,2568-ศษ-467,งบจัดสรร,เงินบาท,323000
D049,T2,2568-ศษ-467,เบิกจ่าย,เงินบาท,219500
D049,T2,2568-ศษ-467,จำนวนผู้เข้าร่วม,จำนวนนับ,79
D049,T2,2568-ศษ-467,กลุ่มเป้าหมาย,รายการ,สตรีและครอบครัว
D049,T2,2568-ศษ-467,สถานะ,ข้อความ,ดำเนินการแล้วเสร็จ
D049,T2,2568-ศษ-467,หมายเหตุ,ข้อความ,
D049,T2,2568-สธ-428,รหัสกิจกรรม,ข้อความ,2568-สธ-428
D049,T2,2568-สธ-428,ชื่อกิจกรรม,ข้อความ,โครงการบำรุงรักษาถนนสายหลักในเขตพื้นที่
D049,T2,2568-สธ-428,หน่วยงานรับผิดชอบ,ข้อความ,สสจ.ตราด
D049,T2,2568-สธ-428,งบจัดสรร,เงินบาท,528000
D049,T2,2568-สธ-428,เบิกจ่าย,เงินบาท,312000
D049,T2,2568-สธ-428,จำนวนผู้เข้าร่วม,จำนวนนับ,192
D049,T2,2568-สธ-428,กลุ่มเป้าหมาย,รายการ,ผู้พิการและผู้ดูแล
D049,T2,2568-สธ-428,สถานะ,ข้อความ,ดำเนินการแล้วเสร็จ
D049,T2,2568-สธ-428,หมายเหตุ,ข้อความ,
D049,T2,2568-สธ-320,รหัสกิจกรรม,ข้อความ,2568-สธ-320
D049,T2,2568-สธ-320,ชื่อกิจกรรม,ข้อความ,กิจกรรมประชาสัมพันธ์ครัวเรือนยากจนเป้าหมาย
D049,T2,2568-สธ-320,หน่วยงานรับผิดชอบ,ข้อความ,สสจ.ตราด
D049,T2,2568-สธ-320,งบจัดสรร,เงินบาท,372000
D049,T2,2568-สธ-320,เบิกจ่าย,เงินบาท,221000
D049,T2,2568-สธ-320,จำนวนผู้เข้าร่วม,จำนวนนับ,213
D049,T2,2568-สธ-320,กลุ่มเป้าหมาย,รายการ,ครัวเรือนยากจน
D049,T2,2568-สธ-320,สถานะ,ข้อความ,ดำเนินการแล้วเสร็จ
D049,T2,2568-สธ-320,หมายเหตุ,ข้อความ,
D049,T2,2568-ทถ-723,รหัสกิจกรรม,ข้อความ,2568-ทถ-723
D049,T2,2568-ทถ-723,ชื่อกิจกรรม,ข้อความ,โครงการอบรมเชิงปฏิบัติการถนนสายหลักในเขตพื้นที่
D049,T2,2568-ทถ-723,หน่วยงานรับผิดชอบ,ข้อความ,สสจ.ตราด
D049,T2,2568-ทถ-723,งบจัดสรร,เงินบาท,774000
D049,T2,2568-ทถ-723,เบิกจ่าย,เงินบาท,464000
D049,T2,2568-ทถ-723,จำนวนผู้เข้าร่วม,จำนวนนับ,156
D049,T2,2568-ทถ-723,กลุ่มเป้าหมาย,รายการ,ผู้สูงอายุ
D049,T2,2568-ทถ-723,สถานะ,ข้อความ,ดำเนินการแล้วเสร็จ
D049,T2,2568-ทถ-723,หมายเหตุ,ข้อความ,
D050,T2,2568-ศษ-771,รหัสกิจกรรม,ข้อความ,2568-ศษ-771
D050,T2,2568-ศษ-771,ชื่อกิจกรรม,ข้อความ,กิจกรรมสำรวจข้อมูลแผนพัฒนาท้องถิ่นห้าปี
D050,T2,2568-ศษ-771,หน่วยงานรับผิดชอบ,ข้อความ,สำนักงานเขตบางกะปิ
D050,T2,2568-ศษ-771,งบจัดสรร,เงินบาท,45000
D050,T2,2568-ศษ-771,เบิกจ่าย,เงินบาท,28500
D050,T2,2568-ศษ-771,จำนวนผู้เข้าร่วม,จำนวนนับ,238
D050,T2,2568-ศษ-771,กลุ่มเป้าหมาย,รายการ,ผู้ปกครองเด็กก่อนวัยเรียน
D050,T2,2568-ศษ-771,สถานะ,ข้อความ,ดำเนินการแล้วเสร็จ
D050,T2,2568-ศษ-771,หมายเหตุ,ข้อความ,
D050,T2,2568-พช-068,รหัสกิจกรรม,ข้อความ,2568-พช-068
D050,T2,2568-พช-068,ชื่อกิจกรรม,ข้อความ,กิจกรรมจัดเก็บข้อมูลกลุ่มวิสาหกิจชุมชน
D050,T2,2568-พช-068,หน่วยงานรับผิดชอบ,ข้อความ,สำนักงานเขตบางกะปิ
D050,T2,2568-พช-068,งบจัดสรร,เงินบาท,279500
D050,T2,2568-พช-068,เบิกจ่าย,เงินบาท,182000
D050,T2,2568-พช-068,จำนวนผู้เข้าร่วม,จำนวนนับ,184
D050,T2,2568-พช-068,กลุ่มเป้าหมาย,รายการ,ประชาชนทั่วไป
D050,T2,2568-พช-068,สถานะ,ข้อความ,ดำเนินการแล้วเสร็จ
D050,T2,2568-พช-068,หมายเหตุ,ข้อความ,
D050,T2,2568-กษ-930,รหัสกิจกรรม,ข้อความ,2568-กษ-930
D050,T2,2568-กษ-930,ชื่อกิจกรรม,ข้อความ,โครงการจัดทำแผนถนนสายหลักในเขตพื้นที่
D050,T2,2568-กษ-930,หน่วยงานรับผิดชอบ,ข้อความ,สนง.เขตบางกะปิ
D050,T2,2568-กษ-930,งบจัดสรร,เงินบาท,397500
D050,T2,2568-กษ-930,เบิกจ่าย,เงินบาท,246000
D050,T2,2568-กษ-930,จำนวนผู้เข้าร่วม,จำนวนนับ,104
D050,T2,2568-กษ-930,กลุ่มเป้าหมาย,รายการ,กลุ่มออมทรัพย์เพื่อการผลิต
D050,T2,2568-กษ-930,สถานะ,ข้อความ,ดำเนินการแล้วเสร็จ
D050,T2,2568-กษ-930,หมายเหตุ,ข้อความ,
D050,T2,2568-ศษ-220,รหัสกิจกรรม,ข้อความ,2568-ศษ-220
D050,T2,2568-ศษ-220,ชื่อกิจกรรม,ข้อความ,กิจกรรมสำรวจข้อมูลกองทุนสวัสดิการชุมชน
D050,T2,2568-ศษ-220,หน่วยงานรับผิดชอบ,ข้อความ,กศน.อำเภอเมือง
D050,T2,2568-ศษ-220,งบจัดสรร,เงินบาท,521000
D050,T2,2568-ศษ-220,เบิกจ่าย,เงินบาท,290000
D050,T2,2568-ศษ-220,จำนวนผู้เข้าร่วม,จำนวนนับ,137
D050,T2,2568-ศษ-220,กลุ่มเป้าหมาย,รายการ,ผู้ดูแลศูนย์พัฒนาเด็กเล็ก
D050,T2,2568-ศษ-220,สถานะ,ข้อความ,ดำเนินการแล้วเสร็จ
D050,T2,2568-ศษ-220,หมายเหตุ,ข้อความ,
D050,T2,2568-กษ-620,รหัสกิจกรรม,ข้อความ,2568-กษ-620
D050,T2,2568-กษ-620,ชื่อกิจกรรม,ข้อความ,กิจกรรมจัดเก็บข้อมูลกลุ่มวิสาหกิจชุมชน
D050,T2,2568-กษ-620,หน่วยงานรับผิดชอบ,ข้อความ,กศน.อำเภอเมือง
D050,T2,2568-กษ-620,งบจัดสรร,เงินบาท,339000
D050,T2,2568-กษ-620,เบิกจ่าย,เงินบาท,288000
D050,T2,2568-กษ-620,จำนวนผู้เข้าร่วม,จำนวนนับ,46
D050,T2,2568-กษ-620,กลุ่มเป้าหมาย,รายการ,แรงงานนอกระบบ
D050,T2,2568-กษ-620,สถานะ,ข้อความ,ดำเนินการแล้วเสร็จ
D050,T2,2568-กษ-620,หมายเหตุ,ข้อความ,
D050,T2,2568-สค-629,รหัสกิจกรรม,ข้อความ,2568-สค-629
D050,T2,2568-สค-629,ชื่อกิจกรรม,ข้อความ,โครงการจัดเก็บข้อมูลการบริหารจัดการขยะมูลฝอย
D050,T2,2568-สค-629,หน่วยงานรับผิดชอบ,ข้อความ,กศน.อำเภอเมือง
D050,T2,2568-สค-629,งบจัดสรร,เงินบาท,111000
D050,T2,2568-สค-629,เบิกจ่าย,เงินบาท,81000
D050,T2,2568-สค-629,จำนวนผู้เข้าร่วม,จำนวนนับ,173
D050,T2,2568-สค-629,กลุ่มเป้าหมาย,รายการ,เกษตรกรผู้เลี้ยงโคเนื้อ
D050,T2,2568-สค-629,สถานะ,ข้อความ,ดำเนินการแล้วเสร็จ
D050,T2,2568-สค-629,หมายเหตุ,ข้อความ,
D050,T2,2568-สค-489,รหัสกิจกรรม,ข้อความ,2568-สค-489
D050,T2,2568-สค-489,ชื่อกิจกรรม,ข้อความ,โครงการบำรุงรักษาการเกษตรปลอดภัย
D050,T2,2568-สค-489,หน่วยงานรับผิดชอบ,ข้อความ,กศน.อำเภอเมือง
D050,T2,2568-สค-489,งบจัดสรร,เงินบาท,358000
D050,T2,2568-สค-489,เบิกจ่าย,เงินบาท,240000
D050,T2,2568-สค-489,จำนวนผู้เข้าร่วม,จำนวนนับ,45
D050,T2,2568-สค-489,กลุ่มเป้าหมาย,รายการ,สตรีและครอบครัว
D050,T2,2568-สค-489,สถานะ,ข้อความ,ดำเนินการแล้วเสร็จ
D050,T2,2568-สค-489,หมายเหตุ,ข้อความ,
D051,T2,2568-พช-490,รหัสกิจกรรม,ข้อความ,2568-พช-490
D051,T2,2568-พช-490,ชื่อกิจกรรม,ข้อความ,โครงการบำรุงรักษาเศรษฐกิจฐานราก
D051,T2,2568-พช-490,หน่วยงานรับผิดชอบ,ข้อความ,องค์การบริหารส่วนตำบลบ้านแหลม
D051,T2,2568-พช-490,งบจัดสรร,เงินบาท,427000
D051,T2,2568-พช-490,เบิกจ่าย,เงินบาท,252500
D051,T2,2568-พช-490,จำนวนผู้เข้าร่วม,จำนวนนับ,218
D051,T2,2568-พช-490,กลุ่มเป้าหมาย,รายการ,สตรีและครอบครัว
D051,T2,2568-พช-490,สถานะ,ข้อความ,ดำเนินการแล้วเสร็จ
D051,T2,2568-พช-490,หมายเหตุ,ข้อความ,
D051,T2,2568-ทถ-616,รหัสกิจกรรม,ข้อความ,2568-ทถ-616
D051,T2,2568-ทถ-616,ชื่อกิจกรรม,ข้อความ,กิจกรรมจัดประชุมกองทุนสวัสดิการชุมชน
D051,T2,2568-ทถ-616,หน่วยงานรับผิดชอบ,ข้อความ,องค์การบริหารส่วนตำบลบ้านแหลม
D051,T2,2568-ทถ-616,งบจัดสรร,เงินบาท,226000
D051,T2,2568-ทถ-616,เบิกจ่าย,เงินบาท,208000
D051,T2,2568-ทถ-616,จำนวนผู้เข้าร่วม,จำนวนนับ,132
D051,T2,2568-ทถ-616,กลุ่มเป้าหมาย,รายการ,ผู้นำชุมชนและปราชญ์ชาวบ้าน
D051,T2,2568-ทถ-616,สถานะ,ข้อความ,ดำเนินการแล้วเสร็จ
D051,T2,2568-ทถ-616,หมายเหตุ,ข้อความ,
D051,T2,2568-ทถ-911,รหัสกิจกรรม,ข้อความ,2568-ทถ-911
D051,T2,2568-ทถ-911,ชื่อกิจกรรม,ข้อความ,โครงการจัดประชุมการจัดการน้ำเสียชุมชน
D051,T2,2568-ทถ-911,หน่วยงานรับผิดชอบ,ข้อความ,อบต.บ้านแหลม
D051,T2,2568-ทถ-911,งบจัดสรร,เงินบาท,623500
D051,T2,2568-ทถ-911,เบิกจ่าย,เงินบาท,515500
D051,T2,2568-ทถ-911,จำนวนผู้เข้าร่วม,จำนวนนับ,96
D051,T2,2568-ทถ-911,กลุ่มเป้าหมาย,รายการ,ผู้นำชุมชนและปราชญ์ชาวบ้าน
D051,T2,2568-ทถ-911,สถานะ,ข้อความ,ดำเนินการแล้วเสร็จ
D051,T2,2568-ทถ-911,หมายเหตุ,ข้อความ,
D051,T2,2568-สค-992,รหัสกิจกรรม,ข้อความ,2568-สค-992
D051,T2,2568-สค-992,ชื่อกิจกรรม,ข้อความ,กิจกรรมสำรวจข้อมูลกลุ่มวิสาหกิจชุมชน
D051,T2,2568-สค-992,หน่วยงานรับผิดชอบ,ข้อความ,กศน.อำเภอเมือง
D051,T2,2568-สค-992,งบจัดสรร,เงินบาท,488000
D051,T2,2568-สค-992,เบิกจ่าย,เงินบาท,350000
D051,T2,2568-สค-992,จำนวนผู้เข้าร่วม,จำนวนนับ,176
D051,T2,2568-สค-992,กลุ่มเป้าหมาย,รายการ,นักท่องเที่ยว
D051,T2,2568-สค-992,สถานะ,ข้อความ,ดำเนินการแล้วเสร็จ
D051,T2,2568-สค-992,หมายเหตุ,ข้อความ,
D051,T2,2568-ทถ-294,รหัสกิจกรรม,ข้อความ,2568-ทถ-294
D051,T2,2568-ทถ-294,ชื่อกิจกรรม,ข้อความ,กิจกรรมอบรมเชิงปฏิบัติการการบริหารจัดการขยะมูลฝอย
D051,T2,2568-ทถ-294,หน่วยงานรับผิดชอบ,ข้อความ,กศน.อำเภอเมือง
D051,T2,2568-ทถ-294,งบจัดสรร,เงินบาท,128000
D051,T2,2568-ทถ-294,เบิกจ่าย,เงินบาท,97000
D051,T2,2568-ทถ-294,จำนวนผู้เข้าร่วม,จำนวนนับ,67
D051,T2,2568-ทถ-294,กลุ่มเป้าหมาย,รายการ,ผู้ปกครองเด็กก่อนวัยเรียน
D051,T2,2568-ทถ-294,สถานะ,ข้อความ,ดำเนินการแล้วเสร็จ
D051,T2,2568-ทถ-294,หมายเหตุ,ข้อความ,
D051,T2,2568-สค-318,รหัสกิจกรรม,ข้อความ,2568-สค-318
D051,T2,2568-สค-318,ชื่อกิจกรรม,ข้อความ,กิจกรรมประชาสัมพันธ์ครัวเรือนยากจนเป้าหมาย
D051,T2,2568-สค-318,หน่วยงานรับผิดชอบ,ข้อความ,กศน.อำเภอเมือง
D051,T2,2568-สค-318,งบจัดสรร,เงินบาท,598000
D051,T2,2568-สค-318,เบิกจ่าย,เงินบาท,333000
D051,T2,2568-สค-318,จำนวนผู้เข้าร่วม,จำนวนนับ,114
D051,T2,2568-สค-318,กลุ่มเป้าหมาย,รายการ,ผู้ประสบภัยพิบัติ
D051,T2,2568-สค-318,สถานะ,ข้อความ,ดำเนินการแล้วเสร็จ
D051,T2,2568-สค-318,หมายเหตุ,ข้อความ,
D052,T2,2568-กษ-878,รหัสกิจกรรม,ข้อความ,2568-กษ-878
D052,T2,2568-กษ-878,ชื่อกิจกรรม,ข้อความ,กิจกรรมอบรมเชิงปฏิบัติการระบบประปาหมู่บ้าน
D052,T2,2568-กษ-878,หน่วยงานรับผิดชอบ,ข้อความ,กศน.อำเภอบ้านโป่ง
D052,T2,2568-กษ-878,งบจัดสรร,เงินบาท,322500
D052,T2,2568-กษ-878,เบิกจ่าย,เงินบาท,311500
D052,T2,2568-กษ-878,จำนวนผู้เข้าร่วม,จำนวนนับ,28
D052,T2,2568-กษ-878,กลุ่มเป้าหมาย,รายการ,เด็กและเยาวชน
D052,T2,2568-กษ-878,สถานะ,ข้อความ,ดำเนินการแล้วเสร็จ
D052,T2,2568-กษ-878,หมายเหตุ,ข้อความ,
D052,T2,2568-ศษ-024,รหัสกิจกรรม,ข้อความ,2568-ศษ-024
D052,T2,2568-ศษ-024,ชื่อกิจกรรม,ข้อความ,โครงการบำรุงรักษาการท่องเที่ยวโดยชุมชน
D052,T2,2568-ศษ-024,หน่วยงานรับผิดชอบ,ข้อความ,กศน.อำเภอบ้านโป่ง
D052,T2,2568-ศษ-024,งบจัดสรร,เงินบาท,521500
D052,T2,2568-ศษ-024,เบิกจ่าย,เงินบาท,434500
D052,T2,2568-ศษ-024,จำนวนผู้เข้าร่วม,จำนวนนับ,155
D052,T2,2568-ศษ-024,กลุ่มเป้าหมาย,รายการ,ผู้ประกอบการร้านอาหาร
D052,T2,2568-ศษ-024,สถานะ,ข้อความ,ดำเนินการแล้วเสร็จ
D052,T2,2568-ศษ-024,หมายเหตุ,ข้อความ,
D052,T2,2568-ศษ-967,รหัสกิจกรรม,ข้อความ,2568-ศษ-967
D052,T2,2568-ศษ-967,ชื่อกิจกรรม,ข้อความ,กิจกรรมบำรุงรักษาเศรษฐกิจฐานราก
D052,T2,2568-ศษ-967,หน่วยงานรับผิดชอบ,ข้อความ,กศน.อำเภอบ้านโป่ง
D052,T2,2568-ศษ-967,งบจัดสรร,เงินบาท,705000
D052,T2,2568-ศษ-967,เบิกจ่าย,เงินบาท,442500
D052,T2,2568-ศษ-967,จำนวนผู้เข้าร่วม,จำนวนนับ,201
D052,T2,2568-ศษ-967,กลุ่มเป้าหมาย,รายการ,ประชาชนทั่วไป
D052,T2,2568-ศษ-967,สถานะ,ข้อความ,ดำเนินการแล้วเสร็จ
D052,T2,2568-ศษ-967,หมายเหตุ,ข้อความ,
D052,T2,2568-ทถ-859,รหัสกิจกรรม,ข้อความ,2568-ทถ-859
D052,T2,2568-ทถ-859,ชื่อกิจกรรม,ข้อความ,โครงการจัดเก็บข้อมูลกองทุนสวัสดิการชุมชน
D052,T2,2568-ทถ-859,หน่วยงานรับผิดชอบ,ข้อความ,พช.อ.เมือง
D052,T2,2568-ทถ-859,งบจัดสรร,เงินบาท,679000
D052,T2,2568-ทถ-859,เบิกจ่าย,เงินบาท,504000
D052,T2,2568-ทถ-859,จำนวนผู้เข้าร่วม,จำนวนนับ,61
D052,T2,2568-ทถ-859,กลุ่มเป้าหมาย,รายการ,ผู้ประกันตนตามมาตรา 40
D052,T2,2568-ทถ-859,สถานะ,ข้อความ,ดำเนินการแล้วเสร็จ
D052,T2,2568-ทถ-859,หมายเหตุ,ข้อความ,
D052,T2,2568-สค-179,รหัสกิจกรรม,ข้อความ,2568-สค-179
D052,T2,2568-สค-179,ชื่อกิจกรรม,ข้อความ,โครงการบำรุงรักษาการเกษตรปลอดภัย
D052,T2,2568-สค-179,หน่วยงานรับผิดชอบ,ข้อความ,พช.อ.เมือง
D052,T2,2568-สค-179,งบจัดสรร,เงินบาท,636000
D052,T2,2568-สค-179,เบิกจ่าย,เงินบาท,462000
D052,T2,2568-สค-179,จำนวนผู้เข้าร่วม,จำนวนนับ,93
D052,T2,2568-สค-179,กลุ่มเป้าหมาย,รายการ,อาสาสมัครสาธารณสุขประจำหมู่บ้าน
D052,T2,2568-สค-179,สถานะ,ข้อความ,ดำเนินการแล้วเสร็จ
D052,T2,2568-สค-179,หมายเหตุ,ข้อความ,
D052,T2,2568-สค-003,รหัสกิจกรรม,ข้อความ,2568-สค-003
D052,T2,2568-สค-003,ชื่อกิจกรรม,ข้อความ,กิจกรรมอบรมเชิงปฏิบัติการเศรษฐกิจฐานราก
D052,T2,2568-สค-003,หน่วยงานรับผิดชอบ,ข้อความ,พช.อ.เมือง
D052,T2,2568-สค-003,งบจัดสรร,เงินบาท,121000
D052,T2,2568-สค-003,เบิกจ่าย,เงินบาท,104000
D052,T2,2568-สค-003,จำนวนผู้เข้าร่วม,จำนวนนับ,186
D052,T2,2568-สค-003,กลุ่มเป้าหมาย,รายการ,ครัวเรือนยากจน
D052,T2,2568-สค-003,สถานะ,ข้อความ,ดำเนินการแล้วเสร็จ
D052,T2,2568-สค-003,หมายเหตุ,ข้อความ,
D052,T2,2568-ทถ-243,รหัสกิจกรรม,ข้อความ,2568-ทถ-243
D052,T2,2568-ทถ-243,ชื่อกิจกรรม,ข้อความ,โครงการอบรมเชิงปฏิบัติการครัวเรือนยากจนเป้าหมาย
D052,T2,2568-ทถ-243,หน่วยงานรับผิดชอบ,ข้อความ,พช.อ.เมือง
D052,T2,2568-ทถ-243,งบจัดสรร,เงินบาท,191000
D052,T2,2568-ทถ-243,เบิกจ่าย,เงินบาท,165000
D052,T2,2568-ทถ-243,จำนวนผู้เข้าร่วม,จำนวนนับ,74
D052,T2,2568-ทถ-243,กลุ่มเป้าหมาย,รายการ,ผู้ประสบภัยพิบัติ
D052,T2,2568-ทถ-243,สถานะ,ข้อความ,ดำเนินการแล้วเสร็จ
D052,T2,2568-ทถ-243,หมายเหตุ,ข้อความ,
D053,T2,2568-ทถ-135,รหัสกิจกรรม,ข้อความ,2568-ทถ-135
D053,T2,2568-ทถ-135,ชื่อกิจกรรม,ข้อความ,กิจกรรมประชาสัมพันธ์เศรษฐกิจฐานราก
D053,T2,2568-ทถ-135,หน่วยงานรับผิดชอบ,ข้อความ,ศูนย์การศึกษานอกระบบและการศึกษาตามอัธยาศัยอำเภอเมือง
D053,T2,2568-ทถ-135,งบจัดสรร,เงินบาท,656000
D053,T2,2568-ทถ-135,เบิกจ่าย,เงินบาท,641000
D053,T2,2568-ทถ-135,จำนวนผู้เข้าร่วม,จำนวนนับ,179
D053,T2,2568-ทถ-135,กลุ่มเป้าหมาย,รายการ,ผู้ประสบภัยพิบัติ
D053,T2,2568-ทถ-135,สถานะ,ข้อความ,ดำเนินการแล้วเสร็จ
D053,T2,2568-ทถ-135,หมายเหตุ,ข้อความ,
D053,T2,2568-สธ-757,รหัสกิจกรรม,ข้อความ,2568-สธ-757
D053,T2,2568-สธ-757,ชื่อกิจกรรม,ข้อความ,โครงการจัดเก็บข้อมูลการป้องกันโรคไข้เลือดออก
D053,T2,2568-สธ-757,หน่วยงานรับผิดชอบ,ข้อความ,ศูนย์การศึกษานอกระบบและการศึกษาตามอัธยาศัยอำเภอเมือง
D053,T2,2568-สธ-757,งบจัดสรร,เงินบาท,130500
D053,T2,2568-สธ-757,เบิกจ่าย,เงินบาท,88500
D053,T2,2568-สธ-757,จำนวนผู้เข้าร่วม,จำนวนนับ,208
D053,T2,2568-สธ-757,กลุ่มเป้าหมาย,รายการ,ผู้ดูแลศูนย์พัฒนาเด็กเล็ก
D053,T2,2568-สธ-757,สถานะ,ข้อความ,ดำเนินการแล้วเสร็จ
D053,T2,2568-สธ-757,หมายเหตุ,ข้อความ,
D053,T2,2568-สค-347,รหัสกิจกรรม,ข้อความ,2568-สค-347
D053,T2,2568-สค-347,ชื่อกิจกรรม,ข้อความ,กิจกรรมบำรุงรักษาศูนย์พัฒนาเด็กเล็ก
D053,T2,2568-สค-347,หน่วยงานรับผิดชอบ,ข้อความ,กศน.อำเภอเมือง
D053,T2,2568-สค-347,งบจัดสรร,เงินบาท,430000
D053,T2,2568-สค-347,เบิกจ่าย,เงินบาท,257500
D053,T2,2568-สค-347,จำนวนผู้เข้าร่วม,จำนวนนับ,222
D053,T2,2568-สค-347,กลุ่มเป้าหมาย,รายการ,ผู้พิการและผู้ดูแล
D053,T2,2568-สค-347,สถานะ,ข้อความ,ดำเนินการแล้วเสร็จ
D053,T2,2568-สค-347,หมายเหตุ,ข้อความ,
D053,T2,2568-พช-737,รหัสกิจกรรม,ข้อความ,2568-พช-737
D053,T2,2568-พช-737,ชื่อกิจกรรม,ข้อความ,กิจกรรมประชาสัมพันธ์กองทุนสวัสดิการชุมชน
D053,T2,2568-พช-737,หน่วยงานรับผิดชอบ,ข้อความ,ทต.บ้านฉาง
D053,T2,2568-พช-737,งบจัดสรร,เงินบาท,80000
D053,T2,2568-พช-737,เบิกจ่าย,เงินบาท,68000
D053,T2,2568-พช-737,จำนวนผู้เข้าร่วม,จำนวนนับ,154
D053,T2,2568-พช-737,กลุ่มเป้าหมาย,รายการ,อาสาสมัครป้องกันภัยฝ่ายพลเรือน
D053,T2,2568-พช-737,สถานะ,ข้อความ,ดำเนินการแล้วเสร็จ
D053,T2,2568-พช-737,หมายเหตุ,ข้อความ,
D053,T2,2568-พช-247,รหัสกิจกรรม,ข้อความ,2568-พช-247
D053,T2,2568-พช-247,ชื่อกิจกรรม,ข้อความ,กิจกรรมอบรมเชิงปฏิบัติการการเกษตรปลอดภัย
D053,T2,2568-พช-247,หน่วยงานรับผิดชอบ,ข้อความ,ทต.บ้านฉาง
D053,T2,2568-พช-247,งบจัดสรร,เงินบาท,739000
D053,T2,2568-พช-247,เบิกจ่าย,เงินบาท,594000
D053,T2,2568-พช-247,จำนวนผู้เข้าร่วม,จำนวนนับ,73
D053,T2,2568-พช-247,กลุ่มเป้าหมาย,รายการ,ผู้สูงอายุ
D053,T2,2568-พช-247,สถานะ,ข้อความ,ดำเนินการแล้วเสร็จ
D053,T2,2568-พช-247,หมายเหตุ,ข้อความ,
D053,T2,2568-สค-799,รหัสกิจกรรม,ข้อความ,2568-สค-799
D053,T2,2568-สค-799,ชื่อกิจกรรม,ข้อความ,โครงการบำรุงรักษาการป้องกันโรคไข้เลือดออก
D053,T2,2568-สค-799,หน่วยงานรับผิดชอบ,ข้อความ,ทต.บ้านฉาง
D053,T2,2568-สค-799,งบจัดสรร,เงินบาท,660000
D053,T2,2568-สค-799,เบิกจ่าย,เงินบาท,604000
D053,T2,2568-สค-799,จำนวนผู้เข้าร่วม,จำนวนนับ,155
D053,T2,2568-สค-799,กลุ่มเป้าหมาย,รายการ,ผู้สูงอายุ
D053,T2,2568-สค-799,สถานะ,ข้อความ,ดำเนินการแล้วเสร็จ
D053,T2,2568-สค-799,หมายเหตุ,ข้อความ,
D053,T2,2568-ศษ-373,รหัสกิจกรรม,ข้อความ,2568-ศษ-373
D053,T2,2568-ศษ-373,ชื่อกิจกรรม,ข้อความ,โครงการจัดเก็บข้อมูลเศรษฐกิจฐานราก
D053,T2,2568-ศษ-373,หน่วยงานรับผิดชอบ,ข้อความ,ทต.บ้านฉาง
D053,T2,2568-ศษ-373,งบจัดสรร,เงินบาท,136000
D053,T2,2568-ศษ-373,เบิกจ่าย,เงินบาท,90000
D053,T2,2568-ศษ-373,จำนวนผู้เข้าร่วม,จำนวนนับ,95
D053,T2,2568-ศษ-373,กลุ่มเป้าหมาย,รายการ,สตรีและครอบครัว
D053,T2,2568-ศษ-373,สถานะ,ข้อความ,ดำเนินการแล้วเสร็จ
D053,T2,2568-ศษ-373,หมายเหตุ,ข้อความ,
D054,T2,2568-พช-204,รหัสกิจกรรม,ข้อความ,2568-พช-204
D054,T2,2568-พช-204,ชื่อกิจกรรม,ข้อความ,โครงการจัดเก็บข้อมูลกลุ่มวิสาหกิจชุมชน
D054,T2,2568-พช-204,หน่วยงานรับผิดชอบ,ข้อความ,สสจ.น่าน
D054,T2,2568-พช-204,งบจัดสรร,เงินบาท,208500
D054,T2,2568-พช-204,เบิกจ่าย,เงินบาท,197500
D054,T2,2568-พช-204,จำนวนผู้เข้าร่วม,จำนวนนับ,236
D054,T2,2568-พช-204,กลุ่มเป้าหมาย,รายการ,กลุ่มออมทรัพย์เพื่อการผลิต
D054,T2,2568-พช-204,สถานะ,ข้อความ,ดำเนินการแล้วเสร็จ
D054,T2,2568-พช-204,หมายเหตุ,ข้อความ,
D054,T2,2568-กษ-577,รหัสกิจกรรม,ข้อความ,2568-กษ-577
D054,T2,2568-กษ-577,ชื่อกิจกรรม,ข้อความ,โครงการสำรวจข้อมูลอาสาสมัครสาธารณสุขประจำหมู่บ้าน
D054,T2,2568-กษ-577,หน่วยงานรับผิดชอบ,ข้อความ,สสจ.น่าน
D054,T2,2568-กษ-577,งบจัดสรร,เงินบาท,145000
D054,T2,2568-กษ-577,เบิกจ่าย,เงินบาท,95500
D054,T2,2568-กษ-577,จำนวนผู้เข้าร่วม,จำนวนนับ,201
D054,T2,2568-กษ-577,กลุ่มเป้าหมาย,รายการ,ประชาชนทั่วไป
D054,T2,2568-กษ-577,สถานะ,ข้อความ,ดำเนินการแล้วเสร็จ
D054,T2,2568-กษ-577,หมายเหตุ,ข้อความ,
D054,T2,2568-พช-339,รหัสกิจกรรม,ข้อความ,2568-พช-339
D054,T2,2568-พช-339,ชื่อกิจกรรม,ข้อความ,โครงการจัดเก็บข้อมูลการจัดการน้ำเสียชุมชน
D054,T2,2568-พช-339,หน่วยงานรับผิดชอบ,ข้อความ,สำนักงานสาธารณสุขจังหวัดน่าน
D054,T2,2568-พช-339,งบจัดสรร,เงินบาท,175000
D054,T2,2568-พช-339,เบิกจ่าย,เงินบาท,124000
D054,T2,2568-พช-339,จำนวนผู้เข้าร่วม,จำนวนนับ,61
D054,T2,2568-พช-339,กลุ่มเป้าหมาย,รายการ,ผู้ประกันตนตามมาตรา 40
D054,T2,2568-พช-339,สถานะ,ข้อความ,ดำเนินการแล้วเสร็จ
D054,T2,2568-พช-339,หมายเหตุ,ข้อความ,
D054,T2,2568-ศษ-702,รหัสกิจกรรม,ข้อความ,2568-ศษ-702
D054,T2,2568-ศษ-702,ชื่อกิจกรรม,ข้อความ,กิจกรรมตรวจเยี่ยมคุณภาพชีวิตผู้สูงอายุ
D054,T2,2568-ศษ-702,หน่วยงานรับผิดชอบ,ข้อความ,อบจ.พะเยา
D054,T2,2568-ศษ-702,งบจัดสรร,เงินบาท,764000
D054,T2,2568-ศษ-702,เบิกจ่าย,เงินบาท,478000
D054,T2,2568-ศษ-702,จำนวนผู้เข้าร่วม,จำนวนนับ,138
D054,T2,2568-ศษ-702,กลุ่มเป้าหมาย,รายการ,อาสาสมัครสาธารณสุขประจำหมู่บ้าน
D054,T2,2568-ศษ-702,สถานะ,ข้อความ,ดำเนินการแล้วเสร็จ
D054,T2,2568-ศษ-702,หมายเหตุ,ข้อความ,
D054,T2,2568-สธ-495,รหัสกิจกรรม,ข้อความ,2568-สธ-495
D054,T2,2568-สธ-495,ชื่อกิจกรรม,ข้อความ,โครงการสำรวจข้อมูลกลุ่มวิสาหกิจชุมชน
D054,T2,2568-สธ-495,หน่วยงานรับผิดชอบ,ข้อความ,อบจ.พะเยา
D054,T2,2568-สธ-495,งบจัดสรร,เงินบาท,842000
D054,T2,2568-สธ-495,เบิกจ่าย,เงินบาท,686000
D054,T2,2568-สธ-495,จำนวนผู้เข้าร่วม,จำนวนนับ,150
D054,T2,2568-สธ-495,กลุ่มเป้าหมาย,รายการ,ครัวเรือนยากจน
D054,T2,2568-สธ-495,สถานะ,ข้อความ,ดำเนินการแล้วเสร็จ
D054,T2,2568-สธ-495,หมายเหตุ,ข้อความ,
D054,T2,2568-ศษ-546,รหัสกิจกรรม,ข้อความ,2568-ศษ-546
D054,T2,2568-ศษ-546,ชื่อกิจกรรม,ข้อความ,โครงการจัดประชุมเศรษฐกิจฐานราก
D054,T2,2568-ศษ-546,หน่วยงานรับผิดชอบ,ข้อความ,อบจ.พะเยา
D054,T2,2568-ศษ-546,งบจัดสรร,เงินบาท,770000
D054,T2,2568-ศษ-546,เบิกจ่าย,เงินบาท,712000
D054,T2,2568-ศษ-546,จำนวนผู้เข้าร่วม,จำนวนนับ,178
D054,T2,2568-ศษ-546,กลุ่มเป้าหมาย,รายการ,ผู้ป่วยติดเตียงและผู้ดูแลที่บ้าน
D054,T2,2568-ศษ-546,สถานะ,ข้อความ,ดำเนินการแล้วเสร็จ
D054,T2,2568-ศษ-546,หมายเหตุ,ข้อความ,
D055,T2,2567-ศษ-535,รหัสกิจกรรม,ข้อความ,2567-ศษ-535
D055,T2,2567-ศษ-535,ชื่อกิจกรรม,ข้อความ,โครงการสำรวจข้อมูลครัวเรือนยากจนเป้าหมาย
D055,T2,2567-ศษ-535,หน่วยงานรับผิดชอบ,ข้อความ,สำนักงานเขตดอนเมือง
D055,T2,2567-ศษ-535,งบจัดสรร,เงินบาท,282000
D055,T2,2567-ศษ-535,เบิกจ่าย,เงินบาท,223000
D055,T2,2567-ศษ-535,จำนวนผู้เข้าร่วม,จำนวนนับ,230
D055,T2,2567-ศษ-535,กลุ่มเป้าหมาย,รายการ,ผู้ประกันตนตามมาตรา 40
D055,T2,2567-ศษ-535,สถานะ,ข้อความ,ดำเนินการแล้วเสร็จ
D055,T2,2567-ศษ-535,หมายเหตุ,ข้อความ,
D055,T2,2567-สค-738,รหัสกิจกรรม,ข้อความ,2567-สค-738
D055,T2,2567-สค-738,ชื่อกิจกรรม,ข้อความ,กิจกรรมจัดเก็บข้อมูลถนนสายหลักในเขตพื้นที่
D055,T2,2567-สค-738,หน่วยงานรับผิดชอบ,ข้อความ,สำนักงานเขตดอนเมือง
D055,T2,2567-สค-738,งบจัดสรร,เงินบาท,809000
D055,T2,2567-สค-738,เบิกจ่าย,เงินบาท,789500
D055,T2,2567-สค-738,จำนวนผู้เข้าร่วม,จำนวนนับ,53
D055,T2,2567-สค-738,กลุ่มเป้าหมาย,รายการ,อาสาสมัครสาธารณสุขประจำหมู่บ้าน
D055,T2,2567-สค-738,สถานะ,ข้อความ,ดำเนินการแล้วเสร็จ
D055,T2,2567-สค-738,หมายเหตุ,ข้อความ,
D055,T2,2567-ศษ-929,รหัสกิจกรรม,ข้อความ,2567-ศษ-929
D055,T2,2567-ศษ-929,ชื่อกิจกรรม,ข้อความ,กิจกรรมจัดประชุมระบบประปาหมู่บ้าน
D055,T2,2567-ศษ-929,หน่วยงานรับผิดชอบ,ข้อความ,สนง.เขตดอนเมือง
D055,T2,2567-ศษ-929,งบจัดสรร,เงินบาท,647500
D055,T2,2567-ศษ-929,เบิกจ่าย,เงินบาท,378500
D055,T2,2567-ศษ-929,จำนวนผู้เข้าร่วม,จำนวนนับ,220
D055,T2,2567-ศษ-929,กลุ่มเป้าหมาย,รายการ,แกนนำสุขภาพประจำครอบครัว
D055,T2,2567-ศษ-929,สถานะ,ข้อความ,ดำเนินการแล้วเสร็จ
D055,T2,2567-ศษ-929,หมายเหตุ,ข้อความ,
D055,T2,2567-ศษ-084,รหัสกิจกรรม,ข้อความ,2567-ศษ-084
D055,T2,2567-ศษ-084,ชื่อกิจกรรม,ข้อความ,โครงการประชาสัมพันธ์การป้องกันโรคไข้เลือดออก
D055,T2,2567-ศษ-084,หน่วยงานรับผิดชอบ,ข้อความ,ทต.แม่ริม
D055,T2,2567-ศษ-084,งบจัดสรร,เงินบาท,502000
D055,T2,2567-ศษ-084,เบิกจ่าย,เงินบาท,286000
D055,T2,2567-ศษ-084,จำนวนผู้เข้าร่วม,จำนวนนับ,190
D055,T2,2567-ศษ-084,กลุ่มเป้าหมาย,รายการ,ครัวเรือนยากจน
D055,T2,2567-ศษ-084,สถานะ,ข้อความ,ดำเนินการแล้วเสร็จ
D055,T2,2567-ศษ-084,หมายเหตุ,ข้อความ,
D055,T2,2567-สค-369,รหัสกิจกรรม,ข้อความ,2567-สค-369
D055,T2,2567-สค-369,ชื่อกิจกรรม,ข้อความ,กิจกรรมจัดทำแผนกลุ่มวิสาหกิจชุมชน
D055,T2,2567-สค-369,หน่วยงานรับผิดชอบ,ข้อความ,ทต.แม่ริม
D055,T2,2567-สค-369,งบจัดสรร,เงินบาท,279000
D055,T2,2567-สค-369,เบิกจ่าย,เงินบาท,258000
D055,T2,2567-สค-369,จำนวนผู้เข้าร่วม,จำนวนนับ,113
D055,T2,2567-สค-369,กลุ่มเป้าหมาย,รายการ,ผู้ค้าในตลาดสด
D055,T2,2567-สค-369,สถานะ,ข้อความ,ดำเนินการแล้วเสร็จ
D055,T2,2567-สค-369,หมายเหตุ,ข้อความ,
D055,T2,2567-ศษ-938,รหัสกิจกรรม,ข้อความ,2567-ศษ-938
D055,T2,2567-ศษ-938,ชื่อกิจกรรม,ข้อความ,กิจกรรมจัดเก็บข้อมูลแผนพัฒนาท้องถิ่นห้าปี
D055,T2,2567-ศษ-938,หน่วยงานรับผิดชอบ,ข้อความ,ทต.แม่ริม
D055,T2,2567-ศษ-938,งบจัดสรร,เงินบาท,802000
D055,T2,2567-ศษ-938,เบิกจ่าย,เงินบาท,588000
D055,T2,2567-ศษ-938,จำนวนผู้เข้าร่วม,จำนวนนับ,28
D055,T2,2567-ศษ-938,กลุ่มเป้าหมาย,รายการ,ครัวเรือนยากจน
D055,T2,2567-ศษ-938,สถานะ,ข้อความ,ดำเนินการแล้วเสร็จ
D055,T2,2567-ศษ-938,หมายเหตุ,ข้อความ,
D055,T2,2567-ศษ-050,รหัสกิจกรรม,ข้อความ,2567-ศษ-050
D055,T2,2567-ศษ-050,ชื่อกิจกรรม,ข้อความ,กิจกรรมจัดประชุมการท่องเที่ยวโดยชุมชน
D055,T2,2567-ศษ-050,หน่วยงานรับผิดชอบ,ข้อความ,ทต.แม่ริม
D055,T2,2567-ศษ-050,งบจัดสรร,เงินบาท,612000
D055,T2,2567-ศษ-050,เบิกจ่าย,เงินบาท,529000
D055,T2,2567-ศษ-050,จำนวนผู้เข้าร่วม,จำนวนนับ,137
D055,T2,2567-ศษ-050,กลุ่มเป้าหมาย,รายการ,กลุ่มวิสาหกิจชุมชน
D055,T2,2567-ศษ-050,สถานะ,ข้อความ,ดำเนินการแล้วเสร็จ
D055,T2,2567-ศษ-050,หมายเหตุ,ข้อความ,
D056,T2,2568-สธ-791,รหัสกิจกรรม,ข้อความ,2568-สธ-791
D056,T2,2568-สธ-791,ชื่อกิจกรรม,ข้อความ,กิจกรรมจัดประชุมการป้องกันโรคไข้เลือดออก
D056,T2,2568-สธ-791,หน่วยงานรับผิดชอบ,ข้อความ,สสจ.ตราด
D056,T2,2568-สธ-791,งบจัดสรร,เงินบาท,372000
D056,T2,2568-สธ-791,เบิกจ่าย,เงินบาท,311500
D056,T2,2568-สธ-791,จำนวนผู้เข้าร่วม,จำนวนนับ,47
D056,T2,2568-สธ-791,กลุ่มเป้าหมาย,รายการ,ครัวเรือนยากจน
D056,T2,2568-สธ-791,สถานะ,ข้อความ,ดำเนินการแล้วเสร็จ
D056,T2,2568-สธ-791,หมายเหตุ,ข้อความ,
D056,T2,2568-กษ-478,รหัสกิจกรรม,ข้อความ,2568-กษ-478
D056,T2,2568-กษ-478,ชื่อกิจกรรม,ข้อความ,กิจกรรมตรวจเยี่ยมถนนสายหลักในเขตพื้นที่
D056,T2,2568-กษ-478,หน่วยงานรับผิดชอบ,ข้อความ,สำนักงานสาธารณสุขจังหวัดตราด
D056,T2,2568-กษ-478,งบจัดสรร,เงินบาท,757500
D056,T2,2568-กษ-478,เบิกจ่าย,เงินบาท,517500
D056,T2,2568-กษ-478,จำนวนผู้เข้าร่วม,จำนวนนับ,249
D056,T2,2568-กษ-478,กลุ่มเป้าหมาย,รายการ,นักเรียนและนักศึกษา
D056,T2,2568-กษ-478,สถานะ,ข้อความ,ดำเนินการแล้วเสร็จ
D056,T2,2568-กษ-478,หมายเหตุ,ข้อความ,
D056,T2,2568-กษ-155,รหัสกิจกรรม,ข้อความ,2568-กษ-155
D056,T2,2568-กษ-155,ชื่อกิจกรรม,ข้อความ,โครงการสำรวจข้อมูลกลุ่มวิสาหกิจชุมชน
D056,T2,2568-กษ-155,หน่วยงานรับผิดชอบ,ข้อความ,สำนักงานสาธารณสุขจังหวัดตราด
D056,T2,2568-กษ-155,งบจัดสรร,เงินบาท,539000
D056,T2,2568-กษ-155,เบิกจ่าย,เงินบาท,381500
D056,T2,2568-กษ-155,จำนวนผู้เข้าร่วม,จำนวนนับ,177
D056,T2,2568-กษ-155,กลุ่มเป้าหมาย,รายการ,นักท่องเที่ยว
D056,T2,2568-กษ-155,สถานะ,ข้อความ,ดำเนินการแล้วเสร็จ
D056,T2,2568-กษ-155,หมายเหตุ,ข้อความ,
D056,T2,2568-กษ-870,รหัสกิจกรรม,ข้อความ,2568-กษ-870
D056,T2,2568-กษ-870,ชื่อกิจกรรม,ข้อความ,โครงการจัดเก็บข้อมูลการท่องเที่ยวโดยชุมชน
D056,T2,2568-กษ-870,หน่วยงานรับผิดชอบ,ข้อความ,กศน.อำเภอเมือง
D056,T2,2568-กษ-870,งบจัดสรร,เงินบาท,570000
D056,T2,2568-กษ-870,เบิกจ่าย,เงินบาท,524000
D056,T2,2568-กษ-870,จำนวนผู้เข้าร่วม,จำนวนนับ,63
D056,T2,2568-กษ-870,กลุ่มเป้าหมาย,รายการ,ผู้นำศาสนา
D056,T2,2568-กษ-870,สถานะ,ข้อความ,ดำเนินการแล้วเสร็จ
D056,T2,2568-กษ-870,หมายเหตุ,ข้อความ,
D056,T2,2568-สค-862,รหัสกิจกรรม,ข้อความ,2568-สค-862
D056,T2,2568-สค-862,ชื่อกิจกรรม,ข้อความ,โครงการจัดทำแผนเศรษฐกิจฐานราก
D056,T2,2568-สค-862,หน่วยงานรับผิดชอบ,ข้อความ,กศน.อำเภอเมือง
D056,T2,2568-สค-862,งบจัดสรร,เงินบาท,474000
D056,T2,2568-สค-862,เบิกจ่าย,เงินบาท,336000
D056,T2,2568-สค-862,จำนวนผู้เข้าร่วม,จำนวนนับ,31
D056,T2,2568-สค-862,กลุ่มเป้าหมาย,รายการ,ผู้ปกครองเด็กก่อนวัยเรียน
D056,T2,2568-สค-862,สถานะ,ข้อความ,ดำเนินการแล้วเสร็จ
D056,T2,2568-สค-862,หมายเหตุ,ข้อความ,
D056,T2,2568-ทถ-501,รหัสกิจกรรม,ข้อความ,2568-ทถ-501
D056,T2,2568-ทถ-501,ชื่อกิจกรรม,ข้อความ,โครงการอบรมเชิงปฏิบัติการการบริหารจัดการขยะมูลฝอย
D056,T2,2568-ทถ-501,หน่วยงานรับผิดชอบ,ข้อความ,กศน.อำเภอเมือง
D056,T2,2568-ทถ-501,งบจัดสรร,เงินบาท,538000
D056,T2,2568-ทถ-501,เบิกจ่าย,เงินบาท,500000
D056,T2,2568-ทถ-501,จำนวนผู้เข้าร่วม,จำนวนนับ,153
D056,T2,2568-ทถ-501,กลุ่มเป้าหมาย,รายการ,อาสาสมัครสาธารณสุขประจำหมู่บ้าน
D056,T2,2568-ทถ-501,สถานะ,ข้อความ,ดำเนินการแล้วเสร็จ
D056,T2,2568-ทถ-501,หมายเหตุ,ข้อความ,
D056,T2,2568-สค-428,รหัสกิจกรรม,ข้อความ,2568-สค-428
D056,T2,2568-สค-428,ชื่อกิจกรรม,ข้อความ,กิจกรรมประชาสัมพันธ์การเกษตรปลอดภัย
D056,T2,2568-สค-428,หน่วยงานรับผิดชอบ,ข้อความ,กศน.อำเภอเมือง
D056,T2,2568-สค-428,งบจัดสรร,เงินบาท,692000
D056,T2,2568-สค-428,เบิกจ่าย,เงินบาท,405000
D056,T2,2568-สค-428,จำนวนผู้เข้าร่วม,จำนวนนับ,108
D056,T2,2568-สค-428,กลุ่มเป้าหมาย,รายการ,ผู้ประกันตนตามมาตรา 40
D056,T2,2568-สค-428,สถานะ,ข้อความ,ดำเนินการแล้วเสร็จ
D056,T2,2568-สค-428,หมายเหตุ,ข้อความ,
D057,T2,2567-สค-063,รหัสกิจกรรม,ข้อความ,2567-สค-063
D057,T2,2567-สค-063,ชื่อกิจกรรม,ข้อความ,กิจกรรมจัดเก็บข้อมูลศูนย์พัฒนาเด็กเล็ก
D057,T2,2567-สค-063,หน่วยงานรับผิดชอบ,ข้อความ,องค์การบริหารส่วนตำบลบ้านแหลม
D057,T2,2567-สค-063,งบจัดสรร,เงินบาท,838000
D057,T2,2567-สค-063,เบิกจ่าย,เงินบาท,641000
D057,T2,2567-สค-063,จำนวนผู้เข้าร่วม,จำนวนนับ,116
D057,T2,2567-สค-063,กลุ่มเป้าหมาย,รายการ,แรงงานนอกระบบ
D057,T2,2567-สค-063,สถานะ,ข้อความ,ดำเนินการแล้วเสร็จ
D057,T2,2567-สค-063,หมายเหตุ,ข้อความ,
D057,T2,2567-พช-341,รหัสกิจกรรม,ข้อความ,2567-พช-341
D057,T2,2567-พช-341,ชื่อกิจกรรม,ข้อความ,โครงการตรวจเยี่ยมกองทุนสวัสดิการชุมชน
D057,T2,2567-พช-341,หน่วยงานรับผิดชอบ,ข้อความ,องค์การบริหารส่วนตำบลบ้านแหลม
D057,T2,2567-พช-341,งบจัดสรร,เงินบาท,440500
D057,T2,2567-พช-341,เบิกจ่าย,เงินบาท,340500
D057,T2,2567-พช-341,จำนวนผู้เข้าร่วม,จำนวนนับ,43
D057,T2,2567-พช-341,กลุ่มเป้าหมาย,รายการ,ผู้ประกอบการร้านอาหาร
D057,T2,2567-พช-341,สถานะ,ข้อความ,ดำเนินการแล้วเสร็จ
D057,T2,2567-พช-341,หมายเหตุ,ข้อความ,
D057,T2,2567-กษ-857,รหัสกิจกรรม,ข้อความ,2567-กษ-857
D057,T2,2567-กษ-857,ชื่อกิจกรรม,ข้อความ,โครงการจัดประชุมการท่องเที่ยวโดยชุมชน
D057,T2,2567-กษ-857,หน่วยงานรับผิดชอบ,ข้อความ,องค์การบริหารส่วนตำบลบ้านแหลม
D057,T2,2567-กษ-857,งบจัดสรร,เงินบาท,571500
D057,T2,2567-กษ-857,เบิกจ่าย,เงินบาท,480500
D057,T2,2567-กษ-857,จำนวนผู้เข้าร่วม,จำนวนนับ,43
D057,T2,2567-กษ-857,กลุ่มเป้าหมาย,รายการ,ผู้ป่วยติดเตียงและผู้ดูแลที่บ้าน
D057,T2,2567-กษ-857,สถานะ,ข้อความ,ดำเนินการแล้วเสร็จ
D057,T2,2567-กษ-857,หมายเหตุ,ข้อความ,
D057,T2,2567-ศษ-514,รหัสกิจกรรม,ข้อความ,2567-ศษ-514
D057,T2,2567-ศษ-514,ชื่อกิจกรรม,ข้อความ,โครงการสำรวจข้อมูลระบบประปาหมู่บ้าน
D057,T2,2567-ศษ-514,หน่วยงานรับผิดชอบ,ข้อความ,ทม.ลำพูน
D057,T2,2567-ศษ-514,งบจัดสรร,เงินบาท,493000
D057,T2,2567-ศษ-514,เบิกจ่าย,เงินบาท,444000
D057,T2,2567-ศษ-514,จำนวนผู้เข้าร่วม,จำนวนนับ,93
D057,T2,2567-ศษ-514,กลุ่มเป้าหมาย,รายการ,ผู้พิการและผู้ดูแล
D057,T2,2567-ศษ-514,สถานะ,ข้อความ,ดำเนินการแล้วเสร็จ
D057,T2,2567-ศษ-514,หมายเหตุ,ข้อความ,
D057,T2,2567-ศษ-427,รหัสกิจกรรม,ข้อความ,2567-ศษ-427
D057,T2,2567-ศษ-427,ชื่อกิจกรรม,ข้อความ,โครงการตรวจเยี่ยมการเกษตรปลอดภัย
D057,T2,2567-ศษ-427,หน่วยงานรับผิดชอบ,ข้อความ,ทม.ลำพูน
D057,T2,2567-ศษ-427,งบจัดสรร,เงินบาท,90000
D057,T2,2567-ศษ-427,เบิกจ่าย,เงินบาท,64000
D057,T2,2567-ศษ-427,จำนวนผู้เข้าร่วม,จำนวนนับ,190
D057,T2,2567-ศษ-427,กลุ่มเป้าหมาย,รายการ,ข้าราชการและเจ้าหน้าที่ของรัฐ
D057,T2,2567-ศษ-427,สถานะ,ข้อความ,ดำเนินการแล้วเสร็จ
D057,T2,2567-ศษ-427,หมายเหตุ,ข้อความ,
D057,T2,2567-ศษ-592,รหัสกิจกรรม,ข้อความ,2567-ศษ-592
D057,T2,2567-ศษ-592,ชื่อกิจกรรม,ข้อความ,กิจกรรมจัดเก็บข้อมูลแผนพัฒนาท้องถิ่นห้าปี
D057,T2,2567-ศษ-592,หน่วยงานรับผิดชอบ,ข้อความ,ทม.ลำพูน
D057,T2,2567-ศษ-592,งบจัดสรร,เงินบาท,562000
D057,T2,2567-ศษ-592,เบิกจ่าย,เงินบาท,450000
D057,T2,2567-ศษ-592,จำนวนผู้เข้าร่วม,จำนวนนับ,131
D057,T2,2567-ศษ-592,กลุ่มเป้าหมาย,รายการ,เด็กและเยาวชน
D057,T2,2567-ศษ-592,สถานะ,ข้อความ,ดำเนินการแล้วเสร็จ
D057,T2,2567-ศษ-592,หมายเหตุ,ข้อความ,
D058,T2,2567-พช-382,รหัสกิจกรรม,ข้อความ,2567-พช-382
D058,T2,2567-พช-382,ชื่อกิจกรรม,ข้อความ,กิจกรรมบำรุงรักษาการเกษตรปลอดภัย
D058,T2,2567-พช-382,หน่วยงานรับผิดชอบ,ข้อความ,สนง.เขตบางกะปิ
D058,T2,2567-พช-382,งบจัดสรร,เงินบาท,387000
D058,T2,2567-พช-382,เบิกจ่าย,เงินบาท,270000
D058,T2,2567-พช-382,จำนวนผู้เข้าร่วม,จำนวนนับ,166
D058,T2,2567-พช-382,กลุ่มเป้าหมาย,รายการ,แกนนำสุขภาพประจำครอบครัว
D058,T2,2567-พช-382,สถานะ,ข้อความ,ดำเนินการแล้วเสร็จ
D058,T2,2567-พช-382,หมายเหตุ,ข้อความ,
D058,T2,2567-ทถ-194,รหัสกิจกรรม,ข้อความ,2567-ทถ-194
D058,T2,2567-ทถ-194,ชื่อกิจกรรม,ข้อความ,กิจกรรมจัดทำแผนการบริหารจัดการขยะมูลฝอย
D058,T2,2567-ทถ-194,หน่วยงานรับผิดชอบ,ข้อความ,สนง.เขตบางกะปิ
D058,T2,2567-ทถ-194,งบจัดสรร,เงินบาท,377500
D058,T2,2567-ทถ-194,เบิกจ่าย,เงินบาท,339000
D058,T2,2567-ทถ-194,จำนวนผู้เข้าร่วม,จำนวนนับ,123
D058,T2,2567-ทถ-194,กลุ่มเป้าหมาย,รายการ,เจ้าหน้าที่ท้องถิ่น
D058,T2,2567-ทถ-194,สถานะ,ข้อความ,ดำเนินการแล้วเสร็จ
D058,T2,2567-ทถ-194,หมายเหตุ,ข้อความ,
D058,T2,2567-พช-728,รหัสกิจกรรม,ข้อความ,2567-พช-728
D058,T2,2567-พช-728,ชื่อกิจกรรม,ข้อความ,กิจกรรมจัดทำแผนครัวเรือนยากจนเป้าหมาย
D058,T2,2567-พช-728,หน่วยงานรับผิดชอบ,ข้อความ,สนง.เขตบางกะปิ
D058,T2,2567-พช-728,งบจัดสรร,เงินบาท,409000
D058,T2,2567-พช-728,เบิกจ่าย,เงินบาท,243500
D058,T2,2567-พช-728,จำนวนผู้เข้าร่วม,จำนวนนับ,179
D058,T2,2567-พช-728,กลุ่มเป้าหมาย,รายการ,ผู้ค้าในตลาดสด
D058,T2,2567-พช-728,สถานะ,ข้อความ,ดำเนินการแล้วเสร็จ
D058,T2,2567-พช-728,หมายเหตุ,ข้อความ,
D058,T2,2567-ทถ-087,รหัสกิจกรรม,ข้อความ,2567-ทถ-087
D058,T2,2567-ทถ-087,ชื่อกิจกรรม,ข้อความ,โครงการประชาสัมพันธ์ครัวเรือนยากจนเป้าหมาย
D058,T2,2567-ทถ-087,หน่วยงานรับผิดชอบ,ข้อความ,ทม.ลำพูน
D058,T2,2567-ทถ-087,งบจัดสรร,เงินบาท,137000
D058,T2,2567-ทถ-087,เบิกจ่าย,เงินบาท,77000
D058,T2,2567-ทถ-087,จำนวนผู้เข้าร่วม,จำนวนนับ,76
D058,T2,2567-ทถ-087,กลุ่มเป้าหมาย,รายการ,ผู้ค้าในตลาดสด
D058,T2,2567-ทถ-087,สถานะ,ข้อความ,ดำเนินการแล้วเสร็จ
D058,T2,2567-ทถ-087,หมายเหตุ,ข้อความ,
D058,T2,2567-สธ-743,รหัสกิจกรรม,ข้อความ,2567-สธ-743
D058,T2,2567-สธ-743,ชื่อกิจกรรม,ข้อความ,โครงการสำรวจข้อมูลคุณภาพชีวิตผู้สูงอายุ
D058,T2,2567-สธ-743,หน่วยงานรับผิดชอบ,ข้อความ,ทม.ลำพูน
D058,T2,2567-สธ-743,งบจัดสรร,เงินบาท,806000
D058,T2,2567-สธ-743,เบิกจ่าย,เงินบาท,532000
D058,T2,2567-สธ-743,จำนวนผู้เข้าร่วม,จำนวนนับ,168
D058,T2,2567-สธ-743,กลุ่มเป้าหมาย,รายการ,นักเรียนและนักศึกษา
D058,T2,2567-สธ-743,สถานะ,ข้อความ,ดำเนินการแล้วเสร็จ
D058,T2,2567-สธ-743,หมายเหตุ,ข้อความ,
D058,T2,2567-ศษ-772,รหัสกิจกรรม,ข้อความ,2567-ศษ-772
D058,T2,2567-ศษ-772,ชื่อกิจกรรม,ข้อความ,โครงการอบรมเชิงปฏิบัติการกลุ่มวิสาหกิจชุมชน
D058,T2,2567-ศษ-772,หน่วยงานรับผิดชอบ,ข้อความ,ทม.ลำพูน
D058,T2,2567-ศษ-772,งบจัดสรร,เงินบาท,432000
D058,T2,2567-ศษ-772,เบิกจ่าย,เงินบาท,411000
D058,T2,2567-ศษ-772,จำนวนผู้เข้าร่วม,จำนวนนับ,176
D058,T2,2567-ศษ-772,กลุ่มเป้าหมาย,รายการ,อาสาสมัครป้องกันภัยฝ่ายพลเรือน
D058,T2,2567-ศษ-772,สถานะ,ข้อความ,ดำเนินการแล้วเสร็จ
D058,T2,2567-ศษ-772,หมายเหตุ,ข้อความ,
D058,T2,2567-กษ-460,รหัสกิจกรรม,ข้อความ,2567-กษ-460
D058,T2,2567-กษ-460,ชื่อกิจกรรม,ข้อความ,โครงการอบรมเชิงปฏิบัติการครัวเรือนยากจนเป้าหมาย
D058,T2,2567-กษ-460,หน่วยงานรับผิดชอบ,ข้อความ,ทม.ลำพูน
D058,T2,2567-กษ-460,งบจัดสรร,เงินบาท,188000
D058,T2,2567-กษ-460,เบิกจ่าย,เงินบาท,149000
D058,T2,2567-กษ-460,จำนวนผู้เข้าร่วม,จำนวนนับ,80
D058,T2,2567-กษ-460,กลุ่มเป้าหมาย,รายการ,ผู้ประสบภัยพิบัติ
D058,T2,2567-กษ-460,สถานะ,ข้อความ,ดำเนินการแล้วเสร็จ
D058,T2,2567-กษ-460,หมายเหตุ,ข้อความ,
D059,T2,2567-กษ-908,รหัสกิจกรรม,ข้อความ,2567-กษ-908
D059,T2,2567-กษ-908,ชื่อกิจกรรม,ข้อความ,โครงการจัดเก็บข้อมูลการท่องเที่ยวโดยชุมชน
D059,T2,2567-กษ-908,หน่วยงานรับผิดชอบ,ข้อความ,รพ.สต.หนองบัว
D059,T2,2567-กษ-908,งบจัดสรร,เงินบาท,568000
D059,T2,2567-กษ-908,เบิกจ่าย,เงินบาท,503500
D059,T2,2567-กษ-908,จำนวนผู้เข้าร่วม,จำนวนนับ,106
D059,T2,2567-กษ-908,กลุ่มเป้าหมาย,รายการ,แกนนำสุขภาพประจำครอบครัว
D059,T2,2567-กษ-908,สถานะ,ข้อความ,ดำเนินการแล้วเสร็จ
D059,T2,2567-กษ-908,หมายเหตุ,ข้อความ,
D059,T2,2567-สธ-393,รหัสกิจกรรม,ข้อความ,2567-สธ-393
D059,T2,2567-สธ-393,ชื่อกิจกรรม,ข้อความ,โครงการจัดทำแผนคุณภาพชีวิตผู้สูงอายุ
D059,T2,2567-สธ-393,หน่วยงานรับผิดชอบ,ข้อความ,รพ.สต.หนองบัว
D059,T2,2567-สธ-393,งบจัดสรร,เงินบาท,589000
D059,T2,2567-สธ-393,เบิกจ่าย,เงินบาท,398000
D059,T2,2567-สธ-393,จำนวนผู้เข้าร่วม,จำนวนนับ,67
D059,T2,2567-สธ-393,กลุ่มเป้าหมาย,รายการ,ข้าราชการและเจ้าหน้าที่ของรัฐ
D059,T2,2567-สธ-393,สถานะ,ข้อความ,ดำเนินการแล้วเสร็จ
D059,T2,2567-สธ-393,หมายเหตุ,ข้อความ,
D059,T2,2567-สค-592,รหัสกิจกรรม,ข้อความ,2567-สค-592
D059,T2,2567-สค-592,ชื่อกิจกรรม,ข้อความ,โครงการตรวจเยี่ยมการท่องเที่ยวโดยชุมชน
D059,T2,2567-สค-592,หน่วยงานรับผิดชอบ,ข้อความ,รพ.สต.หนองบัว
D059,T2,2567-สค-592,งบจัดสรร,เงินบาท,379000
D059,T2,2567-สค-592,เบิกจ่าย,เงินบาท,336500
D059,T2,2567-สค-592,จำนวนผู้เข้าร่วม,จำนวนนับ,206
D059,T2,2567-สค-592,กลุ่มเป้าหมาย,รายการ,กลุ่มเปราะบางและผู้ด้อยโอกาส
D059,T2,2567-สค-592,สถานะ,ข้อความ,ดำเนินการแล้วเสร็จ
D059,T2,2567-สค-592,หมายเหตุ,ข้อความ,
D059,T2,2567-ศษ-251,รหัสกิจกรรม,ข้อความ,2567-ศษ-251
D059,T2,2567-ศษ-251,ชื่อกิจกรรม,ข้อความ,กิจกรรมอบรมเชิงปฏิบัติการแผนพัฒนาท้องถิ่นห้าปี
D059,T2,2567-ศษ-251,หน่วยงานรับผิดชอบ,ข้อความ,พมจ.ลำปาง
D059,T2,2567-ศษ-251,งบจัดสรร,เงินบาท,254000
D059,T2,2567-ศษ-251,เบิกจ่าย,เงินบาท,164000
D059,T2,2567-ศษ-251,จำนวนผู้เข้าร่วม,จำนวนนับ,241
D059,T2,2567-ศษ-251,กลุ่มเป้าหมาย,รายการ,ผู้ว่างงาน
D059,T2,2567-ศษ-251,สถานะ,ข้อความ,ดำเนินการแล้วเสร็จ
D059,T2,2567-ศษ-251,หมายเหตุ,ข้อความ,
D059,T2,2567-สธ-212,รหัสกิจกรรม,ข้อความ,2567-สธ-212
D059,T2,2567-สธ-212,ชื่อกิจกรรม,ข้อความ,กิจกรรมอบรมเชิงปฏิบัติการการบริหารจัดการขยะมูลฝอย
D059,T2,2567-สธ-212,หน่วยงานรับผิดชอบ,ข้อความ,พมจ.ลำปาง
D059,T2,2567-สธ-212,งบจัดสรร,เงินบาท,416000
D059,T2,2567-สธ-212,เบิกจ่าย,เงินบาท,350000
D059,T2,2567-สธ-212,จำนวนผู้เข้าร่วม,จำนวนนับ,77
D059,T2,2567-สธ-212,กลุ่มเป้าหมาย,รายการ,ข้าราชการและเจ้าหน้าที่ของรัฐ
D059,T2,2567-สธ-212,สถานะ,ข้อความ,ดำเนินการแล้วเสร็จ
D059,T2,2567-สธ-212,หมายเหตุ,ข้อความ,
D059,T2,2567-พช-056,รหัสกิจกรรม,ข้อความ,2567-พช-056
D059,T2,2567-พช-056,ชื่อกิจกรรม,ข้อความ,กิจกรรมจัดเก็บข้อมูลคุณภาพชีวิตผู้สูงอายุ
D059,T2,2567-พช-056,หน่วยงานรับผิดชอบ,ข้อความ,พมจ.ลำปาง
D059,T2,2567-พช-056,งบจัดสรร,เงินบาท,816000
D059,T2,2567-พช-056,เบิกจ่าย,เงินบาท,654000
D059,T2,2567-พช-056,จำนวนผู้เข้าร่วม,จำนวนนับ,30
D059,T2,2567-พช-056,กลุ่มเป้าหมาย,รายการ,ผู้ดูแลศูนย์พัฒนาเด็กเล็ก
D059,T2,2567-พช-056,สถานะ,ข้อความ,ดำเนินการแล้วเสร็จ
D059,T2,2567-พช-056,หมายเหตุ,ข้อความ,
D060,T2,2567-สธ-104,รหัสกิจกรรม,ข้อความ,2567-สธ-104
D060,T2,2567-สธ-104,ชื่อกิจกรรม,ข้อความ,โครงการสำรวจข้อมูลกองทุนสวัสดิการชุมชน
D060,T2,2567-สธ-104,หน่วยงานรับผิดชอบ,ข้อความ,อบต.หนองปลาไหล
D060,T2,2567-สธ-104,งบจัดสรร,เงินบาท,505500
D060,T2,2567-สธ-104,เบิกจ่าย,เงินบาท,487500
D060,T2,2567-สธ-104,จำนวนผู้เข้าร่วม,จำนวนนับ,221
D060,T2,2567-สธ-104,กลุ่มเป้าหมาย,รายการ,ผู้นำชุมชนและปราชญ์ชาวบ้าน
D060,T2,2567-สธ-104,สถานะ,ข้อความ,ดำเนินการแล้วเสร็จ
D060,T2,2567-สธ-104,หมายเหตุ,ข้อความ,
D060,T2,2567-พช-682,รหัสกิจกรรม,ข้อความ,2567-พช-682
D060,T2,2567-พช-682,ชื่อกิจกรรม,ข้อความ,โครงการจัดเก็บข้อมูลการป้องกันโรคไข้เลือดออก
D060,T2,2567-พช-682,หน่วยงานรับผิดชอบ,ข้อความ,องค์การบริหารส่วนตำบลหนองปลาไหล
D060,T2,2567-พช-682,งบจัดสรร,เงินบาท,333500
D060,T2,2567-พช-682,เบิกจ่าย,เงินบาท,262000
D060,T2,2567-พช-682,จำนวนผู้เข้าร่วม,จำนวนนับ,236
D060,T2,2567-พช-682,กลุ่มเป้าหมาย,รายการ,แกนนำสุขภาพประจำครอบครัว
D060,T2,2567-พช-682,สถานะ,ข้อความ,ดำเนินการแล้วเสร็จ
D060,T2,2567-พช-682,หมายเหตุ,ข้อความ,
D060,T2,2567-สธ-447,รหัสกิจกรรม,ข้อความ,2567-สธ-447
D060,T2,2567-สธ-447,ชื่อกิจกรรม,ข้อความ,กิจกรรมอบรมเชิงปฏิบัติการถนนสายหลักในเขตพื้นที่
D060,T2,2567-สธ-447,หน่วยงานรับผิดชอบ,ข้อความ,อบต.หนองปลาไหล
D060,T2,2567-สธ-447,งบจัดสรร,เงินบาท,690500
D060,T2,2567-สธ-447,เบิกจ่าย,เงินบาท,645000
D060,T2,2567-สธ-447,จำนวนผู้เข้าร่วม,จำนวนนับ,93
D060,T2,2567-สธ-447,กลุ่มเป้าหมาย,รายการ,แรงงานนอกระบบ
D060,T2,2567-สธ-447,สถานะ,ข้อความ,ดำเนินการแล้วเสร็จ
D060,T2,2567-สธ-447,หมายเหตุ,ข้อความ,
D060,T2,2567-กษ-872,รหัสกิจกรรม,ข้อความ,2567-กษ-872
D060,T2,2567-กษ-872,ชื่อกิจกรรม,ข้อความ,กิจกรรมจัดประชุมแผนพัฒนาท้องถิ่นห้าปี
D060,T2,2567-กษ-872,หน่วยงานรับผิดชอบ,ข้อความ,สถจ.ชุมพร
D060,T2,2567-กษ-872,งบจัดสรร,เงินบาท,839000
D060,T2,2567-กษ-872,เบิกจ่าย,เงินบาท,506000
D060,T2,2567-กษ-872,จำนวนผู้เข้าร่วม,จำนวนนับ,104
D060,T2,2567-กษ-872,กลุ่มเป้าหมาย,รายการ,ผู้ป่วยติดเตียงและผู้ดูแลที่บ้าน
D060,T2,2567-กษ-872,สถานะ,ข้อความ,ดำเนินการแล้วเสร็จ
D060,T2,2567-กษ-872,หมายเหตุ,ข้อความ,
D060,T2,2567-พช-026,รหัสกิจกรรม,ข้อความ,2567-พช-026
D060,T2,2567-พช-026,ชื่อกิจกรรม,ข้อความ,โครงการจัดเก็บข้อมูลแผนพัฒนาท้องถิ่นห้าปี
D060,T2,2567-พช-026,หน่วยงานรับผิดชอบ,ข้อความ,สถจ.ชุมพร
D060,T2,2567-พช-026,งบจัดสรร,เงินบาท,422000
D060,T2,2567-พช-026,เบิกจ่าย,เงินบาท,297000
D060,T2,2567-พช-026,จำนวนผู้เข้าร่วม,จำนวนนับ,78
D060,T2,2567-พช-026,กลุ่มเป้าหมาย,รายการ,ข้าราชการและเจ้าหน้าที่ของรัฐ
D060,T2,2567-พช-026,สถานะ,ข้อความ,ดำเนินการแล้วเสร็จ
D060,T2,2567-พช-026,หมายเหตุ,ข้อความ,
D060,T2,2567-กษ-777,รหัสกิจกรรม,ข้อความ,2567-กษ-777
D060,T2,2567-กษ-777,ชื่อกิจกรรม,ข้อความ,โครงการบำรุงรักษาการท่องเที่ยวโดยชุมชน
D060,T2,2567-กษ-777,หน่วยงานรับผิดชอบ,ข้อความ,สถจ.ชุมพร
D060,T2,2567-กษ-777,งบจัดสรร,เงินบาท,848000
D060,T2,2567-กษ-777,เบิกจ่าย,เงินบาท,670000
D060,T2,2567-กษ-777,จำนวนผู้เข้าร่วม,จำนวนนับ,173
D060,T2,2567-กษ-777,กลุ่มเป้าหมาย,รายการ,ผู้นำศาสนา
D060,T2,2567-กษ-777,สถานะ,ข้อความ,ดำเนินการแล้วเสร็จ
D060,T2,2567-กษ-777,หมายเหตุ,ข้อความ,
D060,T2,2567-พช-872,รหัสกิจกรรม,ข้อความ,2567-พช-872
D060,T2,2567-พช-872,ชื่อกิจกรรม,ข้อความ,กิจกรรมสำรวจข้อมูลถนนสายหลักในเขตพื้นที่
D060,T2,2567-พช-872,หน่วยงานรับผิดชอบ,ข้อความ,สถจ.ชุมพร
D060,T2,2567-พช-872,งบจัดสรร,เงินบาท,313000
D060,T2,2567-พช-872,เบิกจ่าย,เงินบาท,241000
D060,T2,2567-พช-872,จำนวนผู้เข้าร่วม,จำนวนนับ,95
D060,T2,2567-พช-872,กลุ่มเป้าหมาย,รายการ,กลุ่มเปราะบางและผู้ด้อยโอกาส
D060,T2,2567-พช-872,สถานะ,ข้อความ,ดำเนินการแล้วเสร็จ
D060,T2,2567-พช-872,หมายเหตุ,ข้อความ,
D061,T2,2568-พช-426,รหัสกิจกรรม,ข้อความ,2568-พช-426
D061,T2,2568-พช-426,ชื่อกิจกรรม,ข้อความ,โครงการจัดเก็บข้อมูลการเกษตรปลอดภัย
D061,T2,2568-พช-426,หน่วยงานรับผิดชอบ,ข้อความ,สำนักงานเขตหนองแขม
D061,T2,2568-พช-426,งบจัดสรร,เงินบาท,660000
D061,T2,2568-พช-426,เบิกจ่าย,เงินบาท,599500
D061,T2,2568-พช-426,จำนวนผู้เข้าร่วม,จำนวนนับ,127
D061,T2,2568-พช-426,กลุ่มเป้าหมาย,รายการ,ครัวเรือนยากจน
D061,T2,2568-พช-426,สถานะ,ข้อความ,ดำเนินการแล้วเสร็จ
D061,T2,2568-พช-426,หมายเหตุ,ข้อความ,
D061,T2,2568-กษ-749,รหัสกิจกรรม,ข้อความ,2568-กษ-749
D061,T2,2568-กษ-749,ชื่อกิจกรรม,ข้อความ,โครงการจัดประชุมกลุ่มวิสาหกิจชุมชน
D061,T2,2568-กษ-749,หน่วยงานรับผิดชอบ,ข้อความ,สำนักงานเขตหนองแขม
D061,T2,2568-กษ-749,งบจัดสรร,เงินบาท,285500
D061,T2,2568-กษ-749,เบิกจ่าย,เงินบาท,269500
D061,T2,2568-กษ-749,จำนวนผู้เข้าร่วม,จำนวนนับ,177
D061,T2,2568-กษ-749,กลุ่มเป้าหมาย,รายการ,เด็กและเยาวชน
D061,T2,2568-กษ-749,สถานะ,ข้อความ,ดำเนินการแล้วเสร็จ
D061,T2,2568-กษ-749,หมายเหตุ,ข้อความ,
D061,T2,2568-ศษ-290,รหัสกิจกรรม,ข้อความ,2568-ศษ-290
D061,T2,2568-ศษ-290,ชื่อกิจกรรม,ข้อความ,กิจกรรมจัดทำแผนแผนพัฒนาท้องถิ่นห้าปี
D061,T2,2568-ศษ-290,หน่วยงานรับผิดชอบ,ข้อความ,สนง.เขตหนองแขม
D061,T2,2568-ศษ-290,งบจัดสรร,เงินบาท,227500
D061,T2,2568-ศษ-290,เบิกจ่าย,เงินบาท,209500
D061,T2,2568-ศษ-290,จำนวนผู้เข้าร่วม,จำนวนนับ,201
D061,T2,2568-ศษ-290,กลุ่มเป้าหมาย,รายการ,อาสาสมัครป้องกันภัยฝ่ายพลเรือน
D061,T2,2568-ศษ-290,สถานะ,ข้อความ,ดำเนินการแล้วเสร็จ
D061,T2,2568-ศษ-290,หมายเหตุ,ข้อความ,
D061,T2,2568-สธ-856,รหัสกิจกรรม,ข้อความ,2568-สธ-856
D061,T2,2568-สธ-856,ชื่อกิจกรรม,ข้อความ,กิจกรรมประชาสัมพันธ์กองทุนสวัสดิการชุมชน
D061,T2,2568-สธ-856,หน่วยงานรับผิดชอบ,ข้อความ,พมจ.สตูล
D061,T2,2568-สธ-856,งบจัดสรร,เงินบาท,184000
D061,T2,2568-สธ-856,เบิกจ่าย,เงินบาท,172000
D061,T2,2568-สธ-856,จำนวนผู้เข้าร่วม,จำนวนนับ,214
D061,T2,2568-สธ-856,กลุ่มเป้าหมาย,รายการ,ผู้ดูแลศูนย์พัฒนาเด็กเล็ก
D061,T2,2568-สธ-856,สถานะ,ข้อความ,ดำเนินการแล้วเสร็จ
D061,T2,2568-สธ-856,หมายเหตุ,ข้อความ,
D061,T2,2568-พช-777,รหัสกิจกรรม,ข้อความ,2568-พช-777
D061,T2,2568-พช-777,ชื่อกิจกรรม,ข้อความ,กิจกรรมสำรวจข้อมูลอาสาสมัครสาธารณสุขประจำหมู่บ้าน
D061,T2,2568-พช-777,หน่วยงานรับผิดชอบ,ข้อความ,พมจ.สตูล
D061,T2,2568-พช-777,งบจัดสรร,เงินบาท,131000
D061,T2,2568-พช-777,เบิกจ่าย,เงินบาท,110000
D061,T2,2568-พช-777,จำนวนผู้เข้าร่วม,จำนวนนับ,108
D061,T2,2568-พช-777,กลุ่มเป้าหมาย,รายการ,เจ้าหน้าที่ท้องถิ่น
D061,T2,2568-พช-777,สถานะ,ข้อความ,ดำเนินการแล้วเสร็จ
D061,T2,2568-พช-777,หมายเหตุ,ข้อความ,
D061,T2,2568-ทถ-152,รหัสกิจกรรม,ข้อความ,2568-ทถ-152
D061,T2,2568-ทถ-152,ชื่อกิจกรรม,ข้อความ,โครงการตรวจเยี่ยมกองทุนสวัสดิการชุมชน
D061,T2,2568-ทถ-152,หน่วยงานรับผิดชอบ,ข้อความ,พมจ.สตูล
D061,T2,2568-ทถ-152,งบจัดสรร,เงินบาท,726000
D061,T2,2568-ทถ-152,เบิกจ่าย,เงินบาท,717000
D061,T2,2568-ทถ-152,จำนวนผู้เข้าร่วม,จำนวนนับ,107
D061,T2,2568-ทถ-152,กลุ่มเป้าหมาย,รายการ,ครัวเรือนยากจน
D061,T2,2568-ทถ-152,สถานะ,ข้อความ,ดำเนินการแล้วเสร็จ
D061,T2,2568-ทถ-152,หมายเหตุ,ข้อความ,
D061,T2,2568-พช-408,รหัสกิจกรรม,ข้อความ,2568-พช-408
D061,T2,2568-พช-408,ชื่อกิจกรรม,ข้อความ,โครงการประชาสัมพันธ์การจัดการน้ำเสียชุมชน
D061,T2,2568-พช-408,หน่วยงานรับผิดชอบ,ข้อความ,พมจ.สตูล
D061,T2,2568-พช-408,งบจัดสรร,เงินบาท,406000
D061,T2,2568-พช-408,เบิกจ่าย,เงินบาท,339000
D061,T2,2568-พช-408,จำนวนผู้เข้าร่วม,จำนวนนับ,240
D061,T2,2568-พช-408,กลุ่มเป้าหมาย,รายการ,ผู้ป่วยติดเตียงและผู้ดูแลที่บ้าน
D061,T2,2568-พช-408,สถานะ,ข้อความ,ดำเนินการแล้วเสร็จ
D061,T2,2568-พช-408,หมายเหตุ,ข้อความ,
D062,T2,2568-ทถ-734,รหัสกิจกรรม,ข้อความ,2568-ทถ-734
D062,T2,2568-ทถ-734,ชื่อกิจกรรม,ข้อความ,โครงการอบรมเชิงปฏิบัติการระบบประปาหมู่บ้าน
D062,T2,2568-ทถ-734,หน่วยงานรับผิดชอบ,ข้อความ,สนง.เขตหนองแขม
D062,T2,2568-ทถ-734,งบจัดสรร,เงินบาท,286500
D062,T2,2568-ทถ-734,เบิกจ่าย,เงินบาท,228000
D062,T2,2568-ทถ-734,จำนวนผู้เข้าร่วม,จำนวนนับ,56
D062,T2,2568-ทถ-734,กลุ่มเป้าหมาย,รายการ,ประชาชนทั่วไป
D062,T2,2568-ทถ-734,สถานะ,ข้อความ,ดำเนินการแล้วเสร็จ
D062,T2,2568-ทถ-734,หมายเหตุ,ข้อความ,
D062,T2,2568-ทถ-604,รหัสกิจกรรม,ข้อความ,2568-ทถ-604
D062,T2,2568-ทถ-604,ชื่อกิจกรรม,ข้อความ,กิจกรรมอบรมเชิงปฏิบัติการการป้องกันโรคไข้เลือดออก
D062,T2,2568-ทถ-604,หน่วยงานรับผิดชอบ,ข้อความ,สนง.เขตหนองแขม
D062,T2,2568-ทถ-604,งบจัดสรร,เงินบาท,467000
D062,T2,2568-ทถ-604,เบิกจ่าย,เงินบาท,312500
D062,T2,2568-ทถ-604,จำนวนผู้เข้าร่วม,จำนวนนับ,149
D062,T2,2568-ทถ-604,กลุ่มเป้าหมาย,รายการ,ผู้ปกครองเด็กก่อนวัยเรียน
D062,T2,2568-ทถ-604,สถานะ,ข้อความ,ดำเนินการแล้วเสร็จ
D062,T2,2568-ทถ-604,หมายเหตุ,ข้อความ,
D062,T2,2568-ศษ-641,รหัสกิจกรรม,ข้อความ,2568-ศษ-641
D062,T2,2568-ศษ-641,ชื่อกิจกรรม,ข้อความ,กิจกรรมสำรวจข้อมูลการเกษตรปลอดภัย
D062,T2,2568-ศษ-641,หน่วยงานรับผิดชอบ,ข้อความ,สนง.เขตหนองแขม
D062,T2,2568-ศษ-641,งบจัดสรร,เงินบาท,773500
D062,T2,2568-ศษ-641,เบิกจ่าย,เงินบาท,586500
D062,T2,2568-ศษ-641,จำนวนผู้เข้าร่วม,จำนวนนับ,57
D062,T2,2568-ศษ-641,กลุ่มเป้าหมาย,รายการ,ผู้ประกอบการร้านอาหาร
D062,T2,2568-ศษ-641,สถานะ,ข้อความ,ดำเนินการแล้วเสร็จ
D062,T2,2568-ศษ-641,หมายเหตุ,ข้อความ,
D062,T2,2568-พช-509,รหัสกิจกรรม,ข้อความ,2568-พช-509
D062,T2,2568-พช-509,ชื่อกิจกรรม,ข้อความ,โครงการตรวจเยี่ยมครัวเรือนยากจนเป้าหมาย
D062,T2,2568-พช-509,หน่วยงานรับผิดชอบ,ข้อความ,อบต.หนองปลาไหล
D062,T2,2568-พช-509,งบจัดสรร,เงินบาท,586000
D062,T2,2568-พช-509,เบิกจ่าย,เงินบาท,522000
D062,T2,2568-พช-509,จำนวนผู้เข้าร่วม,จำนวนนับ,63
D062,T2,2568-พช-509,กลุ่มเป้าหมาย,รายการ,ประชาชนทั่วไป
D062,T2,2568-พช-509,สถานะ,ข้อความ,ดำเนินการแล้วเสร็จ
D062,T2,2568-พช-509,หมายเหตุ,ข้อความ,
D062,T2,2568-กษ-899,รหัสกิจกรรม,ข้อความ,2568-กษ-899
D062,T2,2568-กษ-899,ชื่อกิจกรรม,ข้อความ,โครงการสำรวจข้อมูลกลุ่มวิสาหกิจชุมชน
D062,T2,2568-กษ-899,หน่วยงานรับผิดชอบ,ข้อความ,อบต.หนองปลาไหล
D062,T2,2568-กษ-899,งบจัดสรร,เงินบาท,745000
D062,T2,2568-กษ-899,เบิกจ่าย,เงินบาท,703000
D062,T2,2568-กษ-899,จำนวนผู้เข้าร่วม,จำนวนนับ,141
D062,T2,2568-กษ-899,กลุ่มเป้าหมาย,รายการ,เด็กและเยาวชน
D062,T2,2568-กษ-899,สถานะ,ข้อความ,ดำเนินการแล้วเสร็จ
D062,T2,2568-กษ-899,หมายเหตุ,ข้อความ,
D062,T2,2568-ศษ-568,รหัสกิจกรรม,ข้อความ,2568-ศษ-568
D062,T2,2568-ศษ-568,ชื่อกิจกรรม,ข้อความ,โครงการบำรุงรักษาเศรษฐกิจฐานราก
D062,T2,2568-ศษ-568,หน่วยงานรับผิดชอบ,ข้อความ,อบต.หนองปลาไหล
D062,T2,2568-ศษ-568,งบจัดสรร,เงินบาท,271000
D062,T2,2568-ศษ-568,เบิกจ่าย,เงินบาท,256000
D062,T2,2568-ศษ-568,จำนวนผู้เข้าร่วม,จำนวนนับ,137
D062,T2,2568-ศษ-568,กลุ่มเป้าหมาย,รายการ,เกษตรกรและผู้ประกอบการรายย่อย
D062,T2,2568-ศษ-568,สถานะ,ข้อความ,ดำเนินการแล้วเสร็จ
D062,T2,2568-ศษ-568,หมายเหตุ,ข้อความ,
D063,T2,2568-ทถ-934,รหัสกิจกรรม,ข้อความ,2568-ทถ-934
D063,T2,2568-ทถ-934,ชื่อกิจกรรม,ข้อความ,กิจกรรมอบรมเชิงปฏิบัติการกองทุนสวัสดิการชุมชน
D063,T2,2568-ทถ-934,หน่วยงานรับผิดชอบ,ข้อความ,รพ.สต.หนองบัว
D063,T2,2568-ทถ-934,งบจัดสรร,เงินบาท,427500
D063,T2,2568-ทถ-934,เบิกจ่าย,เงินบาท,417000
D063,T2,2568-ทถ-934,จำนวนผู้เข้าร่วม,จำนวนนับ,63
D063,T2,2568-ทถ-934,กลุ่มเป้าหมาย,รายการ,กลุ่มเปราะบางและผู้ด้อยโอกาส
D063,T2,2568-ทถ-934,สถานะ,ข้อความ,ดำเนินการแล้วเสร็จ
D063,T2,2568-ทถ-934,หมายเหตุ,ข้อความ,
D063,T2,2568-กษ-985,รหัสกิจกรรม,ข้อความ,2568-กษ-985
D063,T2,2568-กษ-985,ชื่อกิจกรรม,ข้อความ,โครงการบำรุงรักษาการป้องกันโรคไข้เลือดออก
D063,T2,2568-กษ-985,หน่วยงานรับผิดชอบ,ข้อความ,รพ.สต.หนองบัว
D063,T2,2568-กษ-985,งบจัดสรร,เงินบาท,609500
D063,T2,2568-กษ-985,เบิกจ่าย,เงินบาท,382500
D063,T2,2568-กษ-985,จำนวนผู้เข้าร่วม,จำนวนนับ,172
D063,T2,2568-กษ-985,กลุ่มเป้าหมาย,รายการ,ผู้ประสบภัยพิบัติ
D063,T2,2568-กษ-985,สถานะ,ข้อความ,ดำเนินการแล้วเสร็จ
D063,T2,2568-กษ-985,หมายเหตุ,ข้อความ,
D063,T2,2568-ทถ-443,รหัสกิจกรรม,ข้อความ,2568-ทถ-443
D063,T2,2568-ทถ-443,ชื่อกิจกรรม,ข้อความ,กิจกรรมจัดทำแผนอาสาสมัครสาธารณสุขประจำหมู่บ้าน
D063,T2,2568-ทถ-443,หน่วยงานรับผิดชอบ,ข้อความ,โรงพยาบาลส่งเสริมสุขภาพตำบลหนองบัว
D063,T2,2568-ทถ-443,งบจัดสรร,เงินบาท,809000
D063,T2,2568-ทถ-443,เบิกจ่าย,เงินบาท,781000
D063,T2,2568-ทถ-443,จำนวนผู้เข้าร่วม,จำนวนนับ,163
D063,T2,2568-ทถ-443,กลุ่มเป้าหมาย,รายการ,เกษตรกรผู้เลี้ยงโคเนื้อ
D063,T2,2568-ทถ-443,สถานะ,ข้อความ,ดำเนินการแล้วเสร็จ
D063,T2,2568-ทถ-443,หมายเหตุ,ข้อความ,
D063,T2,2568-สค-798,รหัสกิจกรรม,ข้อความ,2568-สค-798
D063,T2,2568-สค-798,ชื่อกิจกรรม,ข้อความ,โครงการอบรมเชิงปฏิบัติการอาสาสมัครสาธารณสุขประจำหมู่บ้าน
D063,T2,2568-สค-798,หน่วยงานรับผิดชอบ,ข้อความ,ทม.ลำพูน
D063,T2,2568-สค-798,งบจัดสรร,เงินบาท,535000
D063,T2,2568-สค-798,เบิกจ่าย,เงินบาท,468000
D063,T2,2568-สค-798,จำนวนผู้เข้าร่วม,จำนวนนับ,152
D063,T2,2568-สค-798,กลุ่มเป้าหมาย,รายการ,ผู้ว่างงาน
D063,T2,2568-สค-798,สถานะ,ข้อความ,ดำเนินการแล้วเสร็จ
D063,T2,2568-สค-798,หมายเหตุ,ข้อความ,
D063,T2,2568-สธ-436,รหัสกิจกรรม,ข้อความ,2568-สธ-436
D063,T2,2568-สธ-436,ชื่อกิจกรรม,ข้อความ,โครงการประชาสัมพันธ์ศูนย์พัฒนาเด็กเล็ก
D063,T2,2568-สธ-436,หน่วยงานรับผิดชอบ,ข้อความ,ทม.ลำพูน
D063,T2,2568-สธ-436,งบจัดสรร,เงินบาท,206000
D063,T2,2568-สธ-436,เบิกจ่าย,เงินบาท,203000
D063,T2,2568-สธ-436,จำนวนผู้เข้าร่วม,จำนวนนับ,26
D063,T2,2568-สธ-436,กลุ่มเป้าหมาย,รายการ,ผู้นำชุมชนและปราชญ์ชาวบ้าน
D063,T2,2568-สธ-436,สถานะ,ข้อความ,ดำเนินการแล้วเสร็จ
D063,T2,2568-สธ-436,หมายเหตุ,ข้อความ,
D063,T2,2568-ทถ-424,รหัสกิจกรรม,ข้อความ,2568-ทถ-424
D063,T2,2568-ทถ-424,ชื่อกิจกรรม,ข้อความ,กิจกรรมจัดเก็บข้อมูลระบบประปาหมู่บ้าน
D063,T2,2568-ทถ-424,หน่วยงานรับผิดชอบ,ข้อความ,ทม.ลำพูน
D063,T2,2568-ทถ-424,งบจัดสรร,เงินบาท,56000
D063,T2,2568-ทถ-424,เบิกจ่าย,เงินบาท,30000
D063,T2,2568-ทถ-424,จำนวนผู้เข้าร่วม,จำนวนนับ,164
D063,T2,2568-ทถ-424,กลุ่มเป้าหมาย,รายการ,เกษตรกรผู้เลี้ยงโคเนื้อ
D063,T2,2568-ทถ-424,สถานะ,ข้อความ,ดำเนินการแล้วเสร็จ
D063,T2,2568-ทถ-424,หมายเหตุ,ข้อความ,
D064,T2,2568-ศษ-301,รหัสกิจกรรม,ข้อความ,2568-ศษ-301
D064,T2,2568-ศษ-301,ชื่อกิจกรรม,ข้อความ,โครงการตรวจเยี่ยมการบริหารจัดการขยะมูลฝอย
D064,T2,2568-ศษ-301,หน่วยงานรับผิดชอบ,ข้อความ,สำนักงานพัฒนาสังคมและความมั่นคงของมนุษย์จังหวัดลำปาง
D064,T2,2568-ศษ-301,งบจัดสรร,เงินบาท,321500
D064,T2,2568-ศษ-301,เบิกจ่าย,เงินบาท,245000
D064,T2,2568-ศษ-301,จำนวนผู้เข้าร่วม,จำนวนนับ,132
D064,T2,2568-ศษ-301,กลุ่มเป้าหมาย,รายการ,ผู้ประกอบการร้านอาหาร
D064,T2,2568-ศษ-301,สถานะ,ข้อความ,ดำเนินการแล้วเสร็จ
D064,T2,2568-ศษ-301,หมายเหตุ,ข้อความ,
D064,T2,2568-สธ-310,รหัสกิจกรรม,ข้อความ,2568-สธ-310
D064,T2,2568-สธ-310,ชื่อกิจกรรม,ข้อความ,โครงการตรวจเยี่ยมถนนสายหลักในเขตพื้นที่
D064,T2,2568-สธ-310,หน่วยงานรับผิดชอบ,ข้อความ,พมจ.ลำปาง
D064,T2,2568-สธ-310,งบจัดสรร,เงินบาท,38500
D064,T2,2568-สธ-310,เบิกจ่าย,เงินบาท,24500
D064,T2,2568-สธ-310,จำนวนผู้เข้าร่วม,จำนวนนับ,128
D064,T2,2568-สธ-310,กลุ่มเป้าหมาย,รายการ,ผู้ค้าในตลาดสด
D064,T2,2568-สธ-310,สถานะ,ข้อความ,ดำเนินการแล้วเสร็จ
D064,T2,2568-สธ-310,หมายเหตุ,ข้อความ,
D064,T2,2568-สธ-730,รหัสกิจกรรม,ข้อความ,2568-สธ-730
D064,T2,2568-สธ-730,ชื่อกิจกรรม,ข้อความ,โครงการจัดประชุมอาสาสมัครสาธารณสุขประจำหมู่บ้าน
D064,T2,2568-สธ-730,หน่วยงานรับผิดชอบ,ข้อความ,พมจ.ลำปาง
D064,T2,2568-สธ-730,งบจัดสรร,เงินบาท,717500
D064,T2,2568-สธ-730,เบิกจ่าย,เงินบาท,509500
D064,T2,2568-สธ-730,จำนวนผู้เข้าร่วม,จำนวนนับ,154
D064,T2,2568-สธ-730,กลุ่มเป้าหมาย,รายการ,กลุ่มเปราะบางและผู้ด้อยโอกาส
D064,T2,2568-สธ-730,สถานะ,ข้อความ,ดำเนินการแล้วเสร็จ
D064,T2,2568-สธ-730,หมายเหตุ,ข้อความ,
D064,T2,2568-พช-825,รหัสกิจกรรม,ข้อความ,2568-พช-825
D064,T2,2568-พช-825,ชื่อกิจกรรม,ข้อความ,กิจกรรมประชาสัมพันธ์ศูนย์พัฒนาเด็กเล็ก
D064,T2,2568-พช-825,หน่วยงานรับผิดชอบ,ข้อความ,สำนักงานพัฒนาสังคมและความมั่นคงของมนุษย์จังหวัดลำปาง
D064,T2,2568-พช-825,งบจัดสรร,เงินบาท,121000
D064,T2,2568-พช-825,เบิกจ่าย,เงินบาท,78000
D064,T2,2568-พช-825,จำนวนผู้เข้าร่วม,จำนวนนับ,129
D064,T2,2568-พช-825,กลุ่มเป้าหมาย,รายการ,ผู้ว่างงาน
D064,T2,2568-พช-825,สถานะ,ข้อความ,ดำเนินการแล้วเสร็จ
D064,T2,2568-พช-825,หมายเหตุ,ข้อความ,
D064,T2,2568-สธ-962,รหัสกิจกรรม,ข้อความ,2568-สธ-962
D064,T2,2568-สธ-962,ชื่อกิจกรรม,ข้อความ,โครงการจัดเก็บข้อมูลการจัดการน้ำเสียชุมชน
D064,T2,2568-สธ-962,หน่วยงานรับผิดชอบ,ข้อความ,สำนักงานพัฒนาสังคมและความมั่นคงของมนุษย์จังหวัดลำปาง
D064,T2,2568-สธ-962,งบจัดสรร,เงินบาท,174000
D064,T2,2568-สธ-962,เบิกจ่าย,เงินบาท,100500
D064,T2,2568-สธ-962,จำนวนผู้เข้าร่วม,จำนวนนับ,148
D064,T2,2568-สธ-962,กลุ่มเป้าหมาย,รายการ,กลุ่มออมทรัพย์เพื่อการผลิต
D064,T2,2568-สธ-962,สถานะ,ข้อความ,ดำเนินการแล้วเสร็จ
D064,T2,2568-สธ-962,หมายเหตุ,ข้อความ,
D064,T2,2568-ศษ-014,รหัสกิจกรรม,ข้อความ,2568-ศษ-014
D064,T2,2568-ศษ-014,ชื่อกิจกรรม,ข้อความ,โครงการตรวจเยี่ยมถนนสายหลักในเขตพื้นที่
D064,T2,2568-ศษ-014,หน่วยงานรับผิดชอบ,ข้อความ,สำนักงานพัฒนาสังคมและความมั่นคงของมนุษย์จังหวัดลำปาง
D064,T2,2568-ศษ-014,งบจัดสรร,เงินบาท,475500
D064,T2,2568-ศษ-014,เบิกจ่าย,เงินบาท,262500
D064,T2,2568-ศษ-014,จำนวนผู้เข้าร่วม,จำนวนนับ,90
D064,T2,2568-ศษ-014,กลุ่มเป้าหมาย,รายการ,ผู้ว่างงาน
D064,T2,2568-ศษ-014,สถานะ,ข้อความ,ดำเนินการแล้วเสร็จ
D064,T2,2568-ศษ-014,หมายเหตุ,ข้อความ,
D064,T2,2568-พช-307,รหัสกิจกรรม,ข้อความ,2568-พช-307
D064,T2,2568-พช-307,ชื่อกิจกรรม,ข้อความ,กิจกรรมจัดเก็บข้อมูลการเกษตรปลอดภัย
D064,T2,2568-พช-307,หน่วยงานรับผิดชอบ,ข้อความ,พมจ.ลำปาง
D064,T2,2568-พช-307,งบจัดสรร,เงินบาท,248000
D064,T2,2568-พช-307,เบิกจ่าย,เงินบาท,140000
D064,T2,2568-พช-307,จำนวนผู้เข้าร่วม,จำนวนนับ,175
D064,T2,2568-พช-307,กลุ่มเป้าหมาย,รายการ,ผู้ต้องขัง
D064,T2,2568-พช-307,สถานะ,ข้อความ,ดำเนินการแล้วเสร็จ
D064,T2,2568-พช-307,หมายเหตุ,ข้อความ,
D065,T2,2568-สธ-229,รหัสกิจกรรม,ข้อความ,2568-สธ-229
D065,T2,2568-สธ-229,ชื่อกิจกรรม,ข้อความ,โครงการตรวจเยี่ยมการป้องกันโรคไข้เลือดออก
D065,T2,2568-สธ-229,หน่วยงานรับผิดชอบ,ข้อความ,สำนักงานพัฒนาสังคมและความมั่นคงของมนุษย์จังหวัดลำปาง
D065,T2,2568-สธ-229,งบจัดสรร,เงินบาท,32000
D065,T2,2568-สธ-229,เบิกจ่าย,เงินบาท,23500
D065,T2,2568-สธ-229,จำนวนผู้เข้าร่วม,จำนวนนับ,37
D065,T2,2568-สธ-229,กลุ่มเป้าหมาย,รายการ,ผู้ต้องขัง
D065,T2,2568-สธ-229,สถานะ,ข้อความ,ดำเนินการแล้วเสร็จ
D065,T2,2568-สธ-229,หมายเหตุ,ข้อความ,
D065,T2,2568-พช-622,รหัสกิจกรรม,ข้อความ,2568-พช-622
D065,T2,2568-พช-622,ชื่อกิจกรรม,ข้อความ,กิจกรรมอบรมเชิงปฏิบัติการเศรษฐกิจฐานราก
D065,T2,2568-พช-622,หน่วยงานรับผิดชอบ,ข้อความ,พมจ.ลำปาง
D065,T2,2568-พช-622,งบจัดสรร,เงินบาท,457000
D065,T2,2568-พช-622,เบิกจ่าย,เงินบาท,262500
D065,T2,2568-พช-622,จำนวนผู้เข้าร่วม,จำนวนนับ,55
D065,T2,2568-พช-622,กลุ่มเป้าหมาย,รายการ,ผู้ค้าในตลาดสด
D065,T2,2568-พช-622,สถานะ,ข้อความ,ดำเนินการแล้วเสร็จ
D065,T2,2568-พช-622,หมายเหตุ,ข้อความ,
D065,T2,2568-ศษ-156,รหัสกิจกรรม,ข้อความ,2568-ศษ-156
D065,T2,2568-ศษ-156,ชื่อกิจกรรม,ข้อความ,กิจกรรมประชาสัมพันธ์กองทุนสวัสดิการชุมชน
D065,T2,2568-ศษ-156,หน่วยงานรับผิดชอบ,ข้อความ,พมจ.ลำปาง
D065,T2,2568-ศษ-156,งบจัดสรร,เงินบาท,284000
D065,T2,2568-ศษ-156,เบิกจ่าย,เงินบาท,254000
D065,T2,2568-ศษ-156,จำนวนผู้เข้าร่วม,จำนวนนับ,121
D065,T2,2568-ศษ-156,กลุ่มเป้าหมาย,รายการ,ผู้ค้าในตลาดสด
D065,T2,2568-ศษ-156,สถานะ,ข้อความ,ดำเนินการแล้วเสร็จ
D065,T2,2568-ศษ-156,หมายเหตุ,ข้อความ,
D065,T2,2568-ศษ-216,รหัสกิจกรรม,ข้อความ,2568-ศษ-216
D065,T2,2568-ศษ-216,ชื่อกิจกรรม,ข้อความ,กิจกรรมบำรุงรักษาการท่องเที่ยวโดยชุมชน
D065,T2,2568-ศษ-216,หน่วยงานรับผิดชอบ,ข้อความ,พมจ.ลำปาง
D065,T2,2568-ศษ-216,งบจัดสรร,เงินบาท,371000
D065,T2,2568-ศษ-216,เบิกจ่าย,เงินบาท,337500
D065,T2,2568-ศษ-216,จำนวนผู้เข้าร่วม,จำนวนนับ,78
D065,T2,2568-ศษ-216,กลุ่มเป้าหมาย,รายการ,ผู้ดูแลศูนย์พัฒนาเด็กเล็ก
D065,T2,2568-ศษ-216,สถานะ,ข้อความ,ดำเนินการแล้วเสร็จ
D065,T2,2568-ศษ-216,หมายเหตุ,ข้อความ,
D065,T2,2568-ทถ-417,รหัสกิจกรรม,ข้อความ,2568-ทถ-417
D065,T2,2568-ทถ-417,ชื่อกิจกรรม,ข้อความ,กิจกรรมตรวจเยี่ยมศูนย์พัฒนาเด็กเล็ก
D065,T2,2568-ทถ-417,หน่วยงานรับผิดชอบ,ข้อความ,พมจ.ลำปาง
D065,T2,2568-ทถ-417,งบจัดสรร,เงินบาท,39000
D065,T2,2568-ทถ-417,เบิกจ่าย,เงินบาท,25500
D065,T2,2568-ทถ-417,จำนวนผู้เข้าร่วม,จำนวนนับ,180
D065,T2,2568-ทถ-417,กลุ่มเป้าหมาย,รายการ,แกนนำสุขภาพประจำครอบครัว
D065,T2,2568-ทถ-417,สถานะ,ข้อความ,ดำเนินการแล้วเสร็จ
D065,T2,2568-ทถ-417,หมายเหตุ,ข้อความ,
D065,T2,2568-พช-857,รหัสกิจกรรม,ข้อความ,2568-พช-857
D065,T2,2568-พช-857,ชื่อกิจกรรม,ข้อความ,โครงการจัดเก็บข้อมูลการจัดการน้ำเสียชุมชน
D065,T2,2568-พช-857,หน่วยงานรับผิดชอบ,ข้อความ,พมจ.ลำปาง
D065,T2,2568-พช-857,งบจัดสรร,เงินบาท,510500
D065,T2,2568-พช-857,เบิกจ่าย,เงินบาท,456500
D065,T2,2568-พช-857,จำนวนผู้เข้าร่วม,จำนวนนับ,94
D065,T2,2568-พช-857,กลุ่มเป้าหมาย,รายการ,อาสาสมัครสาธารณสุขประจำหมู่บ้าน
D065,T2,2568-พช-857,สถานะ,ข้อความ,ดำเนินการแล้วเสร็จ
D065,T2,2568-พช-857,หมายเหตุ,ข้อความ,
D065,T2,2568-พช-175,รหัสกิจกรรม,ข้อความ,2568-พช-175
D065,T2,2568-พช-175,ชื่อกิจกรรม,ข้อความ,โครงการอบรมเชิงปฏิบัติการกองทุนสวัสดิการชุมชน
D065,T2,2568-พช-175,หน่วยงานรับผิดชอบ,ข้อความ,สำนักงานพัฒนาสังคมและความมั่นคงของมนุษย์จังหวัดลำปาง
D065,T2,2568-พช-175,งบจัดสรร,เงินบาท,521500
D065,T2,2568-พช-175,เบิกจ่าย,เงินบาท,311000
D065,T2,2568-พช-175,จำนวนผู้เข้าร่วม,จำนวนนับ,73
D065,T2,2568-พช-175,กลุ่มเป้าหมาย,รายการ,ผู้นำศาสนา
D065,T2,2568-พช-175,สถานะ,ข้อความ,ดำเนินการแล้วเสร็จ
D065,T2,2568-พช-175,หมายเหตุ,ข้อความ,
D066,T2,2567-สค-150,รหัสกิจกรรม,ข้อความ,2567-สค-150
D066,T2,2567-สค-150,ชื่อกิจกรรม,ข้อความ,กิจกรรมจัดประชุมกองทุนสวัสดิการชุมชน
D066,T2,2567-สค-150,หน่วยงานรับผิดชอบ,ข้อความ,พช.อ.เมือง
D066,T2,2567-สค-150,งบจัดสรร,เงินบาท,113000
D066,T2,2567-สค-150,เบิกจ่าย,เงินบาท,75000
D066,T2,2567-สค-150,จำนวนผู้เข้าร่วม,จำนวนนับ,224
D066,T2,2567-สค-150,กลุ่มเป้าหมาย,รายการ,ข้าราชการและเจ้าหน้าที่ของรัฐ
D066,T2,2567-สค-150,สถานะ,ข้อความ,ดำเนินการแล้วเสร็จ
D066,T2,2567-สค-150,หมายเหตุ,ข้อความ,
D066,T2,2567-ทถ-107,รหัสกิจกรรม,ข้อความ,2567-ทถ-107
D066,T2,2567-ทถ-107,ชื่อกิจกรรม,ข้อความ,โครงการประชาสัมพันธ์กองทุนสวัสดิการชุมชน
D066,T2,2567-ทถ-107,หน่วยงานรับผิดชอบ,ข้อความ,พช.อ.เมือง
D066,T2,2567-ทถ-107,งบจัดสรร,เงินบาท,220000
D066,T2,2567-ทถ-107,เบิกจ่าย,เงินบาท,163000
D066,T2,2567-ทถ-107,จำนวนผู้เข้าร่วม,จำนวนนับ,222
D066,T2,2567-ทถ-107,กลุ่มเป้าหมาย,รายการ,นักเรียนและนักศึกษา
D066,T2,2567-ทถ-107,สถานะ,ข้อความ,ดำเนินการแล้วเสร็จ
D066,T2,2567-ทถ-107,หมายเหตุ,ข้อความ,
D066,T2,2567-ทถ-013,รหัสกิจกรรม,ข้อความ,2567-ทถ-013
D066,T2,2567-ทถ-013,ชื่อกิจกรรม,ข้อความ,โครงการจัดประชุมการบริหารจัดการขยะมูลฝอย
D066,T2,2567-ทถ-013,หน่วยงานรับผิดชอบ,ข้อความ,พช.อ.เมือง
D066,T2,2567-ทถ-013,งบจัดสรร,เงินบาท,310500
D066,T2,2567-ทถ-013,เบิกจ่าย,เงินบาท,238000
D066,T2,2567-ทถ-013,จำนวนผู้เข้าร่วม,จำนวนนับ,154
D066,T2,2567-ทถ-013,กลุ่มเป้าหมาย,รายการ,กลุ่มออมทรัพย์เพื่อการผลิต
D066,T2,2567-ทถ-013,สถานะ,ข้อความ,ดำเนินการแล้วเสร็จ
D066,T2,2567-ทถ-013,หมายเหตุ,ข้อความ,
D066,T2,2567-กษ-475,รหัสกิจกรรม,ข้อความ,2567-กษ-475
D066,T2,2567-กษ-475,ชื่อกิจกรรม,ข้อความ,โครงการอบรมเชิงปฏิบัติการถนนสายหลักในเขตพื้นที่
D066,T2,2567-กษ-475,หน่วยงานรับผิดชอบ,ข้อความ,พช.อ.เมือง
D066,T2,2567-กษ-475,งบจัดสรร,เงินบาท,183000
D066,T2,2567-กษ-475,เบิกจ่าย,เงินบาท,131500
D066,T2,2567-กษ-475,จำนวนผู้เข้าร่วม,จำนวนนับ,119
D066,T2,2567-กษ-475,กลุ่มเป้าหมาย,รายการ,ผู้สูงอายุ
D066,T2,2567-กษ-475,สถานะ,ข้อความ,ดำเนินการแล้วเสร็จ
D066,T2,2567-กษ-475,หมายเหตุ,ข้อความ,
D066,T2,2567-พช-071,รหัสกิจกรรม,ข้อความ,2567-พช-071
D066,T2,2567-พช-071,ชื่อกิจกรรม,ข้อความ,กิจกรรมอบรมเชิงปฏิบัติการการบริหารจัดการขยะมูลฝอย
D066,T2,2567-พช-071,หน่วยงานรับผิดชอบ,ข้อความ,พช.อ.เมือง
D066,T2,2567-พช-071,งบจัดสรร,เงินบาท,365000
D066,T2,2567-พช-071,เบิกจ่าย,เงินบาท,239500
D066,T2,2567-พช-071,จำนวนผู้เข้าร่วม,จำนวนนับ,99
D066,T2,2567-พช-071,กลุ่มเป้าหมาย,รายการ,กลุ่มเปราะบางและผู้ด้อยโอกาส
D066,T2,2567-พช-071,สถานะ,ข้อความ,ดำเนินการแล้วเสร็จ
D066,T2,2567-พช-071,หมายเหตุ,ข้อความ,
D066,T2,2567-กษ-918,รหัสกิจกรรม,ข้อความ,2567-กษ-918
D066,T2,2567-กษ-918,ชื่อกิจกรรม,ข้อความ,โครงการจัดเก็บข้อมูลแผนพัฒนาท้องถิ่นห้าปี
D066,T2,2567-กษ-918,หน่วยงานรับผิดชอบ,ข้อความ,พช.อ.เมือง
D066,T2,2567-กษ-918,งบจัดสรร,เงินบาท,436500
D066,T2,2567-กษ-918,เบิกจ่าย,เงินบาท,253000
D066,T2,2567-กษ-918,จำนวนผู้เข้าร่วม,จำนวนนับ,158
D066,T2,2567-กษ-918,กลุ่มเป้าหมาย,รายการ,เด็กและเยาวชน
D066,T2,2567-กษ-918,สถานะ,ข้อความ,ดำเนินการแล้วเสร็จ
D066,T2,2567-กษ-918,หมายเหตุ,ข้อความ,
D066,T2,2567-ศษ-885,รหัสกิจกรรม,ข้อความ,2567-ศษ-885
D066,T2,2567-ศษ-885,ชื่อกิจกรรม,ข้อความ,กิจกรรมสำรวจข้อมูลครัวเรือนยากจนเป้าหมาย
D066,T2,2567-ศษ-885,หน่วยงานรับผิดชอบ,ข้อความ,สำนักงานพัฒนาชุมชนอำเภอเมือง
D066,T2,2567-ศษ-885,งบจัดสรร,เงินบาท,49000
D066,T2,2567-ศษ-885,เบิกจ่าย,เงินบาท,34500
D066,T2,2567-ศษ-885,จำนวนผู้เข้าร่วม,จำนวนนับ,75
D066,T2,2567-ศษ-885,กลุ่มเป้าหมาย,รายการ,ครัวเรือนยากจน
D066,T2,2567-ศษ-885,สถานะ,ข้อความ,ดำเนินการแล้วเสร็จ
D066,T2,2567-ศษ-885,หมายเหตุ,ข้อความ,
D067,T3,2567-กษ-764,รหัสกิจกรรม,ข้อความ,2567-กษ-764
D067,T3,2567-กษ-764,ชื่อกิจกรรม,ข้อความ,กิจกรรมอบรมเชิงปฏิบัติการเศรษฐกิจฐานราก
D067,T3,2567-กษ-764,หน่วยงานรับผิดชอบ,ข้อความ,สำนักงานประมงจังหวัดระนอง
D067,T3,2567-กษ-764,งบจัดสรร,เงินบาท,836500
D067,T3,2567-กษ-764,เบิกจ่าย,เงินบาท,835000
D067,T3,2567-กษ-764,จำนวนผู้เข้าร่วม,จำนวนนับ,153
D067,T3,2567-กษ-764,กลุ่มเป้าหมาย,รายการ,ผู้ประกอบการร้านอาหาร
D067,T3,2567-กษ-764,สถานะ,ข้อความ,ดำเนินการแล้วเสร็จ
D067,T3,2567-กษ-764,หมายเหตุ,ข้อความ,
D067,T3,2567-สค-384,รหัสกิจกรรม,ข้อความ,2567-สค-384
D067,T3,2567-สค-384,ชื่อกิจกรรม,ข้อความ,กิจกรรมตรวจเยี่ยมการบริหารจัดการขยะมูลฝอย
D067,T3,2567-สค-384,หน่วยงานรับผิดชอบ,ข้อความ,สนง.ประมงจังหวัดระนอง
D067,T3,2567-สค-384,งบจัดสรร,เงินบาท,437000
D067,T3,2567-สค-384,เบิกจ่าย,เงินบาท,421000
D067,T3,2567-สค-384,จำนวนผู้เข้าร่วม,จำนวนนับ,241
D067,T3,2567-สค-384,กลุ่มเป้าหมาย,รายการ,ผู้ค้าในตลาดสด
D067,T3,2567-สค-384,สถานะ,ข้อความ,ดำเนินการแล้วเสร็จ
D067,T3,2567-สค-384,หมายเหตุ,ข้อความ,
D067,T3,2567-สค-105,รหัสกิจกรรม,ข้อความ,2567-สค-105
D067,T3,2567-สค-105,ชื่อกิจกรรม,ข้อความ,โครงการอบรมเชิงปฏิบัติการอาสาสมัครสาธารณสุขประจำหมู่บ้าน
D067,T3,2567-สค-105,หน่วยงานรับผิดชอบ,ข้อความ,สนง.ประมงจังหวัดระนอง
D067,T3,2567-สค-105,งบจัดสรร,เงินบาท,129500
D067,T3,2567-สค-105,เบิกจ่าย,เงินบาท,79000
D067,T3,2567-สค-105,จำนวนผู้เข้าร่วม,จำนวนนับ,159
D067,T3,2567-สค-105,กลุ่มเป้าหมาย,รายการ,กลุ่มวิสาหกิจชุมชน
D067,T3,2567-สค-105,สถานะ,ข้อความ,ดำเนินการแล้วเสร็จ
D067,T3,2567-สค-105,หมายเหตุ,ข้อความ,
D067,T3,2567-สธ-217,รหัสกิจกรรม,ข้อความ,2567-สธ-217
D067,T3,2567-สธ-217,ชื่อกิจกรรม,ข้อความ,กิจกรรมจัดเก็บข้อมูลการจัดการน้ำเสียชุมชน
D067,T3,2567-สธ-217,หน่วยงานรับผิดชอบ,ข้อความ,สำนักงานประมงจังหวัดระนอง
D067,T3,2567-สธ-217,งบจัดสรร,เงินบาท,251500
D067,T3,2567-สธ-217,เบิกจ่าย,เงินบาท,219500
D067,T3,2567-สธ-217,จำนวนผู้เข้าร่วม,จำนวนนับ,139
D067,T3,2567-สธ-217,กลุ่มเป้าหมาย,รายการ,กลุ่มวิสาหกิจชุมชน
D067,T3,2567-สธ-217,สถานะ,ข้อความ,ดำเนินการแล้วเสร็จ
D067,T3,2567-สธ-217,หมายเหตุ,ข้อความ,
D067,T3,2567-สธ-642,รหัสกิจกรรม,ข้อความ,2567-สธ-642
D067,T3,2567-สธ-642,ชื่อกิจกรรม,ข้อความ,กิจกรรมจัดประชุมการท่องเที่ยวโดยชุมชน
D067,T3,2567-สธ-642,หน่วยงานรับผิดชอบ,ข้อความ,สำนักงานประมงจังหวัดระนอง
D067,T3,2567-สธ-642,งบจัดสรร,เงินบาท,641500
D067,T3,2567-สธ-642,เบิกจ่าย,เงินบาท,440000
D067,T3,2567-สธ-642,จำนวนผู้เข้าร่วม,จำนวนนับ,145
D067,T3,2567-สธ-642,กลุ่มเป้าหมาย,รายการ,เกษตรกรและผู้ประกอบการรายย่อย
D067,T3,2567-สธ-642,สถานะ,ข้อความ,ดำเนินการแล้วเสร็จ
D067,T3,2567-สธ-642,หมายเหตุ,ข้อความ,
D067,T3,2567-กษ-359,รหัสกิจกรรม,ข้อความ,2567-กษ-359
D067,T3,2567-กษ-359,ชื่อกิจกรรม,ข้อความ,กิจกรรมจัดเก็บข้อมูลศูนย์พัฒนาเด็กเล็ก
D067,T3,2567-กษ-359,หน่วยงานรับผิดชอบ,ข้อความ,สนง.ประมงจังหวัดระนอง
D067,T3,2567-กษ-359,งบจัดสรร,เงินบาท,361500
D067,T3,2567-กษ-359,เบิกจ่าย,เงินบาท,276000
D067,T3,2567-กษ-359,จำนวนผู้เข้าร่วม,จำนวนนับ,83
D067,T3,2567-กษ-359,กลุ่มเป้าหมาย,รายการ,นักท่องเที่ยว
D067,T3,2567-กษ-359,สถานะ,ข้อความ,ดำเนินการแล้วเสร็จ
D067,T3,2567-กษ-359,หมายเหตุ,ข้อความ,
D068,T3,2568-พช-569,รหัสกิจกรรม,ข้อความ,2568-พช-569
D068,T3,2568-พช-569,ชื่อกิจกรรม,ข้อความ,โครงการตรวจเยี่ยมระบบประปาหมู่บ้าน
D068,T3,2568-พช-569,หน่วยงานรับผิดชอบ,ข้อความ,สำนักงานพัฒนาชุมชนอำเภอเมือง
D068,T3,2568-พช-569,งบจัดสรร,เงินบาท,162000
D068,T3,2568-พช-569,เบิกจ่าย,เงินบาท,148000
D068,T3,2568-พช-569,จำนวนผู้เข้าร่วม,จำนวนนับ,170
D068,T3,2568-พช-569,กลุ่มเป้าหมาย,รายการ,ผู้ว่างงาน
D068,T3,2568-พช-569,สถานะ,ข้อความ,ดำเนินการแล้วเสร็จ
D068,T3,2568-พช-569,หมายเหตุ,ข้อความ,
D068,T3,2568-กษ-739,รหัสกิจกรรม,ข้อความ,2568-กษ-739
D068,T3,2568-กษ-739,ชื่อกิจกรรม,ข้อความ,โครงการจัดประชุมระบบประปาหมู่บ้าน
D068,T3,2568-กษ-739,หน่วยงานรับผิดชอบ,ข้อความ,สำนักงานพัฒนาชุมชนอำเภอเมือง
D068,T3,2568-กษ-739,งบจัดสรร,เงินบาท,245000
D068,T3,2568-กษ-739,เบิกจ่าย,เงินบาท,209000
D068,T3,2568-กษ-739,จำนวนผู้เข้าร่วม,จำนวนนับ,45
D068,T3,2568-กษ-739,กลุ่มเป้าหมาย,รายการ,ผู้ดูแลศูนย์พัฒนาเด็กเล็ก
D068,T3,2568-กษ-739,สถานะ,ข้อความ,ดำเนินการแล้วเสร็จ
D068,T3,2568-กษ-739,หมายเหตุ,ข้อความ,
D068,T3,2568-สธ-092,รหัสกิจกรรม,ข้อความ,2568-สธ-092
D068,T3,2568-สธ-092,ชื่อกิจกรรม,ข้อความ,โครงการประชาสัมพันธ์การท่องเที่ยวโดยชุมชน
D068,T3,2568-สธ-092,หน่วยงานรับผิดชอบ,ข้อความ,สำนักงานพัฒนาชุมชนอำเภอเมือง
D068,T3,2568-สธ-092,งบจัดสรร,เงินบาท,147000
D068,T3,2568-สธ-092,เบิกจ่าย,เงินบาท,143500
D068,T3,2568-สธ-092,จำนวนผู้เข้าร่วม,จำนวนนับ,234
D068,T3,2568-สธ-092,กลุ่มเป้าหมาย,รายการ,ผู้พิการและผู้ดูแล
D068,T3,2568-สธ-092,สถานะ,ข้อความ,ดำเนินการแล้วเสร็จ
D068,T3,2568-สธ-092,หมายเหตุ,ข้อความ,
D068,T3,2568-สธ-920,รหัสกิจกรรม,ข้อความ,2568-สธ-920
D068,T3,2568-สธ-920,ชื่อกิจกรรม,ข้อความ,โครงการสำรวจข้อมูลการป้องกันโรคไข้เลือดออก
D068,T3,2568-สธ-920,หน่วยงานรับผิดชอบ,ข้อความ,พช.อ.เมือง
D068,T3,2568-สธ-920,งบจัดสรร,เงินบาท,634500
D068,T3,2568-สธ-920,เบิกจ่าย,เงินบาท,540500
D068,T3,2568-สธ-920,จำนวนผู้เข้าร่วม,จำนวนนับ,60
D068,T3,2568-สธ-920,กลุ่มเป้าหมาย,รายการ,แรงงานนอกระบบ
D068,T3,2568-สธ-920,สถานะ,ข้อความ,ดำเนินการแล้วเสร็จ
D068,T3,2568-สธ-920,หมายเหตุ,ข้อความ,
D068,T3,2568-กษ-848,รหัสกิจกรรม,ข้อความ,2568-กษ-848
D068,T3,2568-กษ-848,ชื่อกิจกรรม,ข้อความ,กิจกรรมจัดทำแผนแผนพัฒนาท้องถิ่นห้าปี
D068,T3,2568-กษ-848,หน่วยงานรับผิดชอบ,ข้อความ,พช.อ.เมือง
D068,T3,2568-กษ-848,งบจัดสรร,เงินบาท,214500
D068,T3,2568-กษ-848,เบิกจ่าย,เงินบาท,173500
D068,T3,2568-กษ-848,จำนวนผู้เข้าร่วม,จำนวนนับ,229
D068,T3,2568-กษ-848,กลุ่มเป้าหมาย,รายการ,อาสาสมัครป้องกันภัยฝ่ายพลเรือน
D068,T3,2568-กษ-848,สถานะ,ข้อความ,ดำเนินการแล้วเสร็จ
D068,T3,2568-กษ-848,หมายเหตุ,ข้อความ,
D068,T3,2568-สค-789,รหัสกิจกรรม,ข้อความ,2568-สค-789
D068,T3,2568-สค-789,ชื่อกิจกรรม,ข้อความ,กิจกรรมจัดประชุมระบบประปาหมู่บ้าน
D068,T3,2568-สค-789,หน่วยงานรับผิดชอบ,ข้อความ,พช.อ.เมือง
D068,T3,2568-สค-789,งบจัดสรร,เงินบาท,116500
D068,T3,2568-สค-789,เบิกจ่าย,เงินบาท,69000
D068,T3,2568-สค-789,จำนวนผู้เข้าร่วม,จำนวนนับ,51
D068,T3,2568-สค-789,กลุ่มเป้าหมาย,รายการ,ผู้ค้าในตลาดสด
D068,T3,2568-สค-789,สถานะ,ข้อความ,ดำเนินการแล้วเสร็จ
D068,T3,2568-สค-789,หมายเหตุ,ข้อความ,
D068,T3,2568-ทถ-195,รหัสกิจกรรม,ข้อความ,2568-ทถ-195
D068,T3,2568-ทถ-195,ชื่อกิจกรรม,ข้อความ,กิจกรรมจัดทำแผนครัวเรือนยากจนเป้าหมาย
D068,T3,2568-ทถ-195,หน่วยงานรับผิดชอบ,ข้อความ,สำนักงานพัฒนาชุมชนอำเภอเมือง
D068,T3,2568-ทถ-195,งบจัดสรร,เงินบาท,364500
D068,T3,2568-ทถ-195,เบิกจ่าย,เงินบาท,317000
D068,T3,2568-ทถ-195,จำนวนผู้เข้าร่วม,จำนวนนับ,237
D068,T3,2568-ทถ-195,กลุ่มเป้าหมาย,รายการ,ผู้ปกครองเด็กก่อนวัยเรียน
D068,T3,2568-ทถ-195,สถานะ,ข้อความ,ดำเนินการแล้วเสร็จ
D068,T3,2568-ทถ-195,หมายเหตุ,ข้อความ,
D069,T3,2567-สค-022,รหัสกิจกรรม,ข้อความ,2567-สค-022
D069,T3,2567-สค-022,ชื่อกิจกรรม,ข้อความ,กิจกรรมประชาสัมพันธ์ครัวเรือนยากจนเป้าหมาย
D069,T3,2567-สค-022,หน่วยงานรับผิดชอบ,ข้อความ,สำนักงานประมงจังหวัดระนอง
D069,T3,2567-สค-022,งบจัดสรร,เงินบาท,804500
D069,T3,2567-สค-022,เบิกจ่าย,เงินบาท,574500
D069,T3,2567-สค-022,จำนวนผู้เข้าร่วม,จำนวนนับ,64
D069,T3,2567-สค-022,กลุ่มเป้าหมาย,รายการ,เกษตรกรผู้เลี้ยงโคเนื้อ
D069,T3,2567-สค-022,สถานะ,ข้อความ,ดำเนินการแล้วเสร็จ
D069,T3,2567-สค-022,หมายเหตุ,ข้อความ,
D069,T3,2567-ศษ-134,รหัสกิจกรรม,ข้อความ,2567-ศษ-134
D069,T3,2567-ศษ-134,ชื่อกิจกรรม,ข้อความ,โครงการประชาสัมพันธ์อาสาสมัครสาธารณสุขประจำหมู่บ้าน
D069,T3,2567-ศษ-134,หน่วยงานรับผิดชอบ,ข้อความ,สำนักงานประมงจังหวัดระนอง
D069,T3,2567-ศษ-134,งบจัดสรร,เงินบาท,659500
D069,T3,2567-ศษ-134,เบิกจ่าย,เงินบาท,415000
D069,T3,2567-ศษ-134,จำนวนผู้เข้าร่วม,จำนวนนับ,142
D069,T3,2567-ศษ-134,กลุ่มเป้าหมาย,รายการ,กลุ่มเปราะบางและผู้ด้อยโอกาส
D069,T3,2567-ศษ-134,สถานะ,ข้อความ,ดำเนินการแล้วเสร็จ
D069,T3,2567-ศษ-134,หมายเหตุ,ข้อความ,
D069,T3,2567-พช-307,รหัสกิจกรรม,ข้อความ,2567-พช-307
D069,T3,2567-พช-307,ชื่อกิจกรรม,ข้อความ,โครงการอบรมเชิงปฏิบัติการเศรษฐกิจฐานราก
D069,T3,2567-พช-307,หน่วยงานรับผิดชอบ,ข้อความ,สนง.ประมงจังหวัดระนอง
D069,T3,2567-พช-307,งบจัดสรร,เงินบาท,726000
D069,T3,2567-พช-307,เบิกจ่าย,เงินบาท,695500
D069,T3,2567-พช-307,จำนวนผู้เข้าร่วม,จำนวนนับ,193
D069,T3,2567-พช-307,กลุ่มเป้าหมาย,รายการ,เกษตรกรและผู้ประกอบการรายย่อย
D069,T3,2567-พช-307,สถานะ,ข้อความ,ดำเนินการแล้วเสร็จ
D069,T3,2567-พช-307,หมายเหตุ,ข้อความ,
D069,T3,2567-กษ-203,รหัสกิจกรรม,ข้อความ,2567-กษ-203
D069,T3,2567-กษ-203,ชื่อกิจกรรม,ข้อความ,โครงการสำรวจข้อมูลศูนย์พัฒนาเด็กเล็ก
D069,T3,2567-กษ-203,หน่วยงานรับผิดชอบ,ข้อความ,สำนักงานประมงจังหวัดระนอง
D069,T3,2567-กษ-203,งบจัดสรร,เงินบาท,565500
D069,T3,2567-กษ-203,เบิกจ่าย,เงินบาท,320000
D069,T3,2567-กษ-203,จำนวนผู้เข้าร่วม,จำนวนนับ,49
D069,T3,2567-กษ-203,กลุ่มเป้าหมาย,รายการ,นักท่องเที่ยว
D069,T3,2567-กษ-203,สถานะ,ข้อความ,ดำเนินการแล้วเสร็จ
D069,T3,2567-กษ-203,หมายเหตุ,ข้อความ,
D069,T3,2567-กษ-806,รหัสกิจกรรม,ข้อความ,2567-กษ-806
D069,T3,2567-กษ-806,ชื่อกิจกรรม,ข้อความ,โครงการตรวจเยี่ยมครัวเรือนยากจนเป้าหมาย
D069,T3,2567-กษ-806,หน่วยงานรับผิดชอบ,ข้อความ,สนง.ประมงจังหวัดระนอง
D069,T3,2567-กษ-806,งบจัดสรร,เงินบาท,480500
D069,T3,2567-กษ-806,เบิกจ่าย,เงินบาท,383500
D069,T3,2567-กษ-806,จำนวนผู้เข้าร่วม,จำนวนนับ,85
D069,T3,2567-กษ-806,กลุ่มเป้าหมาย,รายการ,ผู้สูงอายุ
D069,T3,2567-กษ-806,สถานะ,ข้อความ,ดำเนินการแล้วเสร็จ
D069,T3,2567-กษ-806,หมายเหตุ,ข้อความ,
D069,T3,2567-กษ-213,รหัสกิจกรรม,ข้อความ,2567-กษ-213
D069,T3,2567-กษ-213,ชื่อกิจกรรม,ข้อความ,กิจกรรมสำรวจข้อมูลครัวเรือนยากจนเป้าหมาย
D069,T3,2567-กษ-213,หน่วยงานรับผิดชอบ,ข้อความ,สนง.ประมงจังหวัดระนอง
D069,T3,2567-กษ-213,งบจัดสรร,เงินบาท,671000
D069,T3,2567-กษ-213,เบิกจ่าย,เงินบาท,600500
D069,T3,2567-กษ-213,จำนวนผู้เข้าร่วม,จำนวนนับ,245
D069,T3,2567-กษ-213,กลุ่มเป้าหมาย,รายการ,เกษตรกรและผู้ประกอบการรายย่อย
D069,T3,2567-กษ-213,สถานะ,ข้อความ,ดำเนินการแล้วเสร็จ
D069,T3,2567-กษ-213,หมายเหตุ,ข้อความ,
D069,T3,2567-ทถ-063,รหัสกิจกรรม,ข้อความ,2567-ทถ-063
D069,T3,2567-ทถ-063,ชื่อกิจกรรม,ข้อความ,กิจกรรมประชาสัมพันธ์การท่องเที่ยวโดยชุมชน
D069,T3,2567-ทถ-063,หน่วยงานรับผิดชอบ,ข้อความ,สนง.ประมงจังหวัดระนอง
D069,T3,2567-ทถ-063,งบจัดสรร,เงินบาท,805000
D069,T3,2567-ทถ-063,เบิกจ่าย,เงินบาท,770500
D069,T3,2567-ทถ-063,จำนวนผู้เข้าร่วม,จำนวนนับ,107
D069,T3,2567-ทถ-063,กลุ่มเป้าหมาย,รายการ,กลุ่มออมทรัพย์เพื่อการผลิต
D069,T3,2567-ทถ-063,สถานะ,ข้อความ,ดำเนินการแล้วเสร็จ
D069,T3,2567-ทถ-063,หมายเหตุ,ข้อความ,
D070,T3,2568-กษ-823,รหัสกิจกรรม,ข้อความ,2568-กษ-823
D070,T3,2568-กษ-823,ชื่อกิจกรรม,ข้อความ,กิจกรรมบำรุงรักษาเศรษฐกิจฐานราก
D070,T3,2568-กษ-823,หน่วยงานรับผิดชอบ,ข้อความ,สนง.เกษตรอำเภอสูงเนิน
D070,T3,2568-กษ-823,งบจัดสรร,เงินบาท,343000
D070,T3,2568-กษ-823,เบิกจ่าย,เงินบาท,278500
D070,T3,2568-กษ-823,จำนวนผู้เข้าร่วม,จำนวนนับ,96
D070,T3,2568-กษ-823,กลุ่มเป้าหมาย,รายการ,ผู้นำศาสนา
D070,T3,2568-กษ-823,สถานะ,ข้อความ,ดำเนินการแล้วเสร็จ
D070,T3,2568-กษ-823,หมายเหตุ,ข้อความ,
D070,T3,2568-สธ-511,รหัสกิจกรรม,ข้อความ,2568-สธ-511
D070,T3,2568-สธ-511,ชื่อกิจกรรม,ข้อความ,โครงการประชาสัมพันธ์การบริหารจัดการขยะมูลฝอย
D070,T3,2568-สธ-511,หน่วยงานรับผิดชอบ,ข้อความ,สำนักงานเกษตรอำเภอสูงเนิน
D070,T3,2568-สธ-511,งบจัดสรร,เงินบาท,777500
D070,T3,2568-สธ-511,เบิกจ่าย,เงินบาท,535500
D070,T3,2568-สธ-511,จำนวนผู้เข้าร่วม,จำนวนนับ,179
D070,T3,2568-สธ-511,กลุ่มเป้าหมาย,รายการ,กลุ่มออมทรัพย์เพื่อการผลิต
D070,T3,2568-สธ-511,สถานะ,ข้อความ,ดำเนินการแล้วเสร็จ
D070,T3,2568-สธ-511,หมายเหตุ,ข้อความ,
D070,T3,2568-ทถ-714,รหัสกิจกรรม,ข้อความ,2568-ทถ-714
D070,T3,2568-ทถ-714,ชื่อกิจกรรม,ข้อความ,โครงการบำรุงรักษาศูนย์พัฒนาเด็กเล็ก
D070,T3,2568-ทถ-714,หน่วยงานรับผิดชอบ,ข้อความ,สำนักงานเกษตรอำเภอสูงเนิน
D070,T3,2568-ทถ-714,งบจัดสรร,เงินบาท,414000
D070,T3,2568-ทถ-714,เบิกจ่าย,เงินบาท,378500
D070,T3,2568-ทถ-714,จำนวนผู้เข้าร่วม,จำนวนนับ,156
D070,T3,2568-ทถ-714,กลุ่มเป้าหมาย,รายการ,อาสาสมัครสาธารณสุขประจำหมู่บ้าน
D070,T3,2568-ทถ-714,สถานะ,ข้อความ,ดำเนินการแล้วเสร็จ
D070,T3,2568-ทถ-714,หมายเหตุ,ข้อความ,
D070,T3,2568-พช-343,รหัสกิจกรรม,ข้อความ,2568-พช-343
D070,T3,2568-พช-343,ชื่อกิจกรรม,ข้อความ,กิจกรรมตรวจเยี่ยมการท่องเที่ยวโดยชุมชน
D070,T3,2568-พช-343,หน่วยงานรับผิดชอบ,ข้อความ,สำนักงานเกษตรอำเภอสูงเนิน
D070,T3,2568-พช-343,งบจัดสรร,เงินบาท,482000
D070,T3,2568-พช-343,เบิกจ่าย,เงินบาท,434500
D070,T3,2568-พช-343,จำนวนผู้เข้าร่วม,จำนวนนับ,139
D070,T3,2568-พช-343,กลุ่มเป้าหมาย,รายการ,เกษตรกรผู้เลี้ยงโคเนื้อ
D070,T3,2568-พช-343,สถานะ,ข้อความ,ดำเนินการแล้วเสร็จ
D070,T3,2568-พช-343,หมายเหตุ,ข้อความ,
D070,T3,2568-ศษ-907,รหัสกิจกรรม,ข้อความ,2568-ศษ-907
D070,T3,2568-ศษ-907,ชื่อกิจกรรม,ข้อความ,โครงการจัดเก็บข้อมูลกลุ่มวิสาหกิจชุมชน
D070,T3,2568-ศษ-907,หน่วยงานรับผิดชอบ,ข้อความ,สนง.เกษตรอำเภอสูงเนิน
D070,T3,2568-ศษ-907,งบจัดสรร,เงินบาท,755500
D070,T3,2568-ศษ-907,เบิกจ่าย,เงินบาท,687000
D070,T3,2568-ศษ-907,จำนวนผู้เข้าร่วม,จำนวนนับ,212
D070,T3,2568-ศษ-907,กลุ่มเป้าหมาย,รายการ,สตรีและครอบครัว
D070,T3,2568-ศษ-907,สถานะ,ข้อความ,ดำเนินการแล้วเสร็จ
D070,T3,2568-ศษ-907,หมายเหตุ,ข้อความ,
D070,T3,2568-สค-544,รหัสกิจกรรม,ข้อความ,2568-สค-544
D070,T3,2568-สค-544,ชื่อกิจกรรม,ข้อความ,กิจกรรมสำรวจข้อมูลการเกษตรปลอดภัย
D070,T3,2568-สค-544,หน่วยงานรับผิดชอบ,ข้อความ,สำนักงานเกษตรอำเภอสูงเนิน
D070,T3,2568-สค-544,งบจัดสรร,เงินบาท,138000
D070,T3,2568-สค-544,เบิกจ่าย,เงินบาท,105500
D070,T3,2568-สค-544,จำนวนผู้เข้าร่วม,จำนวนนับ,215
D070,T3,2568-สค-544,กลุ่มเป้าหมาย,รายการ,อาสาสมัครสาธารณสุขประจำหมู่บ้าน
D070,T3,2568-สค-544,สถานะ,ข้อความ,ดำเนินการแล้วเสร็จ
D070,T3,2568-สค-544,หมายเหตุ,ข้อความ,
D070,T3,2568-ทถ-794,รหัสกิจกรรม,ข้อความ,2568-ทถ-794
D070,T3,2568-ทถ-794,ชื่อกิจกรรม,ข้อความ,โครงการสำรวจข้อมูลครัวเรือนยากจนเป้าหมาย
D070,T3,2568-ทถ-794,หน่วยงานรับผิดชอบ,ข้อความ,สนง.เกษตรอำเภอสูงเนิน
D070,T3,2568-ทถ-794,งบจัดสรร,เงินบาท,841500
D070,T3,2568-ทถ-794,เบิกจ่าย,เงินบาท,598000
D070,T3,2568-ทถ-794,จำนวนผู้เข้าร่วม,จำนวนนับ,243
D070,T3,2568-ทถ-794,กลุ่มเป้าหมาย,รายการ,เกษตรกรผู้เลี้ยงโคเนื้อ
D070,T3,2568-ทถ-794,สถานะ,ข้อความ,ดำเนินการแล้วเสร็จ
D070,T3,2568-ทถ-794,หมายเหตุ,ข้อความ,
D071,T3,2568-พช-916,รหัสกิจกรรม,ข้อความ,2568-พช-916
D071,T3,2568-พช-916,ชื่อกิจกรรม,ข้อความ,กิจกรรมจัดประชุมการจัดการน้ำเสียชุมชน
D071,T3,2568-พช-916,หน่วยงานรับผิดชอบ,ข้อความ,ปศอ.วังน้ำเขียว
D071,T3,2568-พช-916,งบจัดสรร,เงินบาท,180500
D071,T3,2568-พช-916,เบิกจ่าย,เงินบาท,164000
D071,T3,2568-พช-916,จำนวนผู้เข้าร่วม,จำนวนนับ,63
D071,T3,2568-พช-916,กลุ่มเป้าหมาย,รายการ,ผู้ประสบภัยพิบัติ
D071,T3,2568-พช-916,สถานะ,ข้อความ,ดำเนินการแล้วเสร็จ
D071,T3,2568-พช-916,หมายเหตุ,ข้อความ,
D071,T3,2568-ทถ-283,รหัสกิจกรรม,ข้อความ,2568-ทถ-283
D071,T3,2568-ทถ-283,ชื่อกิจกรรม,ข้อความ,กิจกรรมอบรมเชิงปฏิบัติการเศรษฐกิจฐานราก
D071,T3,2568-ทถ-283,หน่วยงานรับผิดชอบ,ข้อความ,ปศอ.วังน้ำเขียว
D071,T3,2568-ทถ-283,งบจัดสรร,เงินบาท,629000
D071,T3,2568-ทถ-283,เบิกจ่าย,เงินบาท,532500
D071,T3,2568-ทถ-283,จำนวนผู้เข้าร่วม,จำนวนนับ,224
D071,T3,2568-ทถ-283,กลุ่มเป้าหมาย,รายการ,เด็กและเยาวชน
D071,T3,2568-ทถ-283,สถานะ,ข้อความ,ดำเนินการแล้วเสร็จ
D071,T3,2568-ทถ-283,หมายเหตุ,ข้อความ,
D071,T3,2568-กษ-559,รหัสกิจกรรม,ข้อความ,2568-กษ-559
D071,T3,2568-กษ-559,ชื่อกิจกรรม,ข้อความ,กิจกรรมจัดเก็บข้อมูลการจัดการน้ำเสียชุมชน
D071,T3,2568-กษ-559,หน่วยงานรับผิดชอบ,ข้อความ,สำนักงานปศุสัตว์อำเภอวังน้ำเขียว
D071,T3,2568-กษ-559,งบจัดสรร,เงินบาท,803500
D071,T3,2568-กษ-559,เบิกจ่าย,เงินบาท,723000
D071,T3,2568-กษ-559,จำนวนผู้เข้าร่วม,จำนวนนับ,216
D071,T3,2568-กษ-559,กลุ่มเป้าหมาย,รายการ,ประชาชนทั่วไป
D071,T3,2568-กษ-559,สถานะ,ข้อความ,ดำเนินการแล้วเสร็จ
D071,T3,2568-กษ-559,หมายเหตุ,ข้อความ,
D071,T3,2568-พช-993,รหัสกิจกรรม,ข้อความ,2568-พช-993
D071,T3,2568-พช-993,ชื่อกิจกรรม,ข้อความ,โครงการประชาสัมพันธ์การบริหารจัดการขยะมูลฝอย
D071,T3,2568-พช-993,หน่วยงานรับผิดชอบ,ข้อความ,ปศอ.วังน้ำเขียว
D071,T3,2568-พช-993,งบจัดสรร,เงินบาท,311000
D071,T3,2568-พช-993,เบิกจ่าย,เงินบาท,275000
D071,T3,2568-พช-993,จำนวนผู้เข้าร่วม,จำนวนนับ,153
D071,T3,2568-พช-993,กลุ่มเป้าหมาย,รายการ,ผู้นำชุมชนและปราชญ์ชาวบ้าน
D071,T3,2568-พช-993,สถานะ,ข้อความ,ดำเนินการแล้วเสร็จ
D071,T3,2568-พช-993,หมายเหตุ,ข้อความ,
D071,T3,2568-สค-305,รหัสกิจกรรม,ข้อความ,2568-สค-305
D071,T3,2568-สค-305,ชื่อกิจกรรม,ข้อความ,กิจกรรมประชาสัมพันธ์เศรษฐกิจฐานราก
D071,T3,2568-สค-305,หน่วยงานรับผิดชอบ,ข้อความ,สำนักงานปศุสัตว์อำเภอวังน้ำเขียว
D071,T3,2568-สค-305,งบจัดสรร,เงินบาท,289000
D071,T3,2568-สค-305,เบิกจ่าย,เงินบาท,197500
D071,T3,2568-สค-305,จำนวนผู้เข้าร่วม,จำนวนนับ,184
D071,T3,2568-สค-305,กลุ่มเป้าหมาย,รายการ,อาสาสมัครป้องกันภัยฝ่ายพลเรือน
D071,T3,2568-สค-305,สถานะ,ข้อความ,ดำเนินการแล้วเสร็จ
D071,T3,2568-สค-305,หมายเหตุ,ข้อความ,
D071,T3,2568-กษ-505,รหัสกิจกรรม,ข้อความ,2568-กษ-505
D071,T3,2568-กษ-505,ชื่อกิจกรรม,ข้อความ,กิจกรรมสำรวจข้อมูลคุณภาพชีวิตผู้สูงอายุ
D071,T3,2568-กษ-505,หน่วยงานรับผิดชอบ,ข้อความ,สำนักงานปศุสัตว์อำเภอวังน้ำเขียว
D071,T3,2568-กษ-505,งบจัดสรร,เงินบาท,798500
D071,T3,2568-กษ-505,เบิกจ่าย,เงินบาท,622000
D071,T3,2568-กษ-505,จำนวนผู้เข้าร่วม,จำนวนนับ,90
D071,T3,2568-กษ-505,กลุ่มเป้าหมาย,รายการ,กลุ่มเปราะบางและผู้ด้อยโอกาส
D071,T3,2568-กษ-505,สถานะ,ข้อความ,ดำเนินการแล้วเสร็จ
D071,T3,2568-กษ-505,หมายเหตุ,ข้อความ,
D072,T3,2567-ทถ-546,รหัสกิจกรรม,ข้อความ,2567-ทถ-546
D072,T3,2567-ทถ-546,ชื่อกิจกรรม,ข้อความ,โครงการจัดประชุมการป้องกันโรคไข้เลือดออก
D072,T3,2567-ทถ-546,หน่วยงานรับผิดชอบ,ข้อความ,เทศบาลตำบลแม่ริม
D072,T3,2567-ทถ-546,งบจัดสรร,เงินบาท,210500
D072,T3,2567-ทถ-546,เบิกจ่าย,เงินบาท,185500
D072,T3,2567-ทถ-546,จำนวนผู้เข้าร่วม,จำนวนนับ,215
D072,T3,2567-ทถ-546,กลุ่มเป้าหมาย,รายการ,ประชาชนทั่วไป
D072,T3,2567-ทถ-546,สถานะ,ข้อความ,ดำเนินการแล้วเสร็จ
D072,T3,2567-ทถ-546,หมายเหตุ,ข้อความ,
D072,T3,2567-สธ-746,รหัสกิจกรรม,ข้อความ,2567-สธ-746
D072,T3,2567-สธ-746,ชื่อกิจกรรม,ข้อความ,กิจกรรมบำรุงรักษาระบบประปาหมู่บ้าน
D072,T3,2567-สธ-746,หน่วยงานรับผิดชอบ,ข้อความ,เทศบาลตำบลแม่ริม
D072,T3,2567-สธ-746,งบจัดสรร,เงินบาท,739000
D072,T3,2567-สธ-746,เบิกจ่าย,เงินบาท,488500
D072,T3,2567-สธ-746,จำนวนผู้เข้าร่วม,จำนวนนับ,153
D072,T3,2567-สธ-746,กลุ่มเป้าหมาย,รายการ,แกนนำสุขภาพประจำครอบครัว
D072,T3,2567-สธ-746,สถานะ,ข้อความ,ดำเนินการแล้วเสร็จ
D072,T3,2567-สธ-746,หมายเหตุ,ข้อความ,
D072,T3,2567-พช-208,รหัสกิจกรรม,ข้อความ,2567-พช-208
D072,T3,2567-พช-208,ชื่อกิจกรรม,ข้อความ,โครงการจัดเก็บข้อมูลแผนพัฒนาท้องถิ่นห้าปี
D072,T3,2567-พช-208,หน่วยงานรับผิดชอบ,ข้อความ,เทศบาลตำบลแม่ริม
D072,T3,2567-พช-208,งบจัดสรร,เงินบาท,545000
D072,T3,2567-พช-208,เบิกจ่าย,เงินบาท,399000
D072,T3,2567-พช-208,จำนวนผู้เข้าร่วม,จำนวนนับ,199
D072,T3,2567-พช-208,กลุ่มเป้าหมาย,รายการ,แรงงานนอกระบบ
D072,T3,2567-พช-208,สถานะ,ข้อความ,ดำเนินการแล้วเสร็จ
D072,T3,2567-พช-208,หมายเหตุ,ข้อความ,
D072,T3,2567-ศษ-866,รหัสกิจกรรม,ข้อความ,2567-ศษ-866
D072,T3,2567-ศษ-866,ชื่อกิจกรรม,ข้อความ,โครงการประชาสัมพันธ์ถนนสายหลักในเขตพื้นที่
D072,T3,2567-ศษ-866,หน่วยงานรับผิดชอบ,ข้อความ,ทต.แม่ริม
D072,T3,2567-ศษ-866,งบจัดสรร,เงินบาท,743000
D072,T3,2567-ศษ-866,เบิกจ่าย,เงินบาท,600500
D072,T3,2567-ศษ-866,จำนวนผู้เข้าร่วม,จำนวนนับ,220
D072,T3,2567-ศษ-866,กลุ่มเป้าหมาย,รายการ,แรงงานนอกระบบ
D072,T3,2567-ศษ-866,สถานะ,ข้อความ,ดำเนินการแล้วเสร็จ
D072,T3,2567-ศษ-866,หมายเหตุ,ข้อความ,
D072,T3,2567-ศษ-381,รหัสกิจกรรม,ข้อความ,2567-ศษ-381
D072,T3,2567-ศษ-381,ชื่อกิจกรรม,ข้อความ,โครงการจัดประชุมแผนพัฒนาท้องถิ่นห้าปี
D072,T3,2567-ศษ-381,หน่วยงานรับผิดชอบ,ข้อความ,เทศบาลตำบลแม่ริม
D072,T3,2567-ศษ-381,งบจัดสรร,เงินบาท,391000
D072,T3,2567-ศษ-381,เบิกจ่าย,เงินบาท,342500
D072,T3,2567-ศษ-381,จำนวนผู้เข้าร่วม,จำนวนนับ,127
D072,T3,2567-ศษ-381,กลุ่มเป้าหมาย,รายการ,ผู้สูงอายุ
D072,T3,2567-ศษ-381,สถานะ,ข้อความ,ดำเนินการแล้วเสร็จ
D072,T3,2567-ศษ-381,หมายเหตุ,ข้อความ,
D072,T3,2567-ศษ-826,รหัสกิจกรรม,ข้อความ,2567-ศษ-826
D072,T3,2567-ศษ-826,ชื่อกิจกรรม,ข้อความ,โครงการจัดเก็บข้อมูลกลุ่มวิสาหกิจชุมชน
D072,T3,2567-ศษ-826,หน่วยงานรับผิดชอบ,ข้อความ,เทศบาลตำบลแม่ริม
D072,T3,2567-ศษ-826,งบจัดสรร,เงินบาท,307500
D072,T3,2567-ศษ-826,เบิกจ่าย,เงินบาท,175500
D072,T3,2567-ศษ-826,จำนวนผู้เข้าร่วม,จำนวนนับ,194
D072,T3,2567-ศษ-826,กลุ่มเป้าหมาย,รายการ,ครัวเรือนยากจน
D072,T3,2567-ศษ-826,สถานะ,ข้อความ,ดำเนินการแล้วเสร็จ
D072,T3,2567-ศษ-826,หมายเหตุ,ข้อความ,
D072,T3,2567-สธ-294,รหัสกิจกรรม,ข้อความ,2567-สธ-294
D072,T3,2567-สธ-294,ชื่อกิจกรรม,ข้อความ,กิจกรรมตรวจเยี่ยมระบบประปาหมู่บ้าน
D072,T3,2567-สธ-294,หน่วยงานรับผิดชอบ,ข้อความ,เทศบาลตำบลแม่ริม
D072,T3,2567-สธ-294,งบจัดสรร,เงินบาท,678500
D072,T3,2567-สธ-294,เบิกจ่าย,เงินบาท,448500
D072,T3,2567-สธ-294,จำนวนผู้เข้าร่วม,จำนวนนับ,42
D072,T3,2567-สธ-294,กลุ่มเป้าหมาย,รายการ,กลุ่มวิสาหกิจชุมชน
D072,T3,2567-สธ-294,สถานะ,ข้อความ,ดำเนินการแล้วเสร็จ
D072,T3,2567-สธ-294,หมายเหตุ,ข้อความ,
D073,T3,2567-ศษ-248,รหัสกิจกรรม,ข้อความ,2567-ศษ-248
D073,T3,2567-ศษ-248,ชื่อกิจกรรม,ข้อความ,กิจกรรมอบรมเชิงปฏิบัติการการท่องเที่ยวโดยชุมชน
D073,T3,2567-ศษ-248,หน่วยงานรับผิดชอบ,ข้อความ,กศน.อำเภอเมือง
D073,T3,2567-ศษ-248,งบจัดสรร,เงินบาท,334500
D073,T3,2567-ศษ-248,เบิกจ่าย,เงินบาท,282000
D073,T3,2567-ศษ-248,จำนวนผู้เข้าร่วม,จำนวนนับ,37
D073,T3,2567-ศษ-248,กลุ่มเป้าหมาย,รายการ,แกนนำสุขภาพประจำครอบครัว
D073,T3,2567-ศษ-248,สถานะ,ข้อความ,ดำเนินการแล้วเสร็จ
D073,T3,2567-ศษ-248,หมายเหตุ,ข้อความ,
D073,T3,2567-สค-648,รหัสกิจกรรม,ข้อความ,2567-สค-648
D073,T3,2567-สค-648,ชื่อกิจกรรม,ข้อความ,กิจกรรมจัดประชุมเศรษฐกิจฐานราก
D073,T3,2567-สค-648,หน่วยงานรับผิดชอบ,ข้อความ,กศน.อำเภอเมือง
D073,T3,2567-สค-648,งบจัดสรร,เงินบาท,164000
D073,T3,2567-สค-648,เบิกจ่าย,เงินบาท,150000
D073,T3,2567-สค-648,จำนวนผู้เข้าร่วม,จำนวนนับ,95
D073,T3,2567-สค-648,กลุ่มเป้าหมาย,รายการ,แกนนำสุขภาพประจำครอบครัว
D073,T3,2567-สค-648,สถานะ,ข้อความ,ดำเนินการแล้วเสร็จ
D073,T3,2567-สค-648,หมายเหตุ,ข้อความ,
D073,T3,2567-สธ-251,รหัสกิจกรรม,ข้อความ,2567-สธ-251
D073,T3,2567-สธ-251,ชื่อกิจกรรม,ข้อความ,กิจกรรมบำรุงรักษาศูนย์พัฒนาเด็กเล็ก
D073,T3,2567-สธ-251,หน่วยงานรับผิดชอบ,ข้อความ,กศน.อำเภอเมือง
D073,T3,2567-สธ-251,งบจัดสรร,เงินบาท,324500
D073,T3,2567-สธ-251,เบิกจ่าย,เงินบาท,285000
D073,T3,2567-สธ-251,จำนวนผู้เข้าร่วม,จำนวนนับ,31
D073,T3,2567-สธ-251,กลุ่มเป้าหมาย,รายการ,ผู้ค้าในตลาดสด
D073,T3,2567-สธ-251,สถานะ,ข้อความ,ดำเนินการแล้วเสร็จ
D073,T3,2567-สธ-251,หมายเหตุ,ข้อความ,
D073,T3,2567-ศษ-369,รหัสกิจกรรม,ข้อความ,2567-ศษ-369
D073,T3,2567-ศษ-369,ชื่อกิจกรรม,ข้อความ,กิจกรรมบำรุงรักษากลุ่มวิสาหกิจชุมชน
D073,T3,2567-ศษ-369,หน่วยงานรับผิดชอบ,ข้อความ,กศน.อำเภอเมือง
D073,T3,2567-ศษ-369,งบจัดสรร,เงินบาท,849500
D073,T3,2567-ศษ-369,เบิกจ่าย,เงินบาท,504000
D073,T3,2567-ศษ-369,จำนวนผู้เข้าร่วม,จำนวนนับ,192
D073,T3,2567-ศษ-369,กลุ่มเป้าหมาย,รายการ,ผู้นำศาสนา
D073,T3,2567-ศษ-369,สถานะ,ข้อความ,ดำเนินการแล้วเสร็จ
D073,T3,2567-ศษ-369,หมายเหตุ,ข้อความ,
D073,T3,2567-ศษ-636,รหัสกิจกรรม,ข้อความ,2567-ศษ-636
D073,T3,2567-ศษ-636,ชื่อกิจกรรม,ข้อความ,กิจกรรมจัดทำแผนการเกษตรปลอดภัย
D073,T3,2567-ศษ-636,หน่วยงานรับผิดชอบ,ข้อความ,ศูนย์การศึกษานอกระบบและการศึกษาตามอัธยาศัยอำเภอเมือง
D073,T3,2567-ศษ-636,งบจัดสรร,เงินบาท,294500
D073,T3,2567-ศษ-636,เบิกจ่าย,เงินบาท,231500
D073,T3,2567-ศษ-636,จำนวนผู้เข้าร่วม,จำนวนนับ,182
D073,T3,2567-ศษ-636,กลุ่มเป้าหมาย,รายการ,ประชาชนทั่วไป
D073,T3,2567-ศษ-636,สถานะ,ข้อความ,ดำเนินการแล้วเสร็จ
D073,T3,2567-ศษ-636,หมายเหตุ,ข้อความ,
D073,T3,2567-สค-535,รหัสกิจกรรม,ข้อความ,2567-สค-535
D073,T3,2567-สค-535,ชื่อกิจกรรม,ข้อความ,โครงการตรวจเยี่ยมการจัดการน้ำเสียชุมชน
D073,T3,2567-สค-535,หน่วยงานรับผิดชอบ,ข้อความ,ศูนย์การศึกษานอกระบบและการศึกษาตามอัธยาศัยอำเภอเมือง
D073,T3,2567-สค-535,งบจัดสรร,เงินบาท,679500
D073,T3,2567-สค-535,เบิกจ่าย,เงินบาท,565000
D073,T3,2567-สค-535,จำนวนผู้เข้าร่วม,จำนวนนับ,39
D073,T3,2567-สค-535,กลุ่มเป้าหมาย,รายการ,กลุ่มเปราะบางและผู้ด้อยโอกาส
D073,T3,2567-สค-535,สถานะ,ข้อความ,ดำเนินการแล้วเสร็จ
D073,T3,2567-สค-535,หมายเหตุ,ข้อความ,
D074,T3,2568-พช-738,รหัสกิจกรรม,ข้อความ,2568-พช-738
D074,T3,2568-พช-738,ชื่อกิจกรรม,ข้อความ,กิจกรรมสำรวจข้อมูลแผนพัฒนาท้องถิ่นห้าปี
D074,T3,2568-พช-738,หน่วยงานรับผิดชอบ,ข้อความ,สำนักงานเกษตรอำเภอปาย
D074,T3,2568-พช-738,งบจัดสรร,เงินบาท,64500
D074,T3,2568-พช-738,เบิกจ่าย,เงินบาท,51000
D074,T3,2568-พช-738,จำนวนผู้เข้าร่วม,จำนวนนับ,134
D074,T3,2568-พช-738,กลุ่มเป้าหมาย,รายการ,ประชาชนทั่วไป
D074,T3,2568-พช-738,สถานะ,ข้อความ,ดำเนินการแล้วเสร็จ
D074,T3,2568-พช-738,หมายเหตุ,ข้อความ,
D074,T3,2568-กษ-192,รหัสกิจกรรม,ข้อความ,2568-กษ-192
D074,T3,2568-กษ-192,ชื่อกิจกรรม,ข้อความ,โครงการจัดทำแผนการจัดการน้ำเสียชุมชน
D074,T3,2568-กษ-192,หน่วยงานรับผิดชอบ,ข้อความ,สนง.เกษตรอำเภอปาย
D074,T3,2568-กษ-192,งบจัดสรร,เงินบาท,376500
D074,T3,2568-กษ-192,เบิกจ่าย,เงินบาท,366500
D074,T3,2568-กษ-192,จำนวนผู้เข้าร่วม,จำนวนนับ,43
D074,T3,2568-กษ-192,กลุ่มเป้าหมาย,รายการ,ผู้นำชุมชนและปราชญ์ชาวบ้าน
D074,T3,2568-กษ-192,สถานะ,ข้อความ,ดำเนินการแล้วเสร็จ
D074,T3,2568-กษ-192,หมายเหตุ,ข้อความ,
D074,T3,2568-กษ-228,รหัสกิจกรรม,ข้อความ,2568-กษ-228
D074,T3,2568-กษ-228,ชื่อกิจกรรม,ข้อความ,กิจกรรมจัดประชุมคุณภาพชีวิตผู้สูงอายุ
D074,T3,2568-กษ-228,หน่วยงานรับผิดชอบ,ข้อความ,สนง.เกษตรอำเภอปาย
D074,T3,2568-กษ-228,งบจัดสรร,เงินบาท,457000
D074,T3,2568-กษ-228,เบิกจ่าย,เงินบาท,324000
D074,T3,2568-กษ-228,จำนวนผู้เข้าร่วม,จำนวนนับ,101
D074,T3,2568-กษ-228,กลุ่มเป้าหมาย,รายการ,เกษตรกรผู้เลี้ยงโคเนื้อ
D074,T3,2568-กษ-228,สถานะ,ข้อความ,ดำเนินการแล้วเสร็จ
D074,T3,2568-กษ-228,หมายเหตุ,ข้อความ,
D074,T3,2568-สธ-667,รหัสกิจกรรม,ข้อความ,2568-สธ-667
D074,T3,2568-สธ-667,ชื่อกิจกรรม,ข้อความ,กิจกรรมตรวจเยี่ยมเศรษฐกิจฐานราก
D074,T3,2568-สธ-667,หน่วยงานรับผิดชอบ,ข้อความ,สำนักงานเกษตรอำเภอปาย
D074,T3,2568-สธ-667,งบจัดสรร,เงินบาท,132000
D074,T3,2568-สธ-667,เบิกจ่าย,เงินบาท,85000
D074,T3,2568-สธ-667,จำนวนผู้เข้าร่วม,จำนวนนับ,197
D074,T3,2568-สธ-667,กลุ่มเป้าหมาย,รายการ,ผู้ต้องขัง
D074,T3,2568-สธ-667,สถานะ,ข้อความ,ดำเนินการแล้วเสร็จ
D074,T3,2568-สธ-667,หมายเหตุ,ข้อความ,
D074,T3,2568-ทถ-089,รหัสกิจกรรม,ข้อความ,2568-ทถ-089
D074,T3,2568-ทถ-089,ชื่อกิจกรรม,ข้อความ,กิจกรรมตรวจเยี่ยมเศรษฐกิจฐานราก
D074,T3,2568-ทถ-089,หน่วยงานรับผิดชอบ,ข้อความ,สำนักงานเกษตรอำเภอปาย
D074,T3,2568-ทถ-089,งบจัดสรร,เงินบาท,189000
D074,T3,2568-ทถ-089,เบิกจ่าย,เงินบาท,149500
D074,T3,2568-ทถ-089,จำนวนผู้เข้าร่วม,จำนวนนับ,127
D074,T3,2568-ทถ-089,กลุ่มเป้าหมาย,รายการ,ผู้ว่างงาน
D074,T3,2568-ทถ-089,สถานะ,ข้อความ,ดำเนินการแล้วเสร็จ
D074,T3,2568-ทถ-089,หมายเหตุ,ข้อความ,
D074,T3,2568-สค-211,รหัสกิจกรรม,ข้อความ,2568-สค-211
D074,T3,2568-สค-211,ชื่อกิจกรรม,ข้อความ,โครงการจัดประชุมครัวเรือนยากจนเป้าหมาย
D074,T3,2568-สค-211,หน่วยงานรับผิดชอบ,ข้อความ,สำนักงานเกษตรอำเภอปาย
D074,T3,2568-สค-211,งบจัดสรร,เงินบาท,539500
D074,T3,2568-สค-211,เบิกจ่าย,เงินบาท,298500
D074,T3,2568-สค-211,จำนวนผู้เข้าร่วม,จำนวนนับ,164
D074,T3,2568-สค-211,กลุ่มเป้าหมาย,รายการ,เกษตรกรผู้เลี้ยงโคเนื้อ
D074,T3,2568-สค-211,สถานะ,ข้อความ,ดำเนินการแล้วเสร็จ
D074,T3,2568-สค-211,หมายเหตุ,ข้อความ,
D075,T3,2568-สค-415,รหัสกิจกรรม,ข้อความ,2568-สค-415
D075,T3,2568-สค-415,ชื่อกิจกรรม,ข้อความ,โครงการจัดประชุมการจัดการน้ำเสียชุมชน
D075,T3,2568-สค-415,หน่วยงานรับผิดชอบ,ข้อความ,รพ.สต.คลองสี่
D075,T3,2568-สค-415,งบจัดสรร,เงินบาท,190500
D075,T3,2568-สค-415,เบิกจ่าย,เงินบาท,114500
D075,T3,2568-สค-415,จำนวนผู้เข้าร่วม,จำนวนนับ,106
D075,T3,2568-สค-415,กลุ่มเป้าหมาย,รายการ,ผู้นำศาสนา
D075,T3,2568-สค-415,สถานะ,ข้อความ,ดำเนินการแล้วเสร็จ
D075,T3,2568-สค-415,หมายเหตุ,ข้อความ,
D075,T3,2568-ทถ-951,รหัสกิจกรรม,ข้อความ,2568-ทถ-951
D075,T3,2568-ทถ-951,ชื่อกิจกรรม,ข้อความ,โครงการจัดเก็บข้อมูลแผนพัฒนาท้องถิ่นห้าปี
D075,T3,2568-ทถ-951,หน่วยงานรับผิดชอบ,ข้อความ,รพ.สต.คลองสี่
D075,T3,2568-ทถ-951,งบจัดสรร,เงินบาท,681500
D075,T3,2568-ทถ-951,เบิกจ่าย,เงินบาท,423000
D075,T3,2568-ทถ-951,จำนวนผู้เข้าร่วม,จำนวนนับ,238
D075,T3,2568-ทถ-951,กลุ่มเป้าหมาย,รายการ,ผู้สูงอายุ
D075,T3,2568-ทถ-951,สถานะ,ข้อความ,ดำเนินการแล้วเสร็จ
D075,T3,2568-ทถ-951,หมายเหตุ,ข้อความ,
D075,T3,2568-ศษ-032,รหัสกิจกรรม,ข้อความ,2568-ศษ-032
D075,T3,2568-ศษ-032,ชื่อกิจกรรม,ข้อความ,โครงการบำรุงรักษาคุณภาพชีวิตผู้สูงอายุ
D075,T3,2568-ศษ-032,หน่วยงานรับผิดชอบ,ข้อความ,รพ.สต.คลองสี่
D075,T3,2568-ศษ-032,งบจัดสรร,เงินบาท,147000
D075,T3,2568-ศษ-032,เบิกจ่าย,เงินบาท,84000
D075,T3,2568-ศษ-032,จำนวนผู้เข้าร่วม,จำนวนนับ,29
D075,T3,2568-ศษ-032,กลุ่มเป้าหมาย,รายการ,แรงงานนอกระบบ
D075,T3,2568-ศษ-032,สถานะ,ข้อความ,ดำเนินการแล้วเสร็จ
D075,T3,2568-ศษ-032,หมายเหตุ,ข้อความ,
D075,T3,2568-สธ-389,รหัสกิจกรรม,ข้อความ,2568-สธ-389
D075,T3,2568-สธ-389,ชื่อกิจกรรม,ข้อความ,กิจกรรมประชาสัมพันธ์ถนนสายหลักในเขตพื้นที่
D075,T3,2568-สธ-389,หน่วยงานรับผิดชอบ,ข้อความ,โรงพยาบาลส่งเสริมสุขภาพตำบลคลองสี่
D075,T3,2568-สธ-389,งบจัดสรร,เงินบาท,693000
D075,T3,2568-สธ-389,เบิกจ่าย,เงินบาท,651500
D075,T3,2568-สธ-389,จำนวนผู้เข้าร่วม,จำนวนนับ,160
D075,T3,2568-สธ-389,กลุ่มเป้าหมาย,รายการ,ผู้ค้าในตลาดสด
D075,T3,2568-สธ-389,สถานะ,ข้อความ,ดำเนินการแล้วเสร็จ
D075,T3,2568-สธ-389,หมายเหตุ,ข้อความ,
D075,T3,2568-สค-427,รหัสกิจกรรม,ข้อความ,2568-สค-427
D075,T3,2568-สค-427,ชื่อกิจกรรม,ข้อความ,กิจกรรมจัดประชุมอาสาสมัครสาธารณสุขประจำหมู่บ้าน
D075,T3,2568-สค-427,หน่วยงานรับผิดชอบ,ข้อความ,รพ.สต.คลองสี่
D075,T3,2568-สค-427,งบจัดสรร,เงินบาท,433000
D075,T3,2568-สค-427,เบิกจ่าย,เงินบาท,368500
D075,T3,2568-สค-427,จำนวนผู้เข้าร่วม,จำนวนนับ,157
D075,T3,2568-สค-427,กลุ่มเป้าหมาย,รายการ,เด็กและเยาวชน
D075,T3,2568-สค-427,สถานะ,ข้อความ,ดำเนินการแล้วเสร็จ
D075,T3,2568-สค-427,หมายเหตุ,ข้อความ,
D075,T3,2568-ศษ-356,รหัสกิจกรรม,ข้อความ,2568-ศษ-356
D075,T3,2568-ศษ-356,ชื่อกิจกรรม,ข้อความ,กิจกรรมจัดทำแผนศูนย์พัฒนาเด็กเล็ก
D075,T3,2568-ศษ-356,หน่วยงานรับผิดชอบ,ข้อความ,โรงพยาบาลส่งเสริมสุขภาพตำบลคลองสี่
D075,T3,2568-ศษ-356,งบจัดสรร,เงินบาท,448500
D075,T3,2568-ศษ-356,เบิกจ่าย,เงินบาท,364500
D075,T3,2568-ศษ-356,จำนวนผู้เข้าร่วม,จำนวนนับ,94
D075,T3,2568-ศษ-356,กลุ่มเป้าหมาย,รายการ,ประชาชนทั่วไป
D075,T3,2568-ศษ-356,สถานะ,ข้อความ,ดำเนินการแล้วเสร็จ
D075,T3,2568-ศษ-356,หมายเหตุ,ข้อความ,
D075,T3,2568-สค-885,รหัสกิจกรรม,ข้อความ,2568-สค-885
D075,T3,2568-สค-885,ชื่อกิจกรรม,ข้อความ,โครงการจัดเก็บข้อมูลการจัดการน้ำเสียชุมชน
D075,T3,2568-สค-885,หน่วยงานรับผิดชอบ,ข้อความ,โรงพยาบาลส่งเสริมสุขภาพตำบลคลองสี่
D075,T3,2568-สค-885,งบจัดสรร,เงินบาท,27500
D075,T3,2568-สค-885,เบิกจ่าย,เงินบาท,20000
D075,T3,2568-สค-885,จำนวนผู้เข้าร่วม,จำนวนนับ,109
D075,T3,2568-สค-885,กลุ่มเป้าหมาย,รายการ,ผู้ว่างงาน
D075,T3,2568-สค-885,สถานะ,ข้อความ,ดำเนินการแล้วเสร็จ
D075,T3,2568-สค-885,หมายเหตุ,ข้อความ,
D076,T3,2567-สธ-206,รหัสกิจกรรม,ข้อความ,2567-สธ-206
D076,T3,2567-สธ-206,ชื่อกิจกรรม,ข้อความ,โครงการประชาสัมพันธ์เศรษฐกิจฐานราก
D076,T3,2567-สธ-206,หน่วยงานรับผิดชอบ,ข้อความ,สำนักงานพัฒนาชุมชนอำเภอปากช่อง
D076,T3,2567-สธ-206,งบจัดสรร,เงินบาท,830000
D076,T3,2567-สธ-206,เบิกจ่าย,เงินบาท,589000
D076,T3,2567-สธ-206,จำนวนผู้เข้าร่วม,จำนวนนับ,81
D076,T3,2567-สธ-206,กลุ่มเป้าหมาย,รายการ,ผู้สูงอายุ
D076,T3,2567-สธ-206,สถานะ,ข้อความ,ดำเนินการแล้วเสร็จ
D076,T3,2567-สธ-206,หมายเหตุ,ข้อความ,
D076,T3,2567-สค-293,รหัสกิจกรรม,ข้อความ,2567-สค-293
D076,T3,2567-สค-293,ชื่อกิจกรรม,ข้อความ,โครงการบำรุงรักษาถนนสายหลักในเขตพื้นที่
D076,T3,2567-สค-293,หน่วยงานรับผิดชอบ,ข้อความ,สำนักงานพัฒนาชุมชนอำเภอปากช่อง
D076,T3,2567-สค-293,งบจัดสรร,เงินบาท,174500
D076,T3,2567-สค-293,เบิกจ่าย,เงินบาท,139500
D076,T3,2567-สค-293,จำนวนผู้เข้าร่วม,จำนวนนับ,217
D076,T3,2567-สค-293,กลุ่มเป้าหมาย,รายการ,อาสาสมัครป้องกันภัยฝ่ายพลเรือน
D076,T3,2567-สค-293,สถานะ,ข้อความ,ดำเนินการแล้วเสร็จ
D076,T3,2567-สค-293,หมายเหตุ,ข้อความ,
D076,T3,2567-กษ-758,รหัสกิจกรรม,ข้อความ,2567-กษ-758
D076,T3,2567-กษ-758,ชื่อกิจกรรม,ข้อความ,กิจกรรมสำรวจข้อมูลการป้องกันโรคไข้เลือดออก
D076,T3,2567-กษ-758,หน่วยงานรับผิดชอบ,ข้อความ,สำนักงานพัฒนาชุมชนอำเภอปากช่อง
D076,T3,2567-กษ-758,งบจัดสรร,เงินบาท,336000
D076,T3,2567-กษ-758,เบิกจ่าย,เงินบาท,268000
D076,T3,2567-กษ-758,จำนวนผู้เข้าร่วม,จำนวนนับ,216
D076,T3,2567-กษ-758,กลุ่มเป้าหมาย,รายการ,นักเรียนและนักศึกษา
D076,T3,2567-กษ-758,สถานะ,ข้อความ,ดำเนินการแล้วเสร็จ
D076,T3,2567-กษ-758,หมายเหตุ,ข้อความ,
D076,T3,2567-พช-579,รหัสกิจกรรม,ข้อความ,2567-พช-579
D076,T3,2567-พช-579,ชื่อกิจกรรม,ข้อความ,กิจกรรมบำรุงรักษากองทุนสวัสดิการชุมชน
D076,T3,2567-พช-579,หน่วยงานรับผิดชอบ,ข้อความ,พช.อ.ปากช่อง
D076,T3,2567-พช-579,งบจัดสรร,เงินบาท,151000
D076,T3,2567-พช-579,เบิกจ่าย,เงินบาท,89500
D076,T3,2567-พช-579,จำนวนผู้เข้าร่วม,จำนวนนับ,172
D076,T3,2567-พช-579,กลุ่มเป้าหมาย,รายการ,ผู้ค้าในตลาดสด
D076,T3,2567-พช-579,สถานะ,ข้อความ,ดำเนินการแล้วเสร็จ
D076,T3,2567-พช-579,หมายเหตุ,ข้อความ,
D076,T3,2567-ทถ-120,รหัสกิจกรรม,ข้อความ,2567-ทถ-120
D076,T3,2567-ทถ-120,ชื่อกิจกรรม,ข้อความ,กิจกรรมบำรุงรักษาศูนย์พัฒนาเด็กเล็ก
D076,T3,2567-ทถ-120,หน่วยงานรับผิดชอบ,ข้อความ,พช.อ.ปากช่อง
D076,T3,2567-ทถ-120,งบจัดสรร,เงินบาท,749000
D076,T3,2567-ทถ-120,เบิกจ่าย,เงินบาท,655500
D076,T3,2567-ทถ-120,จำนวนผู้เข้าร่วม,จำนวนนับ,198
D076,T3,2567-ทถ-120,กลุ่มเป้าหมาย,รายการ,ผู้ต้องขัง
D076,T3,2567-ทถ-120,สถานะ,ข้อความ,ดำเนินการแล้วเสร็จ
D076,T3,2567-ทถ-120,หมายเหตุ,ข้อความ,
D076,T3,2567-ทถ-355,รหัสกิจกรรม,ข้อความ,2567-ทถ-355
D076,T3,2567-ทถ-355,ชื่อกิจกรรม,ข้อความ,กิจกรรมจัดเก็บข้อมูลการป้องกันโรคไข้เลือดออก
D076,T3,2567-ทถ-355,หน่วยงานรับผิดชอบ,ข้อความ,พช.อ.ปากช่อง
D076,T3,2567-ทถ-355,งบจัดสรร,เงินบาท,252000
D076,T3,2567-ทถ-355,เบิกจ่าย,เงินบาท,247500
D076,T3,2567-ทถ-355,จำนวนผู้เข้าร่วม,จำนวนนับ,102
D076,T3,2567-ทถ-355,กลุ่มเป้าหมาย,รายการ,กลุ่มออมทรัพย์เพื่อการผลิต
D076,T3,2567-ทถ-355,สถานะ,ข้อความ,ดำเนินการแล้วเสร็จ
D076,T3,2567-ทถ-355,หมายเหตุ,ข้อความ,
D077,T3,2568-กษ-367,รหัสกิจกรรม,ข้อความ,2568-กษ-367
D077,T3,2568-กษ-367,ชื่อกิจกรรม,ข้อความ,โครงการประชาสัมพันธ์ถนนสายหลักในเขตพื้นที่
D077,T3,2568-กษ-367,หน่วยงานรับผิดชอบ,ข้อความ,องค์การบริหารส่วนจังหวัดพะเยา
D077,T3,2568-กษ-367,งบจัดสรร,เงินบาท,655000
D077,T3,2568-กษ-367,เบิกจ่าย,เงินบาท,587500
D077,T3,2568-กษ-367,จำนวนผู้เข้าร่วม,จำนวนนับ,27
D077,T3,2568-กษ-367,กลุ่มเป้าหมาย,รายการ,ผู้ประกอบการร้านอาหาร
D077,T3,2568-กษ-367,สถานะ,ข้อความ,ดำเนินการแล้วเสร็จ
D077,T3,2568-กษ-367,หมายเหตุ,ข้อความ,
D077,T3,2568-ทถ-427,รหัสกิจกรรม,ข้อความ,2568-ทถ-427
D077,T3,2568-ทถ-427,ชื่อกิจกรรม,ข้อความ,โครงการจัดเก็บข้อมูลเศรษฐกิจฐานราก
D077,T3,2568-ทถ-427,หน่วยงานรับผิดชอบ,ข้อความ,องค์การบริหารส่วนจังหวัดพะเยา
D077,T3,2568-ทถ-427,งบจัดสรร,เงินบาท,629500
D077,T3,2568-ทถ-427,เบิกจ่าย,เงินบาท,576000
D077,T3,2568-ทถ-427,จำนวนผู้เข้าร่วม,จำนวนนับ,248
D077,T3,2568-ทถ-427,กลุ่มเป้าหมาย,รายการ,ผู้ปกครองเด็กก่อนวัยเรียน
D077,T3,2568-ทถ-427,สถานะ,ข้อความ,ดำเนินการแล้วเสร็จ
D077,T3,2568-ทถ-427,หมายเหตุ,ข้อความ,
D077,T3,2568-สค-006,รหัสกิจกรรม,ข้อความ,2568-สค-006
D077,T3,2568-สค-006,ชื่อกิจกรรม,ข้อความ,กิจกรรมจัดทำแผนการบริหารจัดการขยะมูลฝอย
D077,T3,2568-สค-006,หน่วยงานรับผิดชอบ,ข้อความ,อบจ.พะเยา
D077,T3,2568-สค-006,งบจัดสรร,เงินบาท,279500
D077,T3,2568-สค-006,เบิกจ่าย,เงินบาท,222000
D077,T3,2568-สค-006,จำนวนผู้เข้าร่วม,จำนวนนับ,77
D077,T3,2568-สค-006,กลุ่มเป้าหมาย,รายการ,ผู้นำชุมชนและปราชญ์ชาวบ้าน
D077,T3,2568-สค-006,สถานะ,ข้อความ,ดำเนินการแล้วเสร็จ
D077,T3,2568-สค-006,หมายเหตุ,ข้อความ,
D077,T3,2568-ทถ-754,รหัสกิจกรรม,ข้อความ,2568-ทถ-754
D077,T3,2568-ทถ-754,ชื่อกิจกรรม,ข้อความ,โครงการประชาสัมพันธ์เศรษฐกิจฐานราก
D077,T3,2568-ทถ-754,หน่วยงานรับผิดชอบ,ข้อความ,องค์การบริหารส่วนจังหวัดพะเยา
D077,T3,2568-ทถ-754,งบจัดสรร,เงินบาท,620000
D077,T3,2568-ทถ-754,เบิกจ่าย,เงินบาท,361500
D077,T3,2568-ทถ-754,จำนวนผู้เข้าร่วม,จำนวนนับ,247
D077,T3,2568-ทถ-754,กลุ่มเป้าหมาย,รายการ,ประชาชนทั่วไป
D077,T3,2568-ทถ-754,สถานะ,ข้อความ,ดำเนินการแล้วเสร็จ
D077,T3,2568-ทถ-754,หมายเหตุ,ข้อความ,
D077,T3,2568-ทถ-966,รหัสกิจกรรม,ข้อความ,2568-ทถ-966
D077,T3,2568-ทถ-966,ชื่อกิจกรรม,ข้อความ,กิจกรรมตรวจเยี่ยมกองทุนสวัสดิการชุมชน
D077,T3,2568-ทถ-966,หน่วยงานรับผิดชอบ,ข้อความ,อบจ.พะเยา
D077,T3,2568-ทถ-966,งบจัดสรร,เงินบาท,173000
D077,T3,2568-ทถ-966,เบิกจ่าย,เงินบาท,124500
D077,T3,2568-ทถ-966,จำนวนผู้เข้าร่วม,จำนวนนับ,139
D077,T3,2568-ทถ-966,กลุ่มเป้าหมาย,รายการ,นักเรียนและนักศึกษา
D077,T3,2568-ทถ-966,สถานะ,ข้อความ,ดำเนินการแล้วเสร็จ
D077,T3,2568-ทถ-966,หมายเหตุ,ข้อความ,
D077,T3,2568-สค-599,รหัสกิจกรรม,ข้อความ,2568-สค-599
D077,T3,2568-สค-599,ชื่อกิจกรรม,ข้อความ,กิจกรรมสำรวจข้อมูลกลุ่มวิสาหกิจชุมชน
D077,T3,2568-สค-599,หน่วยงานรับผิดชอบ,ข้อความ,อบจ.พะเยา
D077,T3,2568-สค-599,งบจัดสรร,เงินบาท,407000
D077,T3,2568-สค-599,เบิกจ่าย,เงินบาท,298500
D077,T3,2568-สค-599,จำนวนผู้เข้าร่วม,จำนวนนับ,97
D077,T3,2568-สค-599,กลุ่มเป้าหมาย,รายการ,นักท่องเที่ยว
D077,T3,2568-สค-599,สถานะ,ข้อความ,ดำเนินการแล้วเสร็จ
D077,T3,2568-สค-599,หมายเหตุ,ข้อความ,
D077,T3,2568-พช-168,รหัสกิจกรรม,ข้อความ,2568-พช-168
D077,T3,2568-พช-168,ชื่อกิจกรรม,ข้อความ,กิจกรรมสำรวจข้อมูลระบบประปาหมู่บ้าน
D077,T3,2568-พช-168,หน่วยงานรับผิดชอบ,ข้อความ,อบจ.พะเยา
D077,T3,2568-พช-168,งบจัดสรร,เงินบาท,42500
D077,T3,2568-พช-168,เบิกจ่าย,เงินบาท,30500
D077,T3,2568-พช-168,จำนวนผู้เข้าร่วม,จำนวนนับ,116
D077,T3,2568-พช-168,กลุ่มเป้าหมาย,รายการ,กลุ่มเปราะบางและผู้ด้อยโอกาส
D077,T3,2568-พช-168,สถานะ,ข้อความ,ดำเนินการแล้วเสร็จ
D077,T3,2568-พช-168,หมายเหตุ,ข้อความ,
D078,T3,2567-พช-725,รหัสกิจกรรม,ข้อความ,2567-พช-725
D078,T3,2567-พช-725,ชื่อกิจกรรม,ข้อความ,โครงการอบรมเชิงปฏิบัติการกองทุนสวัสดิการชุมชน
D078,T3,2567-พช-725,หน่วยงานรับผิดชอบ,ข้อความ,สสจ.ตราด
D078,T3,2567-พช-725,งบจัดสรร,เงินบาท,654500
D078,T3,2567-พช-725,เบิกจ่าย,เงินบาท,545500
D078,T3,2567-พช-725,จำนวนผู้เข้าร่วม,จำนวนนับ,173
D078,T3,2567-พช-725,กลุ่มเป้าหมาย,รายการ,ผู้ป่วยติดเตียงและผู้ดูแลที่บ้าน
D078,T3,2567-พช-725,สถานะ,ข้อความ,ดำเนินการแล้วเสร็จ
D078,T3,2567-พช-725,หมายเหตุ,ข้อความ,
D078,T3,2567-ทถ-432,รหัสกิจกรรม,ข้อความ,2567-ทถ-432
D078,T3,2567-ทถ-432,ชื่อกิจกรรม,ข้อความ,กิจกรรมตรวจเยี่ยมการป้องกันโรคไข้เลือดออก
D078,T3,2567-ทถ-432,หน่วยงานรับผิดชอบ,ข้อความ,สสจ.ตราด
D078,T3,2567-ทถ-432,งบจัดสรร,เงินบาท,61000
D078,T3,2567-ทถ-432,เบิกจ่าย,เงินบาท,55500
D078,T3,2567-ทถ-432,จำนวนผู้เข้าร่วม,จำนวนนับ,101
D078,T3,2567-ทถ-432,กลุ่มเป้าหมาย,รายการ,กลุ่มเปราะบางและผู้ด้อยโอกาส
D078,T3,2567-ทถ-432,สถานะ,ข้อความ,ดำเนินการแล้วเสร็จ
D078,T3,2567-ทถ-432,หมายเหตุ,ข้อความ,
D078,T3,2567-พช-942,รหัสกิจกรรม,ข้อความ,2567-พช-942
D078,T3,2567-พช-942,ชื่อกิจกรรม,ข้อความ,กิจกรรมอบรมเชิงปฏิบัติการแผนพัฒนาท้องถิ่นห้าปี
D078,T3,2567-พช-942,หน่วยงานรับผิดชอบ,ข้อความ,สำนักงานสาธารณสุขจังหวัดตราด
D078,T3,2567-พช-942,งบจัดสรร,เงินบาท,235500
D078,T3,2567-พช-942,เบิกจ่าย,เงินบาท,199000
D078,T3,2567-พช-942,จำนวนผู้เข้าร่วม,จำนวนนับ,218
D078,T3,2567-พช-942,กลุ่มเป้าหมาย,รายการ,ข้าราชการและเจ้าหน้าที่ของรัฐ
D078,T3,2567-พช-942,สถานะ,ข้อความ,ดำเนินการแล้วเสร็จ
D078,T3,2567-พช-942,หมายเหตุ,ข้อความ,
D078,T3,2567-สธ-526,รหัสกิจกรรม,ข้อความ,2567-สธ-526
D078,T3,2567-สธ-526,ชื่อกิจกรรม,ข้อความ,โครงการตรวจเยี่ยมระบบประปาหมู่บ้าน
D078,T3,2567-สธ-526,หน่วยงานรับผิดชอบ,ข้อความ,สำนักงานสาธารณสุขจังหวัดตราด
D078,T3,2567-สธ-526,งบจัดสรร,เงินบาท,794000
D078,T3,2567-สธ-526,เบิกจ่าย,เงินบาท,746500
D078,T3,2567-สธ-526,จำนวนผู้เข้าร่วม,จำนวนนับ,193
D078,T3,2567-สธ-526,กลุ่มเป้าหมาย,รายการ,ผู้ต้องขัง
D078,T3,2567-สธ-526,สถานะ,ข้อความ,ดำเนินการแล้วเสร็จ
D078,T3,2567-สธ-526,หมายเหตุ,ข้อความ,
D078,T3,2567-ทถ-249,รหัสกิจกรรม,ข้อความ,2567-ทถ-249
D078,T3,2567-ทถ-249,ชื่อกิจกรรม,ข้อความ,กิจกรรมอบรมเชิงปฏิบัติการเศรษฐกิจฐานราก
D078,T3,2567-ทถ-249,หน่วยงานรับผิดชอบ,ข้อความ,สำนักงานสาธารณสุขจังหวัดตราด
D078,T3,2567-ทถ-249,งบจัดสรร,เงินบาท,800000
D078,T3,2567-ทถ-249,เบิกจ่าย,เงินบาท,445000
D078,T3,2567-ทถ-249,จำนวนผู้เข้าร่วม,จำนวนนับ,55
D078,T3,2567-ทถ-249,กลุ่มเป้าหมาย,รายการ,กลุ่มวิสาหกิจชุมชน
D078,T3,2567-ทถ-249,สถานะ,ข้อความ,ดำเนินการแล้วเสร็จ
D078,T3,2567-ทถ-249,หมายเหตุ,ข้อความ,
D078,T3,2567-สธ-353,รหัสกิจกรรม,ข้อความ,2567-สธ-353
D078,T3,2567-สธ-353,ชื่อกิจกรรม,ข้อความ,กิจกรรมจัดเก็บข้อมูลการจัดการน้ำเสียชุมชน
D078,T3,2567-สธ-353,หน่วยงานรับผิดชอบ,ข้อความ,สสจ.ตราด
D078,T3,2567-สธ-353,งบจัดสรร,เงินบาท,737000
D078,T3,2567-สธ-353,เบิกจ่าย,เงินบาท,645000
D078,T3,2567-สธ-353,จำนวนผู้เข้าร่วม,จำนวนนับ,127
D078,T3,2567-สธ-353,กลุ่มเป้าหมาย,รายการ,เจ้าหน้าที่ท้องถิ่น
D078,T3,2567-สธ-353,สถานะ,ข้อความ,ดำเนินการแล้วเสร็จ
D078,T3,2567-สธ-353,หมายเหตุ,ข้อความ,
D078,T3,2567-ทถ-748,รหัสกิจกรรม,ข้อความ,2567-ทถ-748
D078,T3,2567-ทถ-748,ชื่อกิจกรรม,ข้อความ,โครงการจัดเก็บข้อมูลถนนสายหลักในเขตพื้นที่
D078,T3,2567-ทถ-748,หน่วยงานรับผิดชอบ,ข้อความ,สำนักงานสาธารณสุขจังหวัดตราด
D078,T3,2567-ทถ-748,งบจัดสรร,เงินบาท,617500
D078,T3,2567-ทถ-748,เบิกจ่าย,เงินบาท,372500
D078,T3,2567-ทถ-748,จำนวนผู้เข้าร่วม,จำนวนนับ,139
D078,T3,2567-ทถ-748,กลุ่มเป้าหมาย,รายการ,ผู้สูงอายุ
D078,T3,2567-ทถ-748,สถานะ,ข้อความ,ดำเนินการแล้วเสร็จ
D078,T3,2567-ทถ-748,หมายเหตุ,ข้อความ,
D079,T3,2568-สค-056,รหัสกิจกรรม,ข้อความ,2568-สค-056
D079,T3,2568-สค-056,ชื่อกิจกรรม,ข้อความ,โครงการอบรมเชิงปฏิบัติการเศรษฐกิจฐานราก
D079,T3,2568-สค-056,หน่วยงานรับผิดชอบ,ข้อความ,สำนักงานเขตดอนเมือง
D079,T3,2568-สค-056,งบจัดสรร,เงินบาท,621000
D079,T3,2568-สค-056,เบิกจ่าย,เงินบาท,518500
D079,T3,2568-สค-056,จำนวนผู้เข้าร่วม,จำนวนนับ,99
D079,T3,2568-สค-056,กลุ่มเป้าหมาย,รายการ,นักเรียนและนักศึกษา
D079,T3,2568-สค-056,สถานะ,ข้อความ,ดำเนินการแล้วเสร็จ
D079,T3,2568-สค-056,หมายเหตุ,ข้อความ,
D079,T3,2568-ศษ-525,รหัสกิจกรรม,ข้อความ,2568-ศษ-525
D079,T3,2568-ศษ-525,ชื่อกิจกรรม,ข้อความ,โครงการจัดทำแผนการเกษตรปลอดภัย
D079,T3,2568-ศษ-525,หน่วยงานรับผิดชอบ,ข้อความ,สำนักงานเขตดอนเมือง
D079,T3,2568-ศษ-525,งบจัดสรร,เงินบาท,479000
D079,T3,2568-ศษ-525,เบิกจ่าย,เงินบาท,425500
D079,T3,2568-ศษ-525,จำนวนผู้เข้าร่วม,จำนวนนับ,68
D079,T3,2568-ศษ-525,กลุ่มเป้าหมาย,รายการ,กลุ่มวิสาหกิจชุมชน
D079,T3,2568-ศษ-525,สถานะ,ข้อความ,ดำเนินการแล้วเสร็จ
D079,T3,2568-ศษ-525,หมายเหตุ,ข้อความ,
D079,T3,2568-กษ-104,รหัสกิจกรรม,ข้อความ,2568-กษ-104
D079,T3,2568-กษ-104,ชื่อกิจกรรม,ข้อความ,โครงการจัดประชุมการบริหารจัดการขยะมูลฝอย
D079,T3,2568-กษ-104,หน่วยงานรับผิดชอบ,ข้อความ,สำนักงานเขตดอนเมือง
D079,T3,2568-กษ-104,งบจัดสรร,เงินบาท,484000
D079,T3,2568-กษ-104,เบิกจ่าย,เงินบาท,354000
D079,T3,2568-กษ-104,จำนวนผู้เข้าร่วม,จำนวนนับ,145
D079,T3,2568-กษ-104,กลุ่มเป้าหมาย,รายการ,ผู้ประกันตนตามมาตรา 40
D079,T3,2568-กษ-104,สถานะ,ข้อความ,ดำเนินการแล้วเสร็จ
D079,T3,2568-กษ-104,หมายเหตุ,ข้อความ,
D079,T3,2568-กษ-356,รหัสกิจกรรม,ข้อความ,2568-กษ-356
D079,T3,2568-กษ-356,ชื่อกิจกรรม,ข้อความ,โครงการประชาสัมพันธ์แผนพัฒนาท้องถิ่นห้าปี
D079,T3,2568-กษ-356,หน่วยงานรับผิดชอบ,ข้อความ,สำนักงานเขตดอนเมือง
D079,T3,2568-กษ-356,งบจัดสรร,เงินบาท,165000
D079,T3,2568-กษ-356,เบิกจ่าย,เงินบาท,160000
D079,T3,2568-กษ-356,จำนวนผู้เข้าร่วม,จำนวนนับ,56
D079,T3,2568-กษ-356,กลุ่มเป้าหมาย,รายการ,ผู้ว่างงาน
D079,T3,2568-กษ-356,สถานะ,ข้อความ,ดำเนินการแล้วเสร็จ
D079,T3,2568-กษ-356,หมายเหตุ,ข้อความ,
D079,T3,2568-สธ-231,รหัสกิจกรรม,ข้อความ,2568-สธ-231
D079,T3,2568-สธ-231,ชื่อกิจกรรม,ข้อความ,โครงการจัดทำแผนคุณภาพชีวิตผู้สูงอายุ
D079,T3,2568-สธ-231,หน่วยงานรับผิดชอบ,ข้อความ,สำนักงานเขตดอนเมือง
D079,T3,2568-สธ-231,งบจัดสรร,เงินบาท,404500
D079,T3,2568-สธ-231,เบิกจ่าย,เงินบาท,240500
D079,T3,2568-สธ-231,จำนวนผู้เข้าร่วม,จำนวนนับ,41
D079,T3,2568-สธ-231,กลุ่มเป้าหมาย,รายการ,ข้าราชการและเจ้าหน้าที่ของรัฐ
D079,T3,2568-สธ-231,สถานะ,ข้อความ,ดำเนินการแล้วเสร็จ
D079,T3,2568-สธ-231,หมายเหตุ,ข้อความ,
D079,T3,2568-สธ-050,รหัสกิจกรรม,ข้อความ,2568-สธ-050
D079,T3,2568-สธ-050,ชื่อกิจกรรม,ข้อความ,กิจกรรมจัดประชุมการเกษตรปลอดภัย
D079,T3,2568-สธ-050,หน่วยงานรับผิดชอบ,ข้อความ,สนง.เขตดอนเมือง
D079,T3,2568-สธ-050,งบจัดสรร,เงินบาท,808000
D079,T3,2568-สธ-050,เบิกจ่าย,เงินบาท,475500
D079,T3,2568-สธ-050,จำนวนผู้เข้าร่วม,จำนวนนับ,37
D079,T3,2568-สธ-050,กลุ่มเป้าหมาย,รายการ,ผู้สูงอายุ
D079,T3,2568-สธ-050,สถานะ,ข้อความ,ดำเนินการแล้วเสร็จ
D079,T3,2568-สธ-050,หมายเหตุ,ข้อความ,
D079,T3,2568-ศษ-979,รหัสกิจกรรม,ข้อความ,2568-ศษ-979
D079,T3,2568-ศษ-979,ชื่อกิจกรรม,ข้อความ,กิจกรรมตรวจเยี่ยมครัวเรือนยากจนเป้าหมาย
D079,T3,2568-ศษ-979,หน่วยงานรับผิดชอบ,ข้อความ,สนง.เขตดอนเมือง
D079,T3,2568-ศษ-979,งบจัดสรร,เงินบาท,600000
D079,T3,2568-ศษ-979,เบิกจ่าย,เงินบาท,427000
D079,T3,2568-ศษ-979,จำนวนผู้เข้าร่วม,จำนวนนับ,159
D079,T3,2568-ศษ-979,กลุ่มเป้าหมาย,รายการ,ครัวเรือนยากจน
D079,T3,2568-ศษ-979,สถานะ,ข้อความ,ดำเนินการแล้วเสร็จ
D079,T3,2568-ศษ-979,หมายเหตุ,ข้อความ,
D080,T3,2567-กษ-594,รหัสกิจกรรม,ข้อความ,2567-กษ-594
D080,T3,2567-กษ-594,ชื่อกิจกรรม,ข้อความ,กิจกรรมสำรวจข้อมูลศูนย์พัฒนาเด็กเล็ก
D080,T3,2567-กษ-594,หน่วยงานรับผิดชอบ,ข้อความ,สนง.เกษตรอำเภอปาย
D080,T3,2567-กษ-594,งบจัดสรร,เงินบาท,416000
D080,T3,2567-กษ-594,เบิกจ่าย,เงินบาท,299500
D080,T3,2567-กษ-594,จำนวนผู้เข้าร่วม,จำนวนนับ,225
D080,T3,2567-กษ-594,กลุ่มเป้าหมาย,รายการ,เด็กและเยาวชน
D080,T3,2567-กษ-594,สถานะ,ข้อความ,ดำเนินการแล้วเสร็จ
D080,T3,2567-กษ-594,หมายเหตุ,ข้อความ,
D080,T3,2567-กษ-170,รหัสกิจกรรม,ข้อความ,2567-กษ-170
D080,T3,2567-กษ-170,ชื่อกิจกรรม,ข้อความ,กิจกรรมจัดทำแผนการป้องกันโรคไข้เลือดออก
D080,T3,2567-กษ-170,หน่วยงานรับผิดชอบ,ข้อความ,สนง.เกษตรอำเภอปาย
D080,T3,2567-กษ-170,งบจัดสรร,เงินบาท,123000
D080,T3,2567-กษ-170,เบิกจ่าย,เงินบาท,72500
D080,T3,2567-กษ-170,จำนวนผู้เข้าร่วม,จำนวนนับ,102
D080,T3,2567-กษ-170,กลุ่มเป้าหมาย,รายการ,ผู้ว่างงาน
D080,T3,2567-กษ-170,สถานะ,ข้อความ,ดำเนินการแล้วเสร็จ
D080,T3,2567-กษ-170,หมายเหตุ,ข้อความ,
D080,T3,2567-ทถ-787,รหัสกิจกรรม,ข้อความ,2567-ทถ-787
D080,T3,2567-ทถ-787,ชื่อกิจกรรม,ข้อความ,โครงการประชาสัมพันธ์การท่องเที่ยวโดยชุมชน
D080,T3,2567-ทถ-787,หน่วยงานรับผิดชอบ,ข้อความ,สนง.เกษตรอำเภอปาย
D080,T3,2567-ทถ-787,งบจัดสรร,เงินบาท,479000
D080,T3,2567-ทถ-787,เบิกจ่าย,เงินบาท,430000
D080,T3,2567-ทถ-787,จำนวนผู้เข้าร่วม,จำนวนนับ,36
D080,T3,2567-ทถ-787,กลุ่มเป้าหมาย,รายการ,นักท่องเที่ยว
D080,T3,2567-ทถ-787,สถานะ,ข้อความ,ดำเนินการแล้วเสร็จ
D080,T3,2567-ทถ-787,หมายเหตุ,ข้อความ,
D080,T3,2567-กษ-719,รหัสกิจกรรม,ข้อความ,2567-กษ-719
D080,T3,2567-กษ-719,ชื่อกิจกรรม,ข้อความ,กิจกรรมจัดประชุมครัวเรือนยากจนเป้าหมาย
D080,T3,2567-กษ-719,หน่วยงานรับผิดชอบ,ข้อความ,สำนักงานเกษตรอำเภอปาย
D080,T3,2567-กษ-719,งบจัดสรร,เงินบาท,334500
D080,T3,2567-กษ-719,เบิกจ่าย,เงินบาท,280000
D080,T3,2567-กษ-719,จำนวนผู้เข้าร่วม,จำนวนนับ,214
D080,T3,2567-กษ-719,กลุ่มเป้าหมาย,รายการ,กลุ่มวิสาหกิจชุมชน
D080,T3,2567-กษ-719,สถานะ,ข้อความ,ดำเนินการแล้วเสร็จ
D080,T3,2567-กษ-719,หมายเหตุ,ข้อความ,
D080,T3,2567-สค-250,รหัสกิจกรรม,ข้อความ,2567-สค-250
D080,T3,2567-สค-250,ชื่อกิจกรรม,ข้อความ,โครงการตรวจเยี่ยมการท่องเที่ยวโดยชุมชน
D080,T3,2567-สค-250,หน่วยงานรับผิดชอบ,ข้อความ,สำนักงานเกษตรอำเภอปาย
D080,T3,2567-สค-250,งบจัดสรร,เงินบาท,670500
D080,T3,2567-สค-250,เบิกจ่าย,เงินบาท,420500
D080,T3,2567-สค-250,จำนวนผู้เข้าร่วม,จำนวนนับ,46
D080,T3,2567-สค-250,กลุ่มเป้าหมาย,รายการ,นักเรียนและนักศึกษา
D080,T3,2567-สค-250,สถานะ,ข้อความ,ดำเนินการแล้วเสร็จ
D080,T3,2567-สค-250,หมายเหตุ,ข้อความ,
D080,T3,2567-พช-187,รหัสกิจกรรม,ข้อความ,2567-พช-187
D080,T3,2567-พช-187,ชื่อกิจกรรม,ข้อความ,โครงการตรวจเยี่ยมการเกษตรปลอดภัย
D080,T3,2567-พช-187,หน่วยงานรับผิดชอบ,ข้อความ,สนง.เกษตรอำเภอปาย
D080,T3,2567-พช-187,งบจัดสรร,เงินบาท,177500
D080,T3,2567-พช-187,เบิกจ่าย,เงินบาท,104000
D080,T3,2567-พช-187,จำนวนผู้เข้าร่วม,จำนวนนับ,250
D080,T3,2567-พช-187,กลุ่มเป้าหมาย,รายการ,เกษตรกรและผู้ประกอบการรายย่อย
D080,T3,2567-พช-187,สถานะ,ข้อความ,ดำเนินการแล้วเสร็จ
D080,T3,2567-พช-187,หมายเหตุ,ข้อความ,
D081,T3,2567-สธ-656,รหัสกิจกรรม,ข้อความ,2567-สธ-656
D081,T3,2567-สธ-656,ชื่อกิจกรรม,ข้อความ,กิจกรรมจัดประชุมการจัดการน้ำเสียชุมชน
D081,T3,2567-สธ-656,หน่วยงานรับผิดชอบ,ข้อความ,โรงพยาบาลส่งเสริมสุขภาพตำบลหนองบัว
D081,T3,2567-สธ-656,งบจัดสรร,เงินบาท,458000
D081,T3,2567-สธ-656,เบิกจ่าย,เงินบาท,421500
D081,T3,2567-สธ-656,จำนวนผู้เข้าร่วม,จำนวนนับ,228
D081,T3,2567-สธ-656,กลุ่มเป้าหมาย,รายการ,ผู้ต้องขัง
D081,T3,2567-สธ-656,สถานะ,ข้อความ,ดำเนินการแล้วเสร็จ
D081,T3,2567-สธ-656,หมายเหตุ,ข้อความ,
D081,T3,2567-ทถ-969,รหัสกิจกรรม,ข้อความ,2567-ทถ-969
D081,T3,2567-ทถ-969,ชื่อกิจกรรม,ข้อความ,โครงการประชาสัมพันธ์การบริหารจัดการขยะมูลฝอย
D081,T3,2567-ทถ-969,หน่วยงานรับผิดชอบ,ข้อความ,โรงพยาบาลส่งเสริมสุขภาพตำบลหนองบัว
D081,T3,2567-ทถ-969,งบจัดสรร,เงินบาท,555000
D081,T3,2567-ทถ-969,เบิกจ่าย,เงินบาท,500000
D081,T3,2567-ทถ-969,จำนวนผู้เข้าร่วม,จำนวนนับ,233
D081,T3,2567-ทถ-969,กลุ่มเป้าหมาย,รายการ,กลุ่มเปราะบางและผู้ด้อยโอกาส
D081,T3,2567-ทถ-969,สถานะ,ข้อความ,ดำเนินการแล้วเสร็จ
D081,T3,2567-ทถ-969,หมายเหตุ,ข้อความ,
D081,T3,2567-กษ-580,รหัสกิจกรรม,ข้อความ,2567-กษ-580
D081,T3,2567-กษ-580,ชื่อกิจกรรม,ข้อความ,โครงการบำรุงรักษากลุ่มวิสาหกิจชุมชน
D081,T3,2567-กษ-580,หน่วยงานรับผิดชอบ,ข้อความ,รพ.สต.หนองบัว
D081,T3,2567-กษ-580,งบจัดสรร,เงินบาท,588000
D081,T3,2567-กษ-580,เบิกจ่าย,เงินบาท,437500
D081,T3,2567-กษ-580,จำนวนผู้เข้าร่วม,จำนวนนับ,185
D081,T3,2567-กษ-580,กลุ่มเป้าหมาย,รายการ,ผู้ประกอบการร้านอาหาร
D081,T3,2567-กษ-580,สถานะ,ข้อความ,ดำเนินการแล้วเสร็จ
D081,T3,2567-กษ-580,หมายเหตุ,ข้อความ,
D081,T3,2567-ทถ-018,รหัสกิจกรรม,ข้อความ,2567-ทถ-018
D081,T3,2567-ทถ-018,ชื่อกิจกรรม,ข้อความ,โครงการบำรุงรักษาถนนสายหลักในเขตพื้นที่
D081,T3,2567-ทถ-018,หน่วยงานรับผิดชอบ,ข้อความ,โรงพยาบาลส่งเสริมสุขภาพตำบลหนองบัว
D081,T3,2567-ทถ-018,งบจัดสรร,เงินบาท,300000
D081,T3,2567-ทถ-018,เบิกจ่าย,เงินบาท,190500
D081,T3,2567-ทถ-018,จำนวนผู้เข้าร่วม,จำนวนนับ,188
D081,T3,2567-ทถ-018,กลุ่มเป้าหมาย,รายการ,ผู้ป่วยติดเตียงและผู้ดูแลที่บ้าน
D081,T3,2567-ทถ-018,สถานะ,ข้อความ,ดำเนินการแล้วเสร็จ
D081,T3,2567-ทถ-018,หมายเหตุ,ข้อความ,
D081,T3,2567-พช-006,รหัสกิจกรรม,ข้อความ,2567-พช-006
D081,T3,2567-พช-006,ชื่อกิจกรรม,ข้อความ,กิจกรรมจัดประชุมการท่องเที่ยวโดยชุมชน
D081,T3,2567-พช-006,หน่วยงานรับผิดชอบ,ข้อความ,รพ.สต.หนองบัว
D081,T3,2567-พช-006,งบจัดสรร,เงินบาท,388000
D081,T3,2567-พช-006,เบิกจ่าย,เงินบาท,380500
D081,T3,2567-พช-006,จำนวนผู้เข้าร่วม,จำนวนนับ,136
D081,T3,2567-พช-006,กลุ่มเป้าหมาย,รายการ,ผู้ป่วยติดเตียงและผู้ดูแลที่บ้าน
D081,T3,2567-พช-006,สถานะ,ข้อความ,ดำเนินการแล้วเสร็จ
D081,T3,2567-พช-006,หมายเหตุ,ข้อความ,
D081,T3,2567-กษ-946,รหัสกิจกรรม,ข้อความ,2567-กษ-946
D081,T3,2567-กษ-946,ชื่อกิจกรรม,ข้อความ,โครงการอบรมเชิงปฏิบัติการเศรษฐกิจฐานราก
D081,T3,2567-กษ-946,หน่วยงานรับผิดชอบ,ข้อความ,โรงพยาบาลส่งเสริมสุขภาพตำบลหนองบัว
D081,T3,2567-กษ-946,งบจัดสรร,เงินบาท,188000
D081,T3,2567-กษ-946,เบิกจ่าย,เงินบาท,158500
D081,T3,2567-กษ-946,จำนวนผู้เข้าร่วม,จำนวนนับ,193
D081,T3,2567-กษ-946,กลุ่มเป้าหมาย,รายการ,ผู้พิการและผู้ดูแล
D081,T3,2567-กษ-946,สถานะ,ข้อความ,ดำเนินการแล้วเสร็จ
D081,T3,2567-กษ-946,หมายเหตุ,ข้อความ,
D081,T3,2567-ทถ-976,รหัสกิจกรรม,ข้อความ,2567-ทถ-976
D081,T3,2567-ทถ-976,ชื่อกิจกรรม,ข้อความ,โครงการจัดเก็บข้อมูลแผนพัฒนาท้องถิ่นห้าปี
D081,T3,2567-ทถ-976,หน่วยงานรับผิดชอบ,ข้อความ,โรงพยาบาลส่งเสริมสุขภาพตำบลหนองบัว
D081,T3,2567-ทถ-976,งบจัดสรร,เงินบาท,240500
D081,T3,2567-ทถ-976,เบิกจ่าย,เงินบาท,238000
D081,T3,2567-ทถ-976,จำนวนผู้เข้าร่วม,จำนวนนับ,145
D081,T3,2567-ทถ-976,กลุ่มเป้าหมาย,รายการ,ผู้ประกันตนตามมาตรา 40
D081,T3,2567-ทถ-976,สถานะ,ข้อความ,ดำเนินการแล้วเสร็จ
D081,T3,2567-ทถ-976,หมายเหตุ,ข้อความ,
D082,T3,2568-กษ-731,รหัสกิจกรรม,ข้อความ,2568-กษ-731
D082,T3,2568-กษ-731,ชื่อกิจกรรม,ข้อความ,กิจกรรมอบรมเชิงปฏิบัติการกลุ่มวิสาหกิจชุมชน
D082,T3,2568-กษ-731,หน่วยงานรับผิดชอบ,ข้อความ,สนง.เกษตรอำเภอสูงเนิน
D082,T3,2568-กษ-731,งบจัดสรร,เงินบาท,500500
D082,T3,2568-กษ-731,เบิกจ่าย,เงินบาท,308500
D082,T3,2568-กษ-731,จำนวนผู้เข้าร่วม,จำนวนนับ,245
D082,T3,2568-กษ-731,กลุ่มเป้าหมาย,รายการ,ผู้ประกอบการร้านอาหาร
D082,T3,2568-กษ-731,สถานะ,ข้อความ,ดำเนินการแล้วเสร็จ
D082,T3,2568-กษ-731,หมายเหตุ,ข้อความ,
D082,T3,2568-ทถ-196,รหัสกิจกรรม,ข้อความ,2568-ทถ-196
D082,T3,2568-ทถ-196,ชื่อกิจกรรม,ข้อความ,โครงการประชาสัมพันธ์เศรษฐกิจฐานราก
D082,T3,2568-ทถ-196,หน่วยงานรับผิดชอบ,ข้อความ,สนง.เกษตรอำเภอสูงเนิน
D082,T3,2568-ทถ-196,งบจัดสรร,เงินบาท,61500
D082,T3,2568-ทถ-196,เบิกจ่าย,เงินบาท,59000
D082,T3,2568-ทถ-196,จำนวนผู้เข้าร่วม,จำนวนนับ,153
D082,T3,2568-ทถ-196,กลุ่มเป้าหมาย,รายการ,ผู้ประกันตนตามมาตรา 40
D082,T3,2568-ทถ-196,สถานะ,ข้อความ,ดำเนินการแล้วเสร็จ
D082,T3,2568-ทถ-196,หมายเหตุ,ข้อความ,
D082,T3,2568-สค-768,รหัสกิจกรรม,ข้อความ,2568-สค-768
D082,T3,2568-สค-768,ชื่อกิจกรรม,ข้อความ,โครงการบำรุงรักษาการท่องเที่ยวโดยชุมชน
D082,T3,2568-สค-768,หน่วยงานรับผิดชอบ,ข้อความ,สนง.เกษตรอำเภอสูงเนิน
D082,T3,2568-สค-768,งบจัดสรร,เงินบาท,141500
D082,T3,2568-สค-768,เบิกจ่าย,เงินบาท,132500
D082,T3,2568-สค-768,จำนวนผู้เข้าร่วม,จำนวนนับ,34
D082,T3,2568-สค-768,กลุ่มเป้าหมาย,รายการ,กลุ่มเปราะบางและผู้ด้อยโอกาส
D082,T3,2568-สค-768,สถานะ,ข้อความ,ดำเนินการแล้วเสร็จ
D082,T3,2568-สค-768,หมายเหตุ,ข้อความ,
D082,T3,2568-กษ-164,รหัสกิจกรรม,ข้อความ,2568-กษ-164
D082,T3,2568-กษ-164,ชื่อกิจกรรม,ข้อความ,โครงการประชาสัมพันธ์กองทุนสวัสดิการชุมชน
D082,T3,2568-กษ-164,หน่วยงานรับผิดชอบ,ข้อความ,สำนักงานเกษตรอำเภอสูงเนิน
D082,T3,2568-กษ-164,งบจัดสรร,เงินบาท,820000
D082,T3,2568-กษ-164,เบิกจ่าย,เงินบาท,594000
D082,T3,2568-กษ-164,จำนวนผู้เข้าร่วม,จำนวนนับ,96
D082,T3,2568-กษ-164,กลุ่มเป้าหมาย,รายการ,ครัวเรือนยากจน
D082,T3,2568-กษ-164,สถานะ,ข้อความ,ดำเนินการแล้วเสร็จ
D082,T3,2568-กษ-164,หมายเหตุ,ข้อความ,
D082,T3,2568-กษ-613,รหัสกิจกรรม,ข้อความ,2568-กษ-613
D082,T3,2568-กษ-613,ชื่อกิจกรรม,ข้อความ,กิจกรรมอบรมเชิงปฏิบัติการการบริหารจัดการขยะมูลฝอย
D082,T3,2568-กษ-613,หน่วยงานรับผิดชอบ,ข้อความ,สำนักงานเกษตรอำเภอสูงเนิน
D082,T3,2568-กษ-613,งบจัดสรร,เงินบาท,353000
D082,T3,2568-กษ-613,เบิกจ่าย,เงินบาท,348500
D082,T3,2568-กษ-613,จำนวนผู้เข้าร่วม,จำนวนนับ,77
D082,T3,2568-กษ-613,กลุ่มเป้าหมาย,รายการ,กลุ่มวิสาหกิจชุมชน
D082,T3,2568-กษ-613,สถานะ,ข้อความ,ดำเนินการแล้วเสร็จ
D082,T3,2568-กษ-613,หมายเหตุ,ข้อความ,
D082,T3,2568-สธ-366,รหัสกิจกรรม,ข้อความ,2568-สธ-366
D082,T3,2568-สธ-366,ชื่อกิจกรรม,ข้อความ,โครงการสำรวจข้อมูลการท่องเที่ยวโดยชุมชน
D082,T3,2568-สธ-366,หน่วยงานรับผิดชอบ,ข้อความ,สำนักงานเกษตรอำเภอสูงเนิน
D082,T3,2568-สธ-366,งบจัดสรร,เงินบาท,306000
D082,T3,2568-สธ-366,เบิกจ่าย,เงินบาท,231000
D082,T3,2568-สธ-366,จำนวนผู้เข้าร่วม,จำนวนนับ,130
D082,T3,2568-สธ-366,กลุ่มเป้าหมาย,รายการ,เจ้าหน้าที่ท้องถิ่น
D082,T3,2568-สธ-366,สถานะ,ข้อความ,ดำเนินการแล้วเสร็จ
D082,T3,2568-สธ-366,หมายเหตุ,ข้อความ,
D082,T3,2568-สธ-900,รหัสกิจกรรม,ข้อความ,2568-สธ-900
D082,T3,2568-สธ-900,ชื่อกิจกรรม,ข้อความ,โครงการประชาสัมพันธ์การจัดการน้ำเสียชุมชน
D082,T3,2568-สธ-900,หน่วยงานรับผิดชอบ,ข้อความ,สำนักงานเกษตรอำเภอสูงเนิน
D082,T3,2568-สธ-900,งบจัดสรร,เงินบาท,132000
D082,T3,2568-สธ-900,เบิกจ่าย,เงินบาท,107000
D082,T3,2568-สธ-900,จำนวนผู้เข้าร่วม,จำนวนนับ,110
D082,T3,2568-สธ-900,กลุ่มเป้าหมาย,รายการ,ผู้ว่างงาน
D082,T3,2568-สธ-900,สถานะ,ข้อความ,ดำเนินการแล้วเสร็จ
D082,T3,2568-สธ-900,หมายเหตุ,ข้อความ,
D083,T3,2567-พช-453,รหัสกิจกรรม,ข้อความ,2567-พช-453
D083,T3,2567-พช-453,ชื่อกิจกรรม,ข้อความ,กิจกรรมบำรุงรักษาการบริหารจัดการขยะมูลฝอย
D083,T3,2567-พช-453,หน่วยงานรับผิดชอบ,ข้อความ,อบต.บ้านแหลม
D083,T3,2567-พช-453,งบจัดสรร,เงินบาท,345000
D083,T3,2567-พช-453,เบิกจ่าย,เงินบาท,204500
D083,T3,2567-พช-453,จำนวนผู้เข้าร่วม,จำนวนนับ,236
D083,T3,2567-พช-453,กลุ่มเป้าหมาย,รายการ,ผู้ประกันตนตามมาตรา 40
D083,T3,2567-พช-453,สถานะ,ข้อความ,ดำเนินการแล้วเสร็จ
D083,T3,2567-พช-453,หมายเหตุ,ข้อความ,
D083,T3,2567-กษ-884,รหัสกิจกรรม,ข้อความ,2567-กษ-884
D083,T3,2567-กษ-884,ชื่อกิจกรรม,ข้อความ,โครงการตรวจเยี่ยมแผนพัฒนาท้องถิ่นห้าปี
D083,T3,2567-กษ-884,หน่วยงานรับผิดชอบ,ข้อความ,อบต.บ้านแหลม
D083,T3,2567-กษ-884,งบจัดสรร,เงินบาท,63000
D083,T3,2567-กษ-884,เบิกจ่าย,เงินบาท,43500
D083,T3,2567-กษ-884,จำนวนผู้เข้าร่วม,จำนวนนับ,189
D083,T3,2567-กษ-884,กลุ่มเป้าหมาย,รายการ,ผู้ประสบภัยพิบัติ
D083,T3,2567-กษ-884,สถานะ,ข้อความ,ดำเนินการแล้วเสร็จ
D083,T3,2567-กษ-884,หมายเหตุ,ข้อความ,
D083,T3,2567-สค-816,รหัสกิจกรรม,ข้อความ,2567-สค-816
D083,T3,2567-สค-816,ชื่อกิจกรรม,ข้อความ,โครงการจัดเก็บข้อมูลแผนพัฒนาท้องถิ่นห้าปี
D083,T3,2567-สค-816,หน่วยงานรับผิดชอบ,ข้อความ,องค์การบริหารส่วนตำบลบ้านแหลม
D083,T3,2567-สค-816,งบจัดสรร,เงินบาท,77000
D083,T3,2567-สค-816,เบิกจ่าย,เงินบาท,58500
D083,T3,2567-สค-816,จำนวนผู้เข้าร่วม,จำนวนนับ,155
D083,T3,2567-สค-816,กลุ่มเป้าหมาย,รายการ,เกษตรกรผู้เลี้ยงโคเนื้อ
D083,T3,2567-สค-816,สถานะ,ข้อความ,ดำเนินการแล้วเสร็จ
D083,T3,2567-สค-816,หมายเหตุ,ข้อความ,
D083,T3,2567-ทถ-126,รหัสกิจกรรม,ข้อความ,2567-ทถ-126
D083,T3,2567-ทถ-126,ชื่อกิจกรรม,ข้อความ,โครงการอบรมเชิงปฏิบัติการถนนสายหลักในเขตพื้นที่
D083,T3,2567-ทถ-126,หน่วยงานรับผิดชอบ,ข้อความ,องค์การบริหารส่วนตำบลบ้านแหลม
D083,T3,2567-ทถ-126,งบจัดสรร,เงินบาท,654500
D083,T3,2567-ทถ-126,เบิกจ่าย,เงินบาท,551500
D083,T3,2567-ทถ-126,จำนวนผู้เข้าร่วม,จำนวนนับ,69
D083,T3,2567-ทถ-126,กลุ่มเป้าหมาย,รายการ,เกษตรกรผู้เลี้ยงโคเนื้อ
D083,T3,2567-ทถ-126,สถานะ,ข้อความ,ดำเนินการแล้วเสร็จ
D083,T3,2567-ทถ-126,หมายเหตุ,ข้อความ,
D083,T3,2567-ทถ-376,รหัสกิจกรรม,ข้อความ,2567-ทถ-376
D083,T3,2567-ทถ-376,ชื่อกิจกรรม,ข้อความ,กิจกรรมสำรวจข้อมูลการท่องเที่ยวโดยชุมชน
D083,T3,2567-ทถ-376,หน่วยงานรับผิดชอบ,ข้อความ,อบต.บ้านแหลม
D083,T3,2567-ทถ-376,งบจัดสรร,เงินบาท,520500
D083,T3,2567-ทถ-376,เบิกจ่าย,เงินบาท,344500
D083,T3,2567-ทถ-376,จำนวนผู้เข้าร่วม,จำนวนนับ,119
D083,T3,2567-ทถ-376,กลุ่มเป้าหมาย,รายการ,ผู้นำชุมชนและปราชญ์ชาวบ้าน
D083,T3,2567-ทถ-376,สถานะ,ข้อความ,ดำเนินการแล้วเสร็จ
D083,T3,2567-ทถ-376,หมายเหตุ,ข้อความ,
D083,T3,2567-ศษ-711,รหัสกิจกรรม,ข้อความ,2567-ศษ-711
D083,T3,2567-ศษ-711,ชื่อกิจกรรม,ข้อความ,กิจกรรมสำรวจข้อมูลระบบประปาหมู่บ้าน
D083,T3,2567-ศษ-711,หน่วยงานรับผิดชอบ,ข้อความ,องค์การบริหารส่วนตำบลบ้านแหลม
D083,T3,2567-ศษ-711,งบจัดสรร,เงินบาท,663500
D083,T3,2567-ศษ-711,เบิกจ่าย,เงินบาท,546000
D083,T3,2567-ศษ-711,จำนวนผู้เข้าร่วม,จำนวนนับ,220
D083,T3,2567-ศษ-711,กลุ่มเป้าหมาย,รายการ,ผู้ต้องขัง
D083,T3,2567-ศษ-711,สถานะ,ข้อความ,ดำเนินการแล้วเสร็จ
D083,T3,2567-ศษ-711,หมายเหตุ,ข้อความ,
D084,T4,2567-พช-173,รหัสกิจกรรม,ข้อความ,2567-พช-173
D084,T4,2567-พช-173,ชื่อกิจกรรม,ข้อความ,กิจกรรมบำรุงรักษาระบบประปาหมู่บ้าน
D084,T4,2567-พช-173,หน่วยงานรับผิดชอบ,ข้อความ,พช.อ.เมือง
D084,T4,2567-พช-173,งบจัดสรร,เงินบาท,670500
D084,T4,2567-พช-173,เบิกจ่าย,เงินบาท,633000
D084,T4,2567-พช-173,จำนวนผู้เข้าร่วม,จำนวนนับ,45
D084,T4,2567-พช-173,กลุ่มเป้าหมาย,รายการ,แรงงานนอกระบบ|ผู้ว่างงาน|ผู้นำศาสนา|ผู้ปกครองเด็กก่อนวัยเรียน
D084,T4,2567-พช-173,สถานะ,ข้อความ,ดำเนินการแล้วเสร็จ
D084,T4,2567-พช-173,หมายเหตุ,ข้อความ,
D084,T4,2567-สค-528,รหัสกิจกรรม,ข้อความ,2567-สค-528
D084,T4,2567-สค-528,ชื่อกิจกรรม,ข้อความ,โครงการประชาสัมพันธ์ถนนสายหลักในเขตพื้นที่
D084,T4,2567-สค-528,หน่วยงานรับผิดชอบ,ข้อความ,พช.อ.เมือง
D084,T4,2567-สค-528,งบจัดสรร,เงินบาท,600500
D084,T4,2567-สค-528,เบิกจ่าย,เงินบาท,347000
D084,T4,2567-สค-528,จำนวนผู้เข้าร่วม,จำนวนนับ,96
D084,T4,2567-สค-528,กลุ่มเป้าหมาย,รายการ,ผู้ป่วยติดเตียงและผู้ดูแลที่บ้าน
D084,T4,2567-สค-528,สถานะ,ข้อความ,ดำเนินการแล้วเสร็จ
D084,T4,2567-สค-528,หมายเหตุ,ข้อความ,
D084,T4,2567-ศษ-112,รหัสกิจกรรม,ข้อความ,2567-ศษ-112
D084,T4,2567-ศษ-112,ชื่อกิจกรรม,ข้อความ,กิจกรรมสำรวจข้อมูลกลุ่มวิสาหกิจชุมชน
D084,T4,2567-ศษ-112,หน่วยงานรับผิดชอบ,ข้อความ,พช.อ.เมือง
D084,T4,2567-ศษ-112,งบจัดสรร,เงินบาท,45500
D084,T4,2567-ศษ-112,เบิกจ่าย,เงินบาท,35500
D084,T4,2567-ศษ-112,จำนวนผู้เข้าร่วม,จำนวนนับ,87
D084,T4,2567-ศษ-112,กลุ่มเป้าหมาย,รายการ,กลุ่มออมทรัพย์เพื่อการผลิต|สตรีและครอบครัว|เจ้าหน้าที่ท้องถิ่น|ประชาชนทั่วไป
D084,T4,2567-ศษ-112,สถานะ,ข้อความ,ดำเนินการแล้วเสร็จ
D084,T4,2567-ศษ-112,หมายเหตุ,ข้อความ,
D084,T4,2567-พช-658,รหัสกิจกรรม,ข้อความ,2567-พช-658
D084,T4,2567-พช-658,ชื่อกิจกรรม,ข้อความ,โครงการจัดเก็บข้อมูลคุณภาพชีวิตผู้สูงอายุ
D084,T4,2567-พช-658,หน่วยงานรับผิดชอบ,ข้อความ,สำนักงานพัฒนาชุมชนอำเภอเมือง
D084,T4,2567-พช-658,งบจัดสรร,เงินบาท,86500
D084,T4,2567-พช-658,เบิกจ่าย,เงินบาท,85500
D084,T4,2567-พช-658,จำนวนผู้เข้าร่วม,จำนวนนับ,232
D084,T4,2567-พช-658,กลุ่มเป้าหมาย,รายการ,กลุ่มวิสาหกิจชุมชน|ผู้ปกครองเด็กก่อนวัยเรียน
D084,T4,2567-พช-658,สถานะ,ข้อความ,ดำเนินการแล้วเสร็จ
D084,T4,2567-พช-658,หมายเหตุ,ข้อความ,
D084,T4,2567-สค-096,รหัสกิจกรรม,ข้อความ,2567-สค-096
D084,T4,2567-สค-096,ชื่อกิจกรรม,ข้อความ,โครงการจัดประชุมการบริหารจัดการขยะมูลฝอย
D084,T4,2567-สค-096,หน่วยงานรับผิดชอบ,ข้อความ,พช.อ.เมือง
D084,T4,2567-สค-096,งบจัดสรร,เงินบาท,301500
D084,T4,2567-สค-096,เบิกจ่าย,เงินบาท,198500
D084,T4,2567-สค-096,จำนวนผู้เข้าร่วม,จำนวนนับ,57
D084,T4,2567-สค-096,กลุ่มเป้าหมาย,รายการ,อาสาสมัครสาธารณสุขประจำหมู่บ้าน|ผู้สูงอายุ
D084,T4,2567-สค-096,สถานะ,ข้อความ,ดำเนินการแล้วเสร็จ
D084,T4,2567-สค-096,หมายเหตุ,ข้อความ,
D084,T4,2567-ศษ-557,รหัสกิจกรรม,ข้อความ,2567-ศษ-557
D084,T4,2567-ศษ-557,ชื่อกิจกรรม,ข้อความ,โครงการตรวจเยี่ยมถนนสายหลักในเขตพื้นที่
D084,T4,2567-ศษ-557,หน่วยงานรับผิดชอบ,ข้อความ,พช.อ.เมือง
D084,T4,2567-ศษ-557,งบจัดสรร,เงินบาท,739000
D084,T4,2567-ศษ-557,เบิกจ่าย,เงินบาท,561000
D084,T4,2567-ศษ-557,จำนวนผู้เข้าร่วม,จำนวนนับ,236
D084,T4,2567-ศษ-557,กลุ่มเป้าหมาย,รายการ,ผู้ดูแลศูนย์พัฒนาเด็กเล็ก|กลุ่มวิสาหกิจชุมชน|เกษตรกรผู้เลี้ยงโคเนื้อ
D084,T4,2567-ศษ-557,สถานะ,ข้อความ,ดำเนินการแล้วเสร็จ
D084,T4,2567-ศษ-557,หมายเหตุ,ข้อความ,
D085,T4,2568-ศษ-622,รหัสกิจกรรม,ข้อความ,2568-ศษ-622
D085,T4,2568-ศษ-622,ชื่อกิจกรรม,ข้อความ,กิจกรรมบำรุงรักษาการบริหารจัดการขยะมูลฝอย
D085,T4,2568-ศษ-622,หน่วยงานรับผิดชอบ,ข้อความ,สนง.เขตหนองแขม
D085,T4,2568-ศษ-622,งบจัดสรร,เงินบาท,185500
D085,T4,2568-ศษ-622,เบิกจ่าย,เงินบาท,111000
D085,T4,2568-ศษ-622,จำนวนผู้เข้าร่วม,จำนวนนับ,244
D085,T4,2568-ศษ-622,กลุ่มเป้าหมาย,รายการ,สตรีและครอบครัว
D085,T4,2568-ศษ-622,สถานะ,ข้อความ,ดำเนินการแล้วเสร็จ
D085,T4,2568-ศษ-622,หมายเหตุ,ข้อความ,
D085,T4,2568-ทถ-939,รหัสกิจกรรม,ข้อความ,2568-ทถ-939
D085,T4,2568-ทถ-939,ชื่อกิจกรรม,ข้อความ,โครงการอบรมเชิงปฏิบัติการการจัดการน้ำเสียชุมชน
D085,T4,2568-ทถ-939,หน่วยงานรับผิดชอบ,ข้อความ,สนง.เขตหนองแขม
D085,T4,2568-ทถ-939,งบจัดสรร,เงินบาท,146000
D085,T4,2568-ทถ-939,เบิกจ่าย,เงินบาท,144000
D085,T4,2568-ทถ-939,จำนวนผู้เข้าร่วม,จำนวนนับ,78
D085,T4,2568-ทถ-939,กลุ่มเป้าหมาย,รายการ,ผู้นำชุมชนและปราชญ์ชาวบ้าน|เจ้าหน้าที่ท้องถิ่น|ข้าราชการและเจ้าหน้าที่ของรัฐ
D085,T4,2568-ทถ-939,สถานะ,ข้อความ,ดำเนินการแล้วเสร็จ
D085,T4,2568-ทถ-939,หมายเหตุ,ข้อความ,
D085,T4,2568-พช-114,รหัสกิจกรรม,ข้อความ,2568-พช-114
D085,T4,2568-พช-114,ชื่อกิจกรรม,ข้อความ,กิจกรรมตรวจเยี่ยมการบริหารจัดการขยะมูลฝอย
D085,T4,2568-พช-114,หน่วยงานรับผิดชอบ,ข้อความ,สำนักงานเขตหนองแขม
D085,T4,2568-พช-114,งบจัดสรร,เงินบาท,668000
D085,T4,2568-พช-114,เบิกจ่าย,เงินบาท,656500
D085,T4,2568-พช-114,จำนวนผู้เข้าร่วม,จำนวนนับ,124
D085,T4,2568-พช-114,กลุ่มเป้าหมาย,รายการ,เด็กและเยาวชน|ผู้ประกอบการร้านอาหาร|ผู้พิการและผู้ดูแล|ผู้นำชุมชนและปราชญ์ชาวบ้าน
D085,T4,2568-พช-114,สถานะ,ข้อความ,ดำเนินการแล้วเสร็จ
D085,T4,2568-พช-114,หมายเหตุ,ข้อความ,
D085,T4,2568-พช-507,รหัสกิจกรรม,ข้อความ,2568-พช-507
D085,T4,2568-พช-507,ชื่อกิจกรรม,ข้อความ,โครงการจัดเก็บข้อมูลกองทุนสวัสดิการชุมชน
D085,T4,2568-พช-507,หน่วยงานรับผิดชอบ,ข้อความ,สนง.เขตหนองแขม
D085,T4,2568-พช-507,งบจัดสรร,เงินบาท,335500
D085,T4,2568-พช-507,เบิกจ่าย,เงินบาท,312000
D085,T4,2568-พช-507,จำนวนผู้เข้าร่วม,จำนวนนับ,29
D085,T4,2568-พช-507,กลุ่มเป้าหมาย,รายการ,ผู้สูงอายุ|สตรีและครอบครัว|ผู้ต้องขัง|ประชาชนทั่วไป
D085,T4,2568-พช-507,สถานะ,ข้อความ,ดำเนินการแล้วเสร็จ
D085,T4,2568-พช-507,หมายเหตุ,ข้อความ,
D085,T4,2568-ศษ-070,รหัสกิจกรรม,ข้อความ,2568-ศษ-070
D085,T4,2568-ศษ-070,ชื่อกิจกรรม,ข้อความ,โครงการสำรวจข้อมูลถนนสายหลักในเขตพื้นที่
D085,T4,2568-ศษ-070,หน่วยงานรับผิดชอบ,ข้อความ,สนง.เขตหนองแขม
D085,T4,2568-ศษ-070,งบจัดสรร,เงินบาท,390500
D085,T4,2568-ศษ-070,เบิกจ่าย,เงินบาท,332500
D085,T4,2568-ศษ-070,จำนวนผู้เข้าร่วม,จำนวนนับ,182
D085,T4,2568-ศษ-070,กลุ่มเป้าหมาย,รายการ,ผู้ต้องขัง|ผู้สูงอายุ|นักเรียนและนักศึกษา
D085,T4,2568-ศษ-070,สถานะ,ข้อความ,ดำเนินการแล้วเสร็จ
D085,T4,2568-ศษ-070,หมายเหตุ,ข้อความ,
D085,T4,2568-สค-643,รหัสกิจกรรม,ข้อความ,2568-สค-643
D085,T4,2568-สค-643,ชื่อกิจกรรม,ข้อความ,กิจกรรมตรวจเยี่ยมครัวเรือนยากจนเป้าหมาย
D085,T4,2568-สค-643,หน่วยงานรับผิดชอบ,ข้อความ,สนง.เขตหนองแขม
D085,T4,2568-สค-643,งบจัดสรร,เงินบาท,215500
D085,T4,2568-สค-643,เบิกจ่าย,เงินบาท,154000
D085,T4,2568-สค-643,จำนวนผู้เข้าร่วม,จำนวนนับ,177
D085,T4,2568-สค-643,กลุ่มเป้าหมาย,รายการ,ผู้ป่วยติดเตียงและผู้ดูแลที่บ้าน|ผู้ค้าในตลาดสด|เจ้าหน้าที่ท้องถิ่น
D085,T4,2568-สค-643,สถานะ,ข้อความ,ดำเนินการแล้วเสร็จ
D085,T4,2568-สค-643,หมายเหตุ,ข้อความ,
D085,T4,2568-สธ-143,รหัสกิจกรรม,ข้อความ,2568-สธ-143
D085,T4,2568-สธ-143,ชื่อกิจกรรม,ข้อความ,โครงการสำรวจข้อมูลการจัดการน้ำเสียชุมชน
D085,T4,2568-สธ-143,หน่วยงานรับผิดชอบ,ข้อความ,สำนักงานเขตหนองแขม
D085,T4,2568-สธ-143,งบจัดสรร,เงินบาท,742000
D085,T4,2568-สธ-143,เบิกจ่าย,เงินบาท,473000
D085,T4,2568-สธ-143,จำนวนผู้เข้าร่วม,จำนวนนับ,228
D085,T4,2568-สธ-143,กลุ่มเป้าหมาย,รายการ,ประชาชนทั่วไป|เกษตรกรผู้เลี้ยงโคเนื้อ|ผู้ค้าในตลาดสด
D085,T4,2568-สธ-143,สถานะ,ข้อความ,ดำเนินการแล้วเสร็จ
D085,T4,2568-สธ-143,หมายเหตุ,ข้อความ,
D086,T4,2567-สค-437,รหัสกิจกรรม,ข้อความ,2567-สค-437
D086,T4,2567-สค-437,ชื่อกิจกรรม,ข้อความ,โครงการอบรมเชิงปฏิบัติการการจัดการน้ำเสียชุมชน
D086,T4,2567-สค-437,หน่วยงานรับผิดชอบ,ข้อความ,สสจ.น่าน
D086,T4,2567-สค-437,งบจัดสรร,เงินบาท,708000
D086,T4,2567-สค-437,เบิกจ่าย,เงินบาท,654500
D086,T4,2567-สค-437,จำนวนผู้เข้าร่วม,จำนวนนับ,226
D086,T4,2567-สค-437,กลุ่มเป้าหมาย,รายการ,ผู้ว่างงาน|กลุ่มเปราะบางและผู้ด้อยโอกาส|เด็กและเยาวชน
D086,T4,2567-สค-437,สถานะ,ข้อความ,ดำเนินการแล้วเสร็จ
D086,T4,2567-สค-437,หมายเหตุ,ข้อความ,
D086,T4,2567-พช-432,รหัสกิจกรรม,ข้อความ,2567-พช-432
D086,T4,2567-พช-432,ชื่อกิจกรรม,ข้อความ,กิจกรรมประชาสัมพันธ์อาสาสมัครสาธารณสุขประจำหมู่บ้าน
D086,T4,2567-พช-432,หน่วยงานรับผิดชอบ,ข้อความ,สำนักงานสาธารณสุขจังหวัดน่าน
D086,T4,2567-พช-432,งบจัดสรร,เงินบาท,98500
D086,T4,2567-พช-432,เบิกจ่าย,เงินบาท,82000
D086,T4,2567-พช-432,จำนวนผู้เข้าร่วม,จำนวนนับ,125
D086,T4,2567-พช-432,กลุ่มเป้าหมาย,รายการ,ผู้พิการและผู้ดูแล|ผู้นำศาสนา|แรงงานนอกระบบ|ผู้ค้าในตลาดสด
D086,T4,2567-พช-432,สถานะ,ข้อความ,ดำเนินการแล้วเสร็จ
D086,T4,2567-พช-432,หมายเหตุ,ข้อความ,
D086,T4,2567-พช-371,รหัสกิจกรรม,ข้อความ,2567-พช-371
D086,T4,2567-พช-371,ชื่อกิจกรรม,ข้อความ,กิจกรรมตรวจเยี่ยมกลุ่มวิสาหกิจชุมชน
D086,T4,2567-พช-371,หน่วยงานรับผิดชอบ,ข้อความ,สำนักงานสาธารณสุขจังหวัดน่าน
D086,T4,2567-พช-371,งบจัดสรร,เงินบาท,801500
D086,T4,2567-พช-371,เบิกจ่าย,เงินบาท,717000
D086,T4,2567-พช-371,จำนวนผู้เข้าร่วม,จำนวนนับ,91
D086,T4,2567-พช-371,กลุ่มเป้าหมาย,รายการ,ผู้ต้องขัง|ผู้ว่างงาน
D086,T4,2567-พช-371,สถานะ,ข้อความ,ดำเนินการแล้วเสร็จ
D086,T4,2567-พช-371,หมายเหตุ,ข้อความ,
D086,T4,2567-ศษ-641,รหัสกิจกรรม,ข้อความ,2567-ศษ-641
D086,T4,2567-ศษ-641,ชื่อกิจกรรม,ข้อความ,กิจกรรมจัดประชุมการท่องเที่ยวโดยชุมชน
D086,T4,2567-ศษ-641,หน่วยงานรับผิดชอบ,ข้อความ,สำนักงานสาธารณสุขจังหวัดน่าน
D086,T4,2567-ศษ-641,งบจัดสรร,เงินบาท,109000
D086,T4,2567-ศษ-641,เบิกจ่าย,เงินบาท,102500
D086,T4,2567-ศษ-641,จำนวนผู้เข้าร่วม,จำนวนนับ,121
D086,T4,2567-ศษ-641,กลุ่มเป้าหมาย,รายการ,เกษตรกรผู้เลี้ยงโคเนื้อ
D086,T4,2567-ศษ-641,สถานะ,ข้อความ,ดำเนินการแล้วเสร็จ
D086,T4,2567-ศษ-641,หมายเหตุ,ข้อความ,
D086,T4,2567-สค-883,รหัสกิจกรรม,ข้อความ,2567-สค-883
D086,T4,2567-สค-883,ชื่อกิจกรรม,ข้อความ,กิจกรรมอบรมเชิงปฏิบัติการคุณภาพชีวิตผู้สูงอายุ
D086,T4,2567-สค-883,หน่วยงานรับผิดชอบ,ข้อความ,สสจ.น่าน
D086,T4,2567-สค-883,งบจัดสรร,เงินบาท,33500
D086,T4,2567-สค-883,เบิกจ่าย,เงินบาท,18500
D086,T4,2567-สค-883,จำนวนผู้เข้าร่วม,จำนวนนับ,31
D086,T4,2567-สค-883,กลุ่มเป้าหมาย,รายการ,ผู้พิการและผู้ดูแล
D086,T4,2567-สค-883,สถานะ,ข้อความ,ดำเนินการแล้วเสร็จ
D086,T4,2567-สค-883,หมายเหตุ,ข้อความ,
D086,T4,2567-พช-337,รหัสกิจกรรม,ข้อความ,2567-พช-337
D086,T4,2567-พช-337,ชื่อกิจกรรม,ข้อความ,กิจกรรมสำรวจข้อมูลศูนย์พัฒนาเด็กเล็ก
D086,T4,2567-พช-337,หน่วยงานรับผิดชอบ,ข้อความ,สำนักงานสาธารณสุขจังหวัดน่าน
D086,T4,2567-พช-337,งบจัดสรร,เงินบาท,815500
D086,T4,2567-พช-337,เบิกจ่าย,เงินบาท,655500
D086,T4,2567-พช-337,จำนวนผู้เข้าร่วม,จำนวนนับ,82
D086,T4,2567-พช-337,กลุ่มเป้าหมาย,รายการ,ผู้นำชุมชนและปราชญ์ชาวบ้าน|สตรีและครอบครัว
D086,T4,2567-พช-337,สถานะ,ข้อความ,ดำเนินการแล้วเสร็จ
D086,T4,2567-พช-337,หมายเหตุ,ข้อความ,
D087,T4,2568-พช-859,รหัสกิจกรรม,ข้อความ,2568-พช-859
D087,T4,2568-พช-859,ชื่อกิจกรรม,ข้อความ,โครงการประชาสัมพันธ์การป้องกันโรคไข้เลือดออก
D087,T4,2568-พช-859,หน่วยงานรับผิดชอบ,ข้อความ,สำนักงานประมงจังหวัดระนอง
D087,T4,2568-พช-859,งบจัดสรร,เงินบาท,216500
D087,T4,2568-พช-859,เบิกจ่าย,เงินบาท,198000
D087,T4,2568-พช-859,จำนวนผู้เข้าร่วม,จำนวนนับ,218
D087,T4,2568-พช-859,กลุ่มเป้าหมาย,รายการ,เกษตรกรผู้เลี้ยงโคเนื้อ
D087,T4,2568-พช-859,สถานะ,ข้อความ,ดำเนินการแล้วเสร็จ
D087,T4,2568-พช-859,หมายเหตุ,ข้อความ,
D087,T4,2568-สค-524,รหัสกิจกรรม,ข้อความ,2568-สค-524
D087,T4,2568-สค-524,ชื่อกิจกรรม,ข้อความ,กิจกรรมอบรมเชิงปฏิบัติการการเกษตรปลอดภัย
D087,T4,2568-สค-524,หน่วยงานรับผิดชอบ,ข้อความ,สำนักงานประมงจังหวัดระนอง
D087,T4,2568-สค-524,งบจัดสรร,เงินบาท,240000
D087,T4,2568-สค-524,เบิกจ่าย,เงินบาท,212500
D087,T4,2568-สค-524,จำนวนผู้เข้าร่วม,จำนวนนับ,142
D087,T4,2568-สค-524,กลุ่มเป้าหมาย,รายการ,ผู้พิการและผู้ดูแล|ผู้นำชุมชนและปราชญ์ชาวบ้าน|แกนนำสุขภาพประจำครอบครัว
D087,T4,2568-สค-524,สถานะ,ข้อความ,ดำเนินการแล้วเสร็จ
D087,T4,2568-สค-524,หมายเหตุ,ข้อความ,
D087,T4,2568-สธ-916,รหัสกิจกรรม,ข้อความ,2568-สธ-916
D087,T4,2568-สธ-916,ชื่อกิจกรรม,ข้อความ,โครงการจัดเก็บข้อมูลอาสาสมัครสาธารณสุขประจำหมู่บ้าน
D087,T4,2568-สธ-916,หน่วยงานรับผิดชอบ,ข้อความ,สำนักงานประมงจังหวัดระนอง
D087,T4,2568-สธ-916,งบจัดสรร,เงินบาท,207000
D087,T4,2568-สธ-916,เบิกจ่าย,เงินบาท,189500
D087,T4,2568-สธ-916,จำนวนผู้เข้าร่วม,จำนวนนับ,184
D087,T4,2568-สธ-916,กลุ่มเป้าหมาย,รายการ,แรงงานนอกระบบ
D087,T4,2568-สธ-916,สถานะ,ข้อความ,ดำเนินการแล้วเสร็จ
D087,T4,2568-สธ-916,หมายเหตุ,ข้อความ,
D087,T4,2568-ศษ-404,รหัสกิจกรรม,ข้อความ,2568-ศษ-404
D087,T4,2568-ศษ-404,ชื่อกิจกรรม,ข้อความ,โครงการประชาสัมพันธ์แผนพัฒนาท้องถิ่นห้าปี
D087,T4,2568-ศษ-404,หน่วยงานรับผิดชอบ,ข้อความ,สำนักงานประมงจังหวัดระนอง
D087,T4,2568-ศษ-404,งบจัดสรร,เงินบาท,376500
D087,T4,2568-ศษ-404,เบิกจ่าย,เงินบาท,248000
D087,T4,2568-ศษ-404,จำนวนผู้เข้าร่วม,จำนวนนับ,246
D087,T4,2568-ศษ-404,กลุ่มเป้าหมาย,รายการ,เจ้าหน้าที่ท้องถิ่น|สตรีและครอบครัว
D087,T4,2568-ศษ-404,สถานะ,ข้อความ,ดำเนินการแล้วเสร็จ
D087,T4,2568-ศษ-404,หมายเหตุ,ข้อความ,
D087,T4,2568-สค-631,รหัสกิจกรรม,ข้อความ,2568-สค-631
D087,T4,2568-สค-631,ชื่อกิจกรรม,ข้อความ,โครงการบำรุงรักษาแผนพัฒนาท้องถิ่นห้าปี
D087,T4,2568-สค-631,หน่วยงานรับผิดชอบ,ข้อความ,สำนักงานประมงจังหวัดระนอง
D087,T4,2568-สค-631,งบจัดสรร,เงินบาท,248500
D087,T4,2568-สค-631,เบิกจ่าย,เงินบาท,149000
D087,T4,2568-สค-631,จำนวนผู้เข้าร่วม,จำนวนนับ,217
D087,T4,2568-สค-631,กลุ่มเป้าหมาย,รายการ,เกษตรกรผู้เลี้ยงโคเนื้อ|ผู้พิการและผู้ดูแล
D087,T4,2568-สค-631,สถานะ,ข้อความ,ดำเนินการแล้วเสร็จ
D087,T4,2568-สค-631,หมายเหตุ,ข้อความ,
D087,T4,2568-ศษ-244,รหัสกิจกรรม,ข้อความ,2568-ศษ-244
D087,T4,2568-ศษ-244,ชื่อกิจกรรม,ข้อความ,กิจกรรมสำรวจข้อมูลอาสาสมัครสาธารณสุขประจำหมู่บ้าน
D087,T4,2568-ศษ-244,หน่วยงานรับผิดชอบ,ข้อความ,สำนักงานประมงจังหวัดระนอง
D087,T4,2568-ศษ-244,งบจัดสรร,เงินบาท,739500
D087,T4,2568-ศษ-244,เบิกจ่าย,เงินบาท,566500
D087,T4,2568-ศษ-244,จำนวนผู้เข้าร่วม,จำนวนนับ,238
D087,T4,2568-ศษ-244,กลุ่มเป้าหมาย,รายการ,ผู้ป่วยติดเตียงและผู้ดูแลที่บ้าน
D087,T4,2568-ศษ-244,สถานะ,ข้อความ,ดำเนินการแล้วเสร็จ
D087,T4,2568-ศษ-244,หมายเหตุ,ข้อความ,
D088,T4,2567-ทถ-210,รหัสกิจกรรม,ข้อความ,2567-ทถ-210
D088,T4,2567-ทถ-210,ชื่อกิจกรรม,ข้อความ,กิจกรรมประชาสัมพันธ์การป้องกันโรคไข้เลือดออก
D088,T4,2567-ทถ-210,หน่วยงานรับผิดชอบ,ข้อความ,สำนักงานพัฒนาสังคมและความมั่นคงของมนุษย์จังหวัดสตูล
D088,T4,2567-ทถ-210,งบจัดสรร,เงินบาท,733500
D088,T4,2567-ทถ-210,เบิกจ่าย,เงินบาท,579000
D088,T4,2567-ทถ-210,จำนวนผู้เข้าร่วม,จำนวนนับ,64
D088,T4,2567-ทถ-210,กลุ่มเป้าหมาย,รายการ,ผู้ป่วยติดเตียงและผู้ดูแลที่บ้าน|ผู้นำชุมชนและปราชญ์ชาวบ้าน|ประชาชนทั่วไป
D088,T4,2567-ทถ-210,สถานะ,ข้อความ,ดำเนินการแล้วเสร็จ
D088,T4,2567-ทถ-210,หมายเหตุ,ข้อความ,
D088,T4,2567-กษ-847,รหัสกิจกรรม,ข้อความ,2567-กษ-847
D088,T4,2567-กษ-847,ชื่อกิจกรรม,ข้อความ,กิจกรรมตรวจเยี่ยมกลุ่มวิสาหกิจชุมชน
D088,T4,2567-กษ-847,หน่วยงานรับผิดชอบ,ข้อความ,พมจ.สตูล
D088,T4,2567-กษ-847,งบจัดสรร,เงินบาท,781500
D088,T4,2567-กษ-847,เบิกจ่าย,เงินบาท,598500
D088,T4,2567-กษ-847,จำนวนผู้เข้าร่วม,จำนวนนับ,232
D088,T4,2567-กษ-847,กลุ่มเป้าหมาย,รายการ,ผู้ค้าในตลาดสด|อาสาสมัครป้องกันภัยฝ่ายพลเรือน
D088,T4,2567-กษ-847,สถานะ,ข้อความ,ดำเนินการแล้วเสร็จ
D088,T4,2567-กษ-847,หมายเหตุ,ข้อความ,
D088,T4,2567-ทถ-733,รหัสกิจกรรม,ข้อความ,2567-ทถ-733
D088,T4,2567-ทถ-733,ชื่อกิจกรรม,ข้อความ,โครงการสำรวจข้อมูลคุณภาพชีวิตผู้สูงอายุ
D088,T4,2567-ทถ-733,หน่วยงานรับผิดชอบ,ข้อความ,พมจ.สตูล
D088,T4,2567-ทถ-733,งบจัดสรร,เงินบาท,166500
D088,T4,2567-ทถ-733,เบิกจ่าย,เงินบาท,94500
D088,T4,2567-ทถ-733,จำนวนผู้เข้าร่วม,จำนวนนับ,197
D088,T4,2567-ทถ-733,กลุ่มเป้าหมาย,รายการ,กลุ่มเปราะบางและผู้ด้อยโอกาส
D088,T4,2567-ทถ-733,สถานะ,ข้อความ,ดำเนินการแล้วเสร็จ
D088,T4,2567-ทถ-733,หมายเหตุ,ข้อความ,
D088,T4,2567-พช-844,รหัสกิจกรรม,ข้อความ,2567-พช-844
D088,T4,2567-พช-844,ชื่อกิจกรรม,ข้อความ,โครงการประชาสัมพันธ์ถนนสายหลักในเขตพื้นที่
D088,T4,2567-พช-844,หน่วยงานรับผิดชอบ,ข้อความ,สำนักงานพัฒนาสังคมและความมั่นคงของมนุษย์จังหวัดสตูล
D088,T4,2567-พช-844,งบจัดสรร,เงินบาท,395000
D088,T4,2567-พช-844,เบิกจ่าย,เงินบาท,272000
D088,T4,2567-พช-844,จำนวนผู้เข้าร่วม,จำนวนนับ,154
D088,T4,2567-พช-844,กลุ่มเป้าหมาย,รายการ,กลุ่มวิสาหกิจชุมชน
D088,T4,2567-พช-844,สถานะ,ข้อความ,ดำเนินการแล้วเสร็จ
D088,T4,2567-พช-844,หมายเหตุ,ข้อความ,
D088,T4,2567-สค-053,รหัสกิจกรรม,ข้อความ,2567-สค-053
D088,T4,2567-สค-053,ชื่อกิจกรรม,ข้อความ,โครงการจัดประชุมการเกษตรปลอดภัย
D088,T4,2567-สค-053,หน่วยงานรับผิดชอบ,ข้อความ,สำนักงานพัฒนาสังคมและความมั่นคงของมนุษย์จังหวัดสตูล
D088,T4,2567-สค-053,งบจัดสรร,เงินบาท,813500
D088,T4,2567-สค-053,เบิกจ่าย,เงินบาท,801500
D088,T4,2567-สค-053,จำนวนผู้เข้าร่วม,จำนวนนับ,233
D088,T4,2567-สค-053,กลุ่มเป้าหมาย,รายการ,ข้าราชการและเจ้าหน้าที่ของรัฐ
D088,T4,2567-สค-053,สถานะ,ข้อความ,ดำเนินการแล้วเสร็จ
D088,T4,2567-สค-053,หมายเหตุ,ข้อความ,
D088,T4,2567-สค-288,รหัสกิจกรรม,ข้อความ,2567-สค-288
D088,T4,2567-สค-288,ชื่อกิจกรรม,ข้อความ,โครงการอบรมเชิงปฏิบัติการอาสาสมัครสาธารณสุขประจำหมู่บ้าน
D088,T4,2567-สค-288,หน่วยงานรับผิดชอบ,ข้อความ,สำนักงานพัฒนาสังคมและความมั่นคงของมนุษย์จังหวัดสตูล
D088,T4,2567-สค-288,งบจัดสรร,เงินบาท,696000
D088,T4,2567-สค-288,เบิกจ่าย,เงินบาท,426000
D088,T4,2567-สค-288,จำนวนผู้เข้าร่วม,จำนวนนับ,70
D088,T4,2567-สค-288,กลุ่มเป้าหมาย,รายการ,ผู้นำชุมชนและปราชญ์ชาวบ้าน
D088,T4,2567-สค-288,สถานะ,ข้อความ,ดำเนินการแล้วเสร็จ
D088,T4,2567-สค-288,หมายเหตุ,ข้อความ,
D088,T4,2567-กษ-006,รหัสกิจกรรม,ข้อความ,2567-กษ-006
D088,T4,2567-กษ-006,ชื่อกิจกรรม,ข้อความ,กิจกรรมจัดเก็บข้อมูลการจัดการน้ำเสียชุมชน
D088,T4,2567-กษ-006,หน่วยงานรับผิดชอบ,ข้อความ,พมจ.สตูล
D088,T4,2567-กษ-006,งบจัดสรร,เงินบาท,757500
D088,T4,2567-กษ-006,เบิกจ่าย,เงินบาท,468500
D088,T4,2567-กษ-006,จำนวนผู้เข้าร่วม,จำนวนนับ,54
D088,T4,2567-กษ-006,กลุ่มเป้าหมาย,รายการ,ผู้ประสบภัยพิบัติ|ผู้นำชุมชนและปราชญ์ชาวบ้าน|แรงงานนอกระบบ
D088,T4,2567-กษ-006,สถานะ,ข้อความ,ดำเนินการแล้วเสร็จ
D088,T4,2567-กษ-006,หมายเหตุ,ข้อความ,
D089,T4,2568-ศษ-545,รหัสกิจกรรม,ข้อความ,2568-ศษ-545
D089,T4,2568-ศษ-545,ชื่อกิจกรรม,ข้อความ,โครงการตรวจเยี่ยมการบริหารจัดการขยะมูลฝอย
D089,T4,2568-ศษ-545,หน่วยงานรับผิดชอบ,ข้อความ,สำนักงานสาธารณสุขจังหวัดตราด
D089,T4,2568-ศษ-545,งบจัดสรร,เงินบาท,788000
D089,T4,2568-ศษ-545,เบิกจ่าย,เงินบาท,723000
D089,T4,2568-ศษ-545,จำนวนผู้เข้าร่วม,จำนวนนับ,173
D089,T4,2568-ศษ-545,กลุ่มเป้าหมาย,รายการ,อาสาสมัครป้องกันภัยฝ่ายพลเรือน|ผู้ประกอบการร้านอาหาร
D089,T4,2568-ศษ-545,สถานะ,ข้อความ,ดำเนินการแล้วเสร็จ
D089,T4,2568-ศษ-545,หมายเหตุ,ข้อความ,
D089,T4,2568-ศษ-275,รหัสกิจกรรม,ข้อความ,2568-ศษ-275
D089,T4,2568-ศษ-275,ชื่อกิจกรรม,ข้อความ,กิจกรรมจัดเก็บข้อมูลการเกษตรปลอดภัย
D089,T4,2568-ศษ-275,หน่วยงานรับผิดชอบ,ข้อความ,สสจ.ตราด
D089,T4,2568-ศษ-275,งบจัดสรร,เงินบาท,280500
D089,T4,2568-ศษ-275,เบิกจ่าย,เงินบาท,262000
D089,T4,2568-ศษ-275,จำนวนผู้เข้าร่วม,จำนวนนับ,237
D089,T4,2568-ศษ-275,กลุ่มเป้าหมาย,รายการ,ผู้พิการและผู้ดูแล
D089,T4,2568-ศษ-275,สถานะ,ข้อความ,ดำเนินการแล้วเสร็จ
D089,T4,2568-ศษ-275,หมายเหตุ,ข้อความ,
D089,T4,2568-สธ-513,รหัสกิจกรรม,ข้อความ,2568-สธ-513
D089,T4,2568-สธ-513,ชื่อกิจกรรม,ข้อความ,กิจกรรมจัดเก็บข้อมูลคุณภาพชีวิตผู้สูงอายุ
D089,T4,2568-สธ-513,หน่วยงานรับผิดชอบ,ข้อความ,สสจ.ตราด
D089,T4,2568-สธ-513,งบจัดสรร,เงินบาท,566000
D089,T4,2568-สธ-513,เบิกจ่าย,เงินบาท,540500
D089,T4,2568-สธ-513,จำนวนผู้เข้าร่วม,จำนวนนับ,185
D089,T4,2568-สธ-513,กลุ่มเป้าหมาย,รายการ,ผู้ดูแลศูนย์พัฒนาเด็กเล็ก|แรงงานนอกระบบ|ผู้ค้าในตลาดสด|ผู้ประกันตนตามมาตรา 40
D089,T4,2568-สธ-513,สถานะ,ข้อความ,ดำเนินการแล้วเสร็จ
D089,T4,2568-สธ-513,หมายเหตุ,ข้อความ,
D089,T4,2568-สธ-124,รหัสกิจกรรม,ข้อความ,2568-สธ-124
D089,T4,2568-สธ-124,ชื่อกิจกรรม,ข้อความ,โครงการสำรวจข้อมูลศูนย์พัฒนาเด็กเล็ก
D089,T4,2568-สธ-124,หน่วยงานรับผิดชอบ,ข้อความ,สสจ.ตราด
D089,T4,2568-สธ-124,งบจัดสรร,เงินบาท,693500
D089,T4,2568-สธ-124,เบิกจ่าย,เงินบาท,466000
D089,T4,2568-สธ-124,จำนวนผู้เข้าร่วม,จำนวนนับ,25
D089,T4,2568-สธ-124,กลุ่มเป้าหมาย,รายการ,ผู้พิการและผู้ดูแล|นักเรียนและนักศึกษา|ครัวเรือนยากจน
D089,T4,2568-สธ-124,สถานะ,ข้อความ,ดำเนินการแล้วเสร็จ
D089,T4,2568-สธ-124,หมายเหตุ,ข้อความ,
D089,T4,2568-ทถ-409,รหัสกิจกรรม,ข้อความ,2568-ทถ-409
D089,T4,2568-ทถ-409,ชื่อกิจกรรม,ข้อความ,กิจกรรมจัดเก็บข้อมูลกองทุนสวัสดิการชุมชน
D089,T4,2568-ทถ-409,หน่วยงานรับผิดชอบ,ข้อความ,สสจ.ตราด
D089,T4,2568-ทถ-409,งบจัดสรร,เงินบาท,342000
D089,T4,2568-ทถ-409,เบิกจ่าย,เงินบาท,328000
D089,T4,2568-ทถ-409,จำนวนผู้เข้าร่วม,จำนวนนับ,29
D089,T4,2568-ทถ-409,กลุ่มเป้าหมาย,รายการ,แรงงานนอกระบบ
D089,T4,2568-ทถ-409,สถานะ,ข้อความ,ดำเนินการแล้วเสร็จ
D089,T4,2568-ทถ-409,หมายเหตุ,ข้อความ,
D089,T4,2568-สธ-946,รหัสกิจกรรม,ข้อความ,2568-สธ-946
D089,T4,2568-สธ-946,ชื่อกิจกรรม,ข้อความ,กิจกรรมบำรุงรักษาคุณภาพชีวิตผู้สูงอายุ
D089,T4,2568-สธ-946,หน่วยงานรับผิดชอบ,ข้อความ,สำนักงานสาธารณสุขจังหวัดตราด
D089,T4,2568-สธ-946,งบจัดสรร,เงินบาท,192500
D089,T4,2568-สธ-946,เบิกจ่าย,เงินบาท,166000
D089,T4,2568-สธ-946,จำนวนผู้เข้าร่วม,จำนวนนับ,212
D089,T4,2568-สธ-946,กลุ่มเป้าหมาย,รายการ,ผู้ป่วยติดเตียงและผู้ดูแลที่บ้าน
D089,T4,2568-สธ-946,สถานะ,ข้อความ,ดำเนินการแล้วเสร็จ
D089,T4,2568-สธ-946,หมายเหตุ,ข้อความ,
D089,T4,2568-พช-152,รหัสกิจกรรม,ข้อความ,2568-พช-152
D089,T4,2568-พช-152,ชื่อกิจกรรม,ข้อความ,โครงการจัดประชุมเศรษฐกิจฐานราก
D089,T4,2568-พช-152,หน่วยงานรับผิดชอบ,ข้อความ,สำนักงานสาธารณสุขจังหวัดตราด
D089,T4,2568-พช-152,งบจัดสรร,เงินบาท,93000
D089,T4,2568-พช-152,เบิกจ่าย,เงินบาท,81500
D089,T4,2568-พช-152,จำนวนผู้เข้าร่วม,จำนวนนับ,146
D089,T4,2568-พช-152,กลุ่มเป้าหมาย,รายการ,กลุ่มออมทรัพย์เพื่อการผลิต
D089,T4,2568-พช-152,สถานะ,ข้อความ,ดำเนินการแล้วเสร็จ
D089,T4,2568-พช-152,หมายเหตุ,ข้อความ,
D090,T4,2568-กษ-470,รหัสกิจกรรม,ข้อความ,2568-กษ-470
D090,T4,2568-กษ-470,ชื่อกิจกรรม,ข้อความ,กิจกรรมจัดทำแผนการจัดการน้ำเสียชุมชน
D090,T4,2568-กษ-470,หน่วยงานรับผิดชอบ,ข้อความ,ปศอ.วังน้ำเขียว
D090,T4,2568-กษ-470,งบจัดสรร,เงินบาท,39500
D090,T4,2568-กษ-470,เบิกจ่าย,เงินบาท,38000
D090,T4,2568-กษ-470,จำนวนผู้เข้าร่วม,จำนวนนับ,121
D090,T4,2568-กษ-470,กลุ่มเป้าหมาย,รายการ,ประชาชนทั่วไป
D090,T4,2568-กษ-470,สถานะ,ข้อความ,ดำเนินการแล้วเสร็จ
D090,T4,2568-กษ-470,หมายเหตุ,ข้อความ,
D090,T4,2568-กษ-442,รหัสกิจกรรม,ข้อความ,2568-กษ-442
D090,T4,2568-กษ-442,ชื่อกิจกรรม,ข้อความ,กิจกรรมจัดเก็บข้อมูลกองทุนสวัสดิการชุมชน
D090,T4,2568-กษ-442,หน่วยงานรับผิดชอบ,ข้อความ,ปศอ.วังน้ำเขียว
D090,T4,2568-กษ-442,งบจัดสรร,เงินบาท,574000
D090,T4,2568-กษ-442,เบิกจ่าย,เงินบาท,523000
D090,T4,2568-กษ-442,จำนวนผู้เข้าร่วม,จำนวนนับ,183
D090,T4,2568-กษ-442,กลุ่มเป้าหมาย,รายการ,นักเรียนและนักศึกษา
D090,T4,2568-กษ-442,สถานะ,ข้อความ,ดำเนินการแล้วเสร็จ
D090,T4,2568-กษ-442,หมายเหตุ,ข้อความ,
D090,T4,2568-สค-023,รหัสกิจกรรม,ข้อความ,2568-สค-023
D090,T4,2568-สค-023,ชื่อกิจกรรม,ข้อความ,โครงการประชาสัมพันธ์กลุ่มวิสาหกิจชุมชน
D090,T4,2568-สค-023,หน่วยงานรับผิดชอบ,ข้อความ,ปศอ.วังน้ำเขียว
D090,T4,2568-สค-023,งบจัดสรร,เงินบาท,180000
D090,T4,2568-สค-023,เบิกจ่าย,เงินบาท,164500
D090,T4,2568-สค-023,จำนวนผู้เข้าร่วม,จำนวนนับ,114
D090,T4,2568-สค-023,กลุ่มเป้าหมาย,รายการ,ผู้นำชุมชนและปราชญ์ชาวบ้าน|สตรีและครอบครัว|ผู้ว่างงาน|นักท่องเที่ยว
D090,T4,2568-สค-023,สถานะ,ข้อความ,ดำเนินการแล้วเสร็จ
D090,T4,2568-สค-023,หมายเหตุ,ข้อความ,
D090,T4,2568-สค-824,รหัสกิจกรรม,ข้อความ,2568-สค-824
D090,T4,2568-สค-824,ชื่อกิจกรรม,ข้อความ,โครงการจัดทำแผนการเกษตรปลอดภัย
D090,T4,2568-สค-824,หน่วยงานรับผิดชอบ,ข้อความ,สำนักงานปศุสัตว์อำเภอวังน้ำเขียว
D090,T4,2568-สค-824,งบจัดสรร,เงินบาท,806500
D090,T4,2568-สค-824,เบิกจ่าย,เงินบาท,488000
D090,T4,2568-สค-824,จำนวนผู้เข้าร่วม,จำนวนนับ,29
D090,T4,2568-สค-824,กลุ่มเป้าหมาย,รายการ,ข้าราชการและเจ้าหน้าที่ของรัฐ|นักท่องเที่ยว|กลุ่มเปราะบางและผู้ด้อยโอกาส
D090,T4,2568-สค-824,สถานะ,ข้อความ,ดำเนินการแล้วเสร็จ
D090,T4,2568-สค-824,หมายเหตุ,ข้อความ,
D090,T4,2568-พช-548,รหัสกิจกรรม,ข้อความ,2568-พช-548
D090,T4,2568-พช-548,ชื่อกิจกรรม,ข้อความ,กิจกรรมอบรมเชิงปฏิบัติการการจัดการน้ำเสียชุมชน
D090,T4,2568-พช-548,หน่วยงานรับผิดชอบ,ข้อความ,สำนักงานปศุสัตว์อำเภอวังน้ำเขียว
D090,T4,2568-พช-548,งบจัดสรร,เงินบาท,825500
D090,T4,2568-พช-548,เบิกจ่าย,เงินบาท,792500
D090,T4,2568-พช-548,จำนวนผู้เข้าร่วม,จำนวนนับ,90
D090,T4,2568-พช-548,กลุ่มเป้าหมาย,รายการ,ข้าราชการและเจ้าหน้าที่ของรัฐ
D090,T4,2568-พช-548,สถานะ,ข้อความ,ดำเนินการแล้วเสร็จ
D090,T4,2568-พช-548,หมายเหตุ,ข้อความ,
D090,T4,2568-ศษ-450,รหัสกิจกรรม,ข้อความ,2568-ศษ-450
D090,T4,2568-ศษ-450,ชื่อกิจกรรม,ข้อความ,โครงการบำรุงรักษาการเกษตรปลอดภัย
D090,T4,2568-ศษ-450,หน่วยงานรับผิดชอบ,ข้อความ,ปศอ.วังน้ำเขียว
D090,T4,2568-ศษ-450,งบจัดสรร,เงินบาท,481500
D090,T4,2568-ศษ-450,เบิกจ่าย,เงินบาท,311500
D090,T4,2568-ศษ-450,จำนวนผู้เข้าร่วม,จำนวนนับ,98
D090,T4,2568-ศษ-450,กลุ่มเป้าหมาย,รายการ,ข้าราชการและเจ้าหน้าที่ของรัฐ|ครัวเรือนยากจน
D090,T4,2568-ศษ-450,สถานะ,ข้อความ,ดำเนินการแล้วเสร็จ
D090,T4,2568-ศษ-450,หมายเหตุ,ข้อความ,
D090,T4,2568-ทถ-516,รหัสกิจกรรม,ข้อความ,2568-ทถ-516
D090,T4,2568-ทถ-516,ชื่อกิจกรรม,ข้อความ,โครงการบำรุงรักษาระบบประปาหมู่บ้าน
D090,T4,2568-ทถ-516,หน่วยงานรับผิดชอบ,ข้อความ,ปศอ.วังน้ำเขียว
D090,T4,2568-ทถ-516,งบจัดสรร,เงินบาท,290000
D090,T4,2568-ทถ-516,เบิกจ่าย,เงินบาท,162500
D090,T4,2568-ทถ-516,จำนวนผู้เข้าร่วม,จำนวนนับ,86
D090,T4,2568-ทถ-516,กลุ่มเป้าหมาย,รายการ,เจ้าหน้าที่ท้องถิ่น|แกนนำสุขภาพประจำครอบครัว|ผู้ค้าในตลาดสด
D090,T4,2568-ทถ-516,สถานะ,ข้อความ,ดำเนินการแล้วเสร็จ
D090,T4,2568-ทถ-516,หมายเหตุ,ข้อความ,
D091,T4,2568-พช-380,รหัสกิจกรรม,ข้อความ,2568-พช-380
D091,T4,2568-พช-380,ชื่อกิจกรรม,ข้อความ,โครงการสำรวจข้อมูลเศรษฐกิจฐานราก
D091,T4,2568-พช-380,หน่วยงานรับผิดชอบ,ข้อความ,สสจ.น่าน
D091,T4,2568-พช-380,งบจัดสรร,เงินบาท,842500
D091,T4,2568-พช-380,เบิกจ่าย,เงินบาท,650000
D091,T4,2568-พช-380,จำนวนผู้เข้าร่วม,จำนวนนับ,111
D091,T4,2568-พช-380,กลุ่มเป้าหมาย,รายการ,นักท่องเที่ยว|เกษตรกรผู้เลี้ยงโคเนื้อ|ผู้ประสบภัยพิบัติ|อาสาสมัครสาธารณสุขประจำหมู่บ้าน
D091,T4,2568-พช-380,สถานะ,ข้อความ,ดำเนินการแล้วเสร็จ
D091,T4,2568-พช-380,หมายเหตุ,ข้อความ,
D091,T4,2568-ศษ-126,รหัสกิจกรรม,ข้อความ,2568-ศษ-126
D091,T4,2568-ศษ-126,ชื่อกิจกรรม,ข้อความ,โครงการตรวจเยี่ยมแผนพัฒนาท้องถิ่นห้าปี
D091,T4,2568-ศษ-126,หน่วยงานรับผิดชอบ,ข้อความ,สำนักงานสาธารณสุขจังหวัดน่าน
D091,T4,2568-ศษ-126,งบจัดสรร,เงินบาท,407500
D091,T4,2568-ศษ-126,เบิกจ่าย,เงินบาท,384500
D091,T4,2568-ศษ-126,จำนวนผู้เข้าร่วม,จำนวนนับ,157
D091,T4,2568-ศษ-126,กลุ่มเป้าหมาย,รายการ,ผู้ประกันตนตามมาตรา 40
D091,T4,2568-ศษ-126,สถานะ,ข้อความ,ดำเนินการแล้วเสร็จ
D091,T4,2568-ศษ-126,หมายเหตุ,ข้อความ,
D091,T4,2568-ทถ-581,รหัสกิจกรรม,ข้อความ,2568-ทถ-581
D091,T4,2568-ทถ-581,ชื่อกิจกรรม,ข้อความ,โครงการบำรุงรักษาการจัดการน้ำเสียชุมชน
D091,T4,2568-ทถ-581,หน่วยงานรับผิดชอบ,ข้อความ,สำนักงานสาธารณสุขจังหวัดน่าน
D091,T4,2568-ทถ-581,งบจัดสรร,เงินบาท,408500
D091,T4,2568-ทถ-581,เบิกจ่าย,เงินบาท,229000
D091,T4,2568-ทถ-581,จำนวนผู้เข้าร่วม,จำนวนนับ,178
D091,T4,2568-ทถ-581,กลุ่มเป้าหมาย,รายการ,แกนนำสุขภาพประจำครอบครัว|ครัวเรือนยากจน|ผู้ประกอบการร้านอาหาร
D091,T4,2568-ทถ-581,สถานะ,ข้อความ,ดำเนินการแล้วเสร็จ
D091,T4,2568-ทถ-581,หมายเหตุ,ข้อความ,
D091,T4,2568-ทถ-565,รหัสกิจกรรม,ข้อความ,2568-ทถ-565
D091,T4,2568-ทถ-565,ชื่อกิจกรรม,ข้อความ,โครงการบำรุงรักษาคุณภาพชีวิตผู้สูงอายุ
D091,T4,2568-ทถ-565,หน่วยงานรับผิดชอบ,ข้อความ,สำนักงานสาธารณสุขจังหวัดน่าน
D091,T4,2568-ทถ-565,งบจัดสรร,เงินบาท,619500
D091,T4,2568-ทถ-565,เบิกจ่าย,เงินบาท,399000
D091,T4,2568-ทถ-565,จำนวนผู้เข้าร่วม,จำนวนนับ,183
D091,T4,2568-ทถ-565,กลุ่มเป้าหมาย,รายการ,ครัวเรือนยากจน|แรงงานนอกระบบ|เกษตรกรและผู้ประกอบการรายย่อย|เด็กและเยาวชน
D091,T4,2568-ทถ-565,สถานะ,ข้อความ,ดำเนินการแล้วเสร็จ
D091,T4,2568-ทถ-565,หมายเหตุ,ข้อความ,
D091,T4,2568-พช-555,รหัสกิจกรรม,ข้อความ,2568-พช-555
D091,T4,2568-พช-555,ชื่อกิจกรรม,ข้อความ,กิจกรรมอบรมเชิงปฏิบัติการการจัดการน้ำเสียชุมชน
D091,T4,2568-พช-555,หน่วยงานรับผิดชอบ,ข้อความ,สำนักงานสาธารณสุขจังหวัดน่าน
D091,T4,2568-พช-555,งบจัดสรร,เงินบาท,229000
D091,T4,2568-พช-555,เบิกจ่าย,เงินบาท,209500
D091,T4,2568-พช-555,จำนวนผู้เข้าร่วม,จำนวนนับ,75
D091,T4,2568-พช-555,กลุ่มเป้าหมาย,รายการ,ข้าราชการและเจ้าหน้าที่ของรัฐ|ผู้ป่วยติดเตียงและผู้ดูแลที่บ้าน|ผู้นำชุมชนและปราชญ์ชาวบ้าน|กลุ่มวิสาหกิจชุมชน
D091,T4,2568-พช-555,สถานะ,ข้อความ,ดำเนินการแล้วเสร็จ
D091,T4,2568-พช-555,หมายเหตุ,ข้อความ,
D091,T4,2568-ทถ-815,รหัสกิจกรรม,ข้อความ,2568-ทถ-815
D091,T4,2568-ทถ-815,ชื่อกิจกรรม,ข้อความ,กิจกรรมอบรมเชิงปฏิบัติการกลุ่มวิสาหกิจชุมชน
D091,T4,2568-ทถ-815,หน่วยงานรับผิดชอบ,ข้อความ,สสจ.น่าน
D091,T4,2568-ทถ-815,งบจัดสรร,เงินบาท,150000
D091,T4,2568-ทถ-815,เบิกจ่าย,เงินบาท,131500
D091,T4,2568-ทถ-815,จำนวนผู้เข้าร่วม,จำนวนนับ,248
D091,T4,2568-ทถ-815,กลุ่มเป้าหมาย,รายการ,กลุ่มเปราะบางและผู้ด้อยโอกาส
D091,T4,2568-ทถ-815,สถานะ,ข้อความ,ดำเนินการแล้วเสร็จ
D091,T4,2568-ทถ-815,หมายเหตุ,ข้อความ,
D092,T4,2567-ทถ-505,รหัสกิจกรรม,ข้อความ,2567-ทถ-505
D092,T4,2567-ทถ-505,ชื่อกิจกรรม,ข้อความ,โครงการบำรุงรักษาการบริหารจัดการขยะมูลฝอย
D092,T4,2567-ทถ-505,หน่วยงานรับผิดชอบ,ข้อความ,เทศบาลเมืองลำพูน
D092,T4,2567-ทถ-505,งบจัดสรร,เงินบาท,36500
D092,T4,2567-ทถ-505,เบิกจ่าย,เงินบาท,32000
D092,T4,2567-ทถ-505,จำนวนผู้เข้าร่วม,จำนวนนับ,179
D092,T4,2567-ทถ-505,กลุ่มเป้าหมาย,รายการ,แกนนำสุขภาพประจำครอบครัว|ผู้ปกครองเด็กก่อนวัยเรียน
D092,T4,2567-ทถ-505,สถานะ,ข้อความ,ดำเนินการแล้วเสร็จ
D092,T4,2567-ทถ-505,หมายเหตุ,ข้อความ,
D092,T4,2567-ศษ-692,รหัสกิจกรรม,ข้อความ,2567-ศษ-692
D092,T4,2567-ศษ-692,ชื่อกิจกรรม,ข้อความ,กิจกรรมประชาสัมพันธ์คุณภาพชีวิตผู้สูงอายุ
D092,T4,2567-ศษ-692,หน่วยงานรับผิดชอบ,ข้อความ,เทศบาลเมืองลำพูน
D092,T4,2567-ศษ-692,งบจัดสรร,เงินบาท,787000
D092,T4,2567-ศษ-692,เบิกจ่าย,เงินบาท,662000
D092,T4,2567-ศษ-692,จำนวนผู้เข้าร่วม,จำนวนนับ,120
D092,T4,2567-ศษ-692,กลุ่มเป้าหมาย,รายการ,ผู้พิการและผู้ดูแล|กลุ่มออมทรัพย์เพื่อการผลิต|แกนนำสุขภาพประจำครอบครัว
D092,T4,2567-ศษ-692,สถานะ,ข้อความ,ดำเนินการแล้วเสร็จ
D092,T4,2567-ศษ-692,หมายเหตุ,ข้อความ,
D092,T4,2567-ศษ-196,รหัสกิจกรรม,ข้อความ,2567-ศษ-196
D092,T4,2567-ศษ-196,ชื่อกิจกรรม,ข้อความ,กิจกรรมตรวจเยี่ยมการบริหารจัดการขยะมูลฝอย
D092,T4,2567-ศษ-196,หน่วยงานรับผิดชอบ,ข้อความ,เทศบาลเมืองลำพูน
D092,T4,2567-ศษ-196,งบจัดสรร,เงินบาท,404000
D092,T4,2567-ศษ-196,เบิกจ่าย,เงินบาท,324000
D092,T4,2567-ศษ-196,จำนวนผู้เข้าร่วม,จำนวนนับ,68
D092,T4,2567-ศษ-196,กลุ่มเป้าหมาย,รายการ,นักเรียนและนักศึกษา
D092,T4,2567-ศษ-196,สถานะ,ข้อความ,ดำเนินการแล้วเสร็จ
D092,T4,2567-ศษ-196,หมายเหตุ,ข้อความ,
D092,T4,2567-ศษ-645,รหัสกิจกรรม,ข้อความ,2567-ศษ-645
D092,T4,2567-ศษ-645,ชื่อกิจกรรม,ข้อความ,กิจกรรมสำรวจข้อมูลแผนพัฒนาท้องถิ่นห้าปี
D092,T4,2567-ศษ-645,หน่วยงานรับผิดชอบ,ข้อความ,เทศบาลเมืองลำพูน
D092,T4,2567-ศษ-645,งบจัดสรร,เงินบาท,89500
D092,T4,2567-ศษ-645,เบิกจ่าย,เงินบาท,56500
D092,T4,2567-ศษ-645,จำนวนผู้เข้าร่วม,จำนวนนับ,75
D092,T4,2567-ศษ-645,กลุ่มเป้าหมาย,รายการ,ผู้ต้องขัง|แกนนำสุขภาพประจำครอบครัว|อาสาสมัครป้องกันภัยฝ่ายพลเรือน
D092,T4,2567-ศษ-645,สถานะ,ข้อความ,ดำเนินการแล้วเสร็จ
D092,T4,2567-ศษ-645,หมายเหตุ,ข้อความ,
D092,T4,2567-กษ-005,รหัสกิจกรรม,ข้อความ,2567-กษ-005
D092,T4,2567-กษ-005,ชื่อกิจกรรม,ข้อความ,กิจกรรมสำรวจข้อมูลการท่องเที่ยวโดยชุมชน
D092,T4,2567-กษ-005,หน่วยงานรับผิดชอบ,ข้อความ,ทม.ลำพูน
D092,T4,2567-กษ-005,งบจัดสรร,เงินบาท,188500
D092,T4,2567-กษ-005,เบิกจ่าย,เงินบาท,112000
D092,T4,2567-กษ-005,จำนวนผู้เข้าร่วม,จำนวนนับ,85
D092,T4,2567-กษ-005,กลุ่มเป้าหมาย,รายการ,เจ้าหน้าที่ท้องถิ่น|นักเรียนและนักศึกษา|เด็กและเยาวชน|ผู้ต้องขัง
D092,T4,2567-กษ-005,สถานะ,ข้อความ,ดำเนินการแล้วเสร็จ
D092,T4,2567-กษ-005,หมายเหตุ,ข้อความ,
D092,T4,2567-กษ-326,รหัสกิจกรรม,ข้อความ,2567-กษ-326
D092,T4,2567-กษ-326,ชื่อกิจกรรม,ข้อความ,กิจกรรมตรวจเยี่ยมระบบประปาหมู่บ้าน
D092,T4,2567-กษ-326,หน่วยงานรับผิดชอบ,ข้อความ,ทม.ลำพูน
D092,T4,2567-กษ-326,งบจัดสรร,เงินบาท,696000
D092,T4,2567-กษ-326,เบิกจ่าย,เงินบาท,479500
D092,T4,2567-กษ-326,จำนวนผู้เข้าร่วม,จำนวนนับ,86
D092,T4,2567-กษ-326,กลุ่มเป้าหมาย,รายการ,เจ้าหน้าที่ท้องถิ่น
D092,T4,2567-กษ-326,สถานะ,ข้อความ,ดำเนินการแล้วเสร็จ
D092,T4,2567-กษ-326,หมายเหตุ,ข้อความ,
D092,T4,2567-ทถ-462,รหัสกิจกรรม,ข้อความ,2567-ทถ-462
D092,T4,2567-ทถ-462,ชื่อกิจกรรม,ข้อความ,โครงการจัดประชุมกองทุนสวัสดิการชุมชน
D092,T4,2567-ทถ-462,หน่วยงานรับผิดชอบ,ข้อความ,เทศบาลเมืองลำพูน
D092,T4,2567-ทถ-462,งบจัดสรร,เงินบาท,352000
D092,T4,2567-ทถ-462,เบิกจ่าย,เงินบาท,243000
D092,T4,2567-ทถ-462,จำนวนผู้เข้าร่วม,จำนวนนับ,127
D092,T4,2567-ทถ-462,กลุ่มเป้าหมาย,รายการ,อาสาสมัครป้องกันภัยฝ่ายพลเรือน
D092,T4,2567-ทถ-462,สถานะ,ข้อความ,ดำเนินการแล้วเสร็จ
D092,T4,2567-ทถ-462,หมายเหตุ,ข้อความ,
D093,T4,2567-กษ-762,รหัสกิจกรรม,ข้อความ,2567-กษ-762
D093,T4,2567-กษ-762,ชื่อกิจกรรม,ข้อความ,กิจกรรมจัดประชุมการป้องกันโรคไข้เลือดออก
D093,T4,2567-กษ-762,หน่วยงานรับผิดชอบ,ข้อความ,รพ.สต.คลองสี่
D093,T4,2567-กษ-762,งบจัดสรร,เงินบาท,530000
D093,T4,2567-กษ-762,เบิกจ่าย,เงินบาท,430000
D093,T4,2567-กษ-762,จำนวนผู้เข้าร่วม,จำนวนนับ,66
D093,T4,2567-กษ-762,กลุ่มเป้าหมาย,รายการ,อาสาสมัครป้องกันภัยฝ่ายพลเรือน|ผู้ว่างงาน
D093,T4,2567-กษ-762,สถานะ,ข้อความ,ดำเนินการแล้วเสร็จ
D093,T4,2567-กษ-762,หมายเหตุ,ข้อความ,
D093,T4,2567-สค-280,รหัสกิจกรรม,ข้อความ,2567-สค-280
D093,T4,2567-สค-280,ชื่อกิจกรรม,ข้อความ,กิจกรรมตรวจเยี่ยมการจัดการน้ำเสียชุมชน
D093,T4,2567-สค-280,หน่วยงานรับผิดชอบ,ข้อความ,โรงพยาบาลส่งเสริมสุขภาพตำบลคลองสี่
D093,T4,2567-สค-280,งบจัดสรร,เงินบาท,521000
D093,T4,2567-สค-280,เบิกจ่าย,เงินบาท,470500
D093,T4,2567-สค-280,จำนวนผู้เข้าร่วม,จำนวนนับ,160
D093,T4,2567-สค-280,กลุ่มเป้าหมาย,รายการ,เด็กและเยาวชน
D093,T4,2567-สค-280,สถานะ,ข้อความ,ดำเนินการแล้วเสร็จ
D093,T4,2567-สค-280,หมายเหตุ,ข้อความ,
D093,T4,2567-พช-555,รหัสกิจกรรม,ข้อความ,2567-พช-555
D093,T4,2567-พช-555,ชื่อกิจกรรม,ข้อความ,โครงการจัดประชุมแผนพัฒนาท้องถิ่นห้าปี
D093,T4,2567-พช-555,หน่วยงานรับผิดชอบ,ข้อความ,โรงพยาบาลส่งเสริมสุขภาพตำบลคลองสี่
D093,T4,2567-พช-555,งบจัดสรร,เงินบาท,841000
D093,T4,2567-พช-555,เบิกจ่าย,เงินบาท,491000
D093,T4,2567-พช-555,จำนวนผู้เข้าร่วม,จำนวนนับ,178
D093,T4,2567-พช-555,กลุ่มเป้าหมาย,รายการ,ผู้ต้องขัง|ผู้พิการและผู้ดูแล
D093,T4,2567-พช-555,สถานะ,ข้อความ,ดำเนินการแล้วเสร็จ
D093,T4,2567-พช-555,หมายเหตุ,ข้อความ,
D093,T4,2567-สค-923,รหัสกิจกรรม,ข้อความ,2567-สค-923
D093,T4,2567-สค-923,ชื่อกิจกรรม,ข้อความ,กิจกรรมตรวจเยี่ยมแผนพัฒนาท้องถิ่นห้าปี
D093,T4,2567-สค-923,หน่วยงานรับผิดชอบ,ข้อความ,โรงพยาบาลส่งเสริมสุขภาพตำบลคลองสี่
D093,T4,2567-สค-923,งบจัดสรร,เงินบาท,117000
D093,T4,2567-สค-923,เบิกจ่าย,เงินบาท,74500
D093,T4,2567-สค-923,จำนวนผู้เข้าร่วม,จำนวนนับ,190
D093,T4,2567-สค-923,กลุ่มเป้าหมาย,รายการ,นักเรียนและนักศึกษา|ผู้ประสบภัยพิบัติ|ผู้ค้าในตลาดสด
D093,T4,2567-สค-923,สถานะ,ข้อความ,ดำเนินการแล้วเสร็จ
D093,T4,2567-สค-923,หมายเหตุ,ข้อความ,
D093,T4,2567-ศษ-351,รหัสกิจกรรม,ข้อความ,2567-ศษ-351
D093,T4,2567-ศษ-351,ชื่อกิจกรรม,ข้อความ,โครงการตรวจเยี่ยมระบบประปาหมู่บ้าน
D093,T4,2567-ศษ-351,หน่วยงานรับผิดชอบ,ข้อความ,รพ.สต.คลองสี่
D093,T4,2567-ศษ-351,งบจัดสรร,เงินบาท,472500
D093,T4,2567-ศษ-351,เบิกจ่าย,เงินบาท,446500
D093,T4,2567-ศษ-351,จำนวนผู้เข้าร่วม,จำนวนนับ,241
D093,T4,2567-ศษ-351,กลุ่มเป้าหมาย,รายการ,ผู้ประสบภัยพิบัติ|กลุ่มวิสาหกิจชุมชน|แรงงานนอกระบบ|ผู้นำศาสนา
D093,T4,2567-ศษ-351,สถานะ,ข้อความ,ดำเนินการแล้วเสร็จ
D093,T4,2567-ศษ-351,หมายเหตุ,ข้อความ,
D093,T4,2567-กษ-536,รหัสกิจกรรม,ข้อความ,2567-กษ-536
D093,T4,2567-กษ-536,ชื่อกิจกรรม,ข้อความ,กิจกรรมตรวจเยี่ยมการป้องกันโรคไข้เลือดออก
D093,T4,2567-กษ-536,หน่วยงานรับผิดชอบ,ข้อความ,โรงพยาบาลส่งเสริมสุขภาพตำบลคลองสี่
D093,T4,2567-กษ-536,งบจัดสรร,เงินบาท,150500
D093,T4,2567-กษ-536,เบิกจ่าย,เงินบาท,95500
D093,T4,2567-กษ-536,จำนวนผู้เข้าร่วม,จำนวนนับ,213
D093,T4,2567-กษ-536,กลุ่มเป้าหมาย,รายการ,ผู้ดูแลศูนย์พัฒนาเด็กเล็ก|ผู้ประกอบการร้านอาหาร|สตรีและครอบครัว
D093,T4,2567-กษ-536,สถานะ,ข้อความ,ดำเนินการแล้วเสร็จ
D093,T4,2567-กษ-536,หมายเหตุ,ข้อความ,
D093,T4,2567-สค-342,รหัสกิจกรรม,ข้อความ,2567-สค-342
D093,T4,2567-สค-342,ชื่อกิจกรรม,ข้อความ,โครงการจัดเก็บข้อมูลเศรษฐกิจฐานราก
D093,T4,2567-สค-342,หน่วยงานรับผิดชอบ,ข้อความ,รพ.สต.คลองสี่
D093,T4,2567-สค-342,งบจัดสรร,เงินบาท,720000
D093,T4,2567-สค-342,เบิกจ่าย,เงินบาท,538500
D093,T4,2567-สค-342,จำนวนผู้เข้าร่วม,จำนวนนับ,199
D093,T4,2567-สค-342,กลุ่มเป้าหมาย,รายการ,ผู้ดูแลศูนย์พัฒนาเด็กเล็ก
D093,T4,2567-สค-342,สถานะ,ข้อความ,ดำเนินการแล้วเสร็จ
D093,T4,2567-สค-342,หมายเหตุ,ข้อความ,
D094,T4,2568-ทถ-943,รหัสกิจกรรม,ข้อความ,2568-ทถ-943
D094,T4,2568-ทถ-943,ชื่อกิจกรรม,ข้อความ,กิจกรรมจัดประชุมการจัดการน้ำเสียชุมชน
D094,T4,2568-ทถ-943,หน่วยงานรับผิดชอบ,ข้อความ,สำนักงานสาธารณสุขจังหวัดตราด
D094,T4,2568-ทถ-943,งบจัดสรร,เงินบาท,360500
D094,T4,2568-ทถ-943,เบิกจ่าย,เงินบาท,275000
D094,T4,2568-ทถ-943,จำนวนผู้เข้าร่วม,จำนวนนับ,82
D094,T4,2568-ทถ-943,กลุ่มเป้าหมาย,รายการ,เกษตรกรผู้เลี้ยงโคเนื้อ
D094,T4,2568-ทถ-943,สถานะ,ข้อความ,ดำเนินการแล้วเสร็จ
D094,T4,2568-ทถ-943,หมายเหตุ,ข้อความ,
D094,T4,2568-สธ-870,รหัสกิจกรรม,ข้อความ,2568-สธ-870
D094,T4,2568-สธ-870,ชื่อกิจกรรม,ข้อความ,โครงการประชาสัมพันธ์การเกษตรปลอดภัย
D094,T4,2568-สธ-870,หน่วยงานรับผิดชอบ,ข้อความ,สสจ.ตราด
D094,T4,2568-สธ-870,งบจัดสรร,เงินบาท,159500
D094,T4,2568-สธ-870,เบิกจ่าย,เงินบาท,157000
D094,T4,2568-สธ-870,จำนวนผู้เข้าร่วม,จำนวนนับ,224
D094,T4,2568-สธ-870,กลุ่มเป้าหมาย,รายการ,ผู้ค้าในตลาดสด|เกษตรกรผู้เลี้ยงโคเนื้อ|ผู้ต้องขัง
D094,T4,2568-สธ-870,สถานะ,ข้อความ,ดำเนินการแล้วเสร็จ
D094,T4,2568-สธ-870,หมายเหตุ,ข้อความ,
D094,T4,2568-พช-691,รหัสกิจกรรม,ข้อความ,2568-พช-691
D094,T4,2568-พช-691,ชื่อกิจกรรม,ข้อความ,กิจกรรมประชาสัมพันธ์การท่องเที่ยวโดยชุมชน
D094,T4,2568-พช-691,หน่วยงานรับผิดชอบ,ข้อความ,สสจ.ตราด
D094,T4,2568-พช-691,งบจัดสรร,เงินบาท,200500
D094,T4,2568-พช-691,เบิกจ่าย,เงินบาท,167500
D094,T4,2568-พช-691,จำนวนผู้เข้าร่วม,จำนวนนับ,32
D094,T4,2568-พช-691,กลุ่มเป้าหมาย,รายการ,นักเรียนและนักศึกษา
D094,T4,2568-พช-691,สถานะ,ข้อความ,ดำเนินการแล้วเสร็จ
D094,T4,2568-พช-691,หมายเหตุ,ข้อความ,
D094,T4,2568-ทถ-508,รหัสกิจกรรม,ข้อความ,2568-ทถ-508
D094,T4,2568-ทถ-508,ชื่อกิจกรรม,ข้อความ,กิจกรรมจัดเก็บข้อมูลการบริหารจัดการขยะมูลฝอย
D094,T4,2568-ทถ-508,หน่วยงานรับผิดชอบ,ข้อความ,สำนักงานสาธารณสุขจังหวัดตราด
D094,T4,2568-ทถ-508,งบจัดสรร,เงินบาท,144500
D094,T4,2568-ทถ-508,เบิกจ่าย,เงินบาท,113000
D094,T4,2568-ทถ-508,จำนวนผู้เข้าร่วม,จำนวนนับ,175
D094,T4,2568-ทถ-508,กลุ่มเป้าหมาย,รายการ,ผู้ป่วยติดเตียงและผู้ดูแลที่บ้าน
D094,T4,2568-ทถ-508,สถานะ,ข้อความ,ดำเนินการแล้วเสร็จ
D094,T4,2568-ทถ-508,หมายเหตุ,ข้อความ,
D094,T4,2568-ศษ-197,รหัสกิจกรรม,ข้อความ,2568-ศษ-197
D094,T4,2568-ศษ-197,ชื่อกิจกรรม,ข้อความ,กิจกรรมประชาสัมพันธ์ศูนย์พัฒนาเด็กเล็ก
D094,T4,2568-ศษ-197,หน่วยงานรับผิดชอบ,ข้อความ,สำนักงานสาธารณสุขจังหวัดตราด
D094,T4,2568-ศษ-197,งบจัดสรร,เงินบาท,455500
D094,T4,2568-ศษ-197,เบิกจ่าย,เงินบาท,349000
D094,T4,2568-ศษ-197,จำนวนผู้เข้าร่วม,จำนวนนับ,139
D094,T4,2568-ศษ-197,กลุ่มเป้าหมาย,รายการ,ครัวเรือนยากจน|อาสาสมัครสาธารณสุขประจำหมู่บ้าน|เกษตรกรผู้เลี้ยงโคเนื้อ|ผู้ดูแลศูนย์พัฒนาเด็กเล็ก
D094,T4,2568-ศษ-197,สถานะ,ข้อความ,ดำเนินการแล้วเสร็จ
D094,T4,2568-ศษ-197,หมายเหตุ,ข้อความ,
D094,T4,2568-กษ-464,รหัสกิจกรรม,ข้อความ,2568-กษ-464
D094,T4,2568-กษ-464,ชื่อกิจกรรม,ข้อความ,กิจกรรมประชาสัมพันธ์การจัดการน้ำเสียชุมชน
D094,T4,2568-กษ-464,หน่วยงานรับผิดชอบ,ข้อความ,สสจ.ตราด
D094,T4,2568-กษ-464,งบจัดสรร,เงินบาท,325000
D094,T4,2568-กษ-464,เบิกจ่าย,เงินบาท,198500
D094,T4,2568-กษ-464,จำนวนผู้เข้าร่วม,จำนวนนับ,229
D094,T4,2568-กษ-464,กลุ่มเป้าหมาย,รายการ,ผู้ปกครองเด็กก่อนวัยเรียน|ผู้ค้าในตลาดสด|เด็กและเยาวชน|ผู้ประสบภัยพิบัติ
D094,T4,2568-กษ-464,สถานะ,ข้อความ,ดำเนินการแล้วเสร็จ
D094,T4,2568-กษ-464,หมายเหตุ,ข้อความ,
D094,T4,2568-พช-411,รหัสกิจกรรม,ข้อความ,2568-พช-411
D094,T4,2568-พช-411,ชื่อกิจกรรม,ข้อความ,โครงการบำรุงรักษาเศรษฐกิจฐานราก
D094,T4,2568-พช-411,หน่วยงานรับผิดชอบ,ข้อความ,สำนักงานสาธารณสุขจังหวัดตราด
D094,T4,2568-พช-411,งบจัดสรร,เงินบาท,609500
D094,T4,2568-พช-411,เบิกจ่าย,เงินบาท,522500
D094,T4,2568-พช-411,จำนวนผู้เข้าร่วม,จำนวนนับ,69
D094,T4,2568-พช-411,กลุ่มเป้าหมาย,รายการ,อาสาสมัครสาธารณสุขประจำหมู่บ้าน
D094,T4,2568-พช-411,สถานะ,ข้อความ,ดำเนินการแล้วเสร็จ
D094,T4,2568-พช-411,หมายเหตุ,ข้อความ,
D095,T4,2568-สค-047,รหัสกิจกรรม,ข้อความ,2568-สค-047
D095,T4,2568-สค-047,ชื่อกิจกรรม,ข้อความ,กิจกรรมสำรวจข้อมูลคุณภาพชีวิตผู้สูงอายุ
D095,T4,2568-สค-047,หน่วยงานรับผิดชอบ,ข้อความ,สำนักงานเขตดอนเมือง
D095,T4,2568-สค-047,งบจัดสรร,เงินบาท,236000
D095,T4,2568-สค-047,เบิกจ่าย,เงินบาท,152500
D095,T4,2568-สค-047,จำนวนผู้เข้าร่วม,จำนวนนับ,146
D095,T4,2568-สค-047,กลุ่มเป้าหมาย,รายการ,เด็กและเยาวชน
D095,T4,2568-สค-047,สถานะ,ข้อความ,ดำเนินการแล้วเสร็จ
D095,T4,2568-สค-047,หมายเหตุ,ข้อความ,
D095,T4,2568-ทถ-461,รหัสกิจกรรม,ข้อความ,2568-ทถ-461
D095,T4,2568-ทถ-461,ชื่อกิจกรรม,ข้อความ,โครงการตรวจเยี่ยมศูนย์พัฒนาเด็กเล็ก
D095,T4,2568-ทถ-461,หน่วยงานรับผิดชอบ,ข้อความ,สำนักงานเขตดอนเมือง
D095,T4,2568-ทถ-461,งบจัดสรร,เงินบาท,844500
D095,T4,2568-ทถ-461,เบิกจ่าย,เงินบาท,474500
D095,T4,2568-ทถ-461,จำนวนผู้เข้าร่วม,จำนวนนับ,211
D095,T4,2568-ทถ-461,กลุ่มเป้าหมาย,รายการ,ผู้ป่วยติดเตียงและผู้ดูแลที่บ้าน|ผู้ดูแลศูนย์พัฒนาเด็กเล็ก|นักท่องเที่ยว|เด็กและเยาวชน
D095,T4,2568-ทถ-461,สถานะ,ข้อความ,ดำเนินการแล้วเสร็จ
D095,T4,2568-ทถ-461,หมายเหตุ,ข้อความ,
D095,T4,2568-สธ-663,รหัสกิจกรรม,ข้อความ,2568-สธ-663
D095,T4,2568-สธ-663,ชื่อกิจกรรม,ข้อความ,โครงการจัดทำแผนคุณภาพชีวิตผู้สูงอายุ
D095,T4,2568-สธ-663,หน่วยงานรับผิดชอบ,ข้อความ,สำนักงานเขตดอนเมือง
D095,T4,2568-สธ-663,งบจัดสรร,เงินบาท,711000
D095,T4,2568-สธ-663,เบิกจ่าย,เงินบาท,512000
D095,T4,2568-สธ-663,จำนวนผู้เข้าร่วม,จำนวนนับ,61
D095,T4,2568-สธ-663,กลุ่มเป้าหมาย,รายการ,ผู้ดูแลศูนย์พัฒนาเด็กเล็ก
D095,T4,2568-สธ-663,สถานะ,ข้อความ,ดำเนินการแล้วเสร็จ
D095,T4,2568-สธ-663,หมายเหตุ,ข้อความ,
D095,T4,2568-สค-830,รหัสกิจกรรม,ข้อความ,2568-สค-830
D095,T4,2568-สค-830,ชื่อกิจกรรม,ข้อความ,โครงการจัดเก็บข้อมูลการท่องเที่ยวโดยชุมชน
D095,T4,2568-สค-830,หน่วยงานรับผิดชอบ,ข้อความ,สนง.เขตดอนเมือง
D095,T4,2568-สค-830,งบจัดสรร,เงินบาท,439500
D095,T4,2568-สค-830,เบิกจ่าย,เงินบาท,359000
D095,T4,2568-สค-830,จำนวนผู้เข้าร่วม,จำนวนนับ,222
D095,T4,2568-สค-830,กลุ่มเป้าหมาย,รายการ,ผู้ประสบภัยพิบัติ|ผู้ค้าในตลาดสด|ครัวเรือนยากจน
D095,T4,2568-สค-830,สถานะ,ข้อความ,ดำเนินการแล้วเสร็จ
D095,T4,2568-สค-830,หมายเหตุ,ข้อความ,
D095,T4,2568-พช-269,รหัสกิจกรรม,ข้อความ,2568-พช-269
D095,T4,2568-พช-269,ชื่อกิจกรรม,ข้อความ,โครงการจัดเก็บข้อมูลระบบประปาหมู่บ้าน
D095,T4,2568-พช-269,หน่วยงานรับผิดชอบ,ข้อความ,สำนักงานเขตดอนเมือง
D095,T4,2568-พช-269,งบจัดสรร,เงินบาท,580000
D095,T4,2568-พช-269,เบิกจ่าย,เงินบาท,334500
D095,T4,2568-พช-269,จำนวนผู้เข้าร่วม,จำนวนนับ,122
D095,T4,2568-พช-269,กลุ่มเป้าหมาย,รายการ,นักท่องเที่ยว|ผู้ค้าในตลาดสด|ผู้ว่างงาน
D095,T4,2568-พช-269,สถานะ,ข้อความ,ดำเนินการแล้วเสร็จ
D095,T4,2568-พช-269,หมายเหตุ,ข้อความ,
D095,T4,2568-กษ-373,รหัสกิจกรรม,ข้อความ,2568-กษ-373
D095,T4,2568-กษ-373,ชื่อกิจกรรม,ข้อความ,กิจกรรมจัดประชุมกลุ่มวิสาหกิจชุมชน
D095,T4,2568-กษ-373,หน่วยงานรับผิดชอบ,ข้อความ,สนง.เขตดอนเมือง
D095,T4,2568-กษ-373,งบจัดสรร,เงินบาท,701500
D095,T4,2568-กษ-373,เบิกจ่าย,เงินบาท,680500
D095,T4,2568-กษ-373,จำนวนผู้เข้าร่วม,จำนวนนับ,57
D095,T4,2568-กษ-373,กลุ่มเป้าหมาย,รายการ,ผู้ว่างงาน|อาสาสมัครป้องกันภัยฝ่ายพลเรือน|ผู้ปกครองเด็กก่อนวัยเรียน
D095,T4,2568-กษ-373,สถานะ,ข้อความ,ดำเนินการแล้วเสร็จ
D095,T4,2568-กษ-373,หมายเหตุ,ข้อความ,
D096,T4,2567-กษ-711,รหัสกิจกรรม,ข้อความ,2567-กษ-711
D096,T4,2567-กษ-711,ชื่อกิจกรรม,ข้อความ,กิจกรรมตรวจเยี่ยมการบริหารจัดการขยะมูลฝอย
D096,T4,2567-กษ-711,หน่วยงานรับผิดชอบ,ข้อความ,สสจ.ตราด
D096,T4,2567-กษ-711,งบจัดสรร,เงินบาท,91500
D096,T4,2567-กษ-711,เบิกจ่าย,เงินบาท,71500
D096,T4,2567-กษ-711,จำนวนผู้เข้าร่วม,จำนวนนับ,132
D096,T4,2567-กษ-711,กลุ่มเป้าหมาย,รายการ,กลุ่มวิสาหกิจชุมชน|อาสาสมัครสาธารณสุขประจำหมู่บ้าน|นักท่องเที่ยว|ผู้พิการและผู้ดูแล
D096,T4,2567-กษ-711,สถานะ,ข้อความ,ดำเนินการแล้วเสร็จ
D096,T4,2567-กษ-711,หมายเหตุ,ข้อความ,
D096,T4,2567-ทถ-084,รหัสกิจกรรม,ข้อความ,2567-ทถ-084
D096,T4,2567-ทถ-084,ชื่อกิจกรรม,ข้อความ,กิจกรรมจัดประชุมกลุ่มวิสาหกิจชุมชน
D096,T4,2567-ทถ-084,หน่วยงานรับผิดชอบ,ข้อความ,สสจ.ตราด
D096,T4,2567-ทถ-084,งบจัดสรร,เงินบาท,370500
D096,T4,2567-ทถ-084,เบิกจ่าย,เงินบาท,328000
D096,T4,2567-ทถ-084,จำนวนผู้เข้าร่วม,จำนวนนับ,158
D096,T4,2567-ทถ-084,กลุ่มเป้าหมาย,รายการ,กลุ่มวิสาหกิจชุมชน|อาสาสมัครสาธารณสุขประจำหมู่บ้าน|นักท่องเที่ยว
D096,T4,2567-ทถ-084,สถานะ,ข้อความ,ดำเนินการแล้วเสร็จ
D096,T4,2567-ทถ-084,หมายเหตุ,ข้อความ,
D096,T4,2567-ศษ-534,รหัสกิจกรรม,ข้อความ,2567-ศษ-534
D096,T4,2567-ศษ-534,ชื่อกิจกรรม,ข้อความ,โครงการประชาสัมพันธ์ครัวเรือนยากจนเป้าหมาย
D096,T4,2567-ศษ-534,หน่วยงานรับผิดชอบ,ข้อความ,สสจ.ตราด
D096,T4,2567-ศษ-534,งบจัดสรร,เงินบาท,797500
D096,T4,2567-ศษ-534,เบิกจ่าย,เงินบาท,529500
D096,T4,2567-ศษ-534,จำนวนผู้เข้าร่วม,จำนวนนับ,155
D096,T4,2567-ศษ-534,กลุ่มเป้าหมาย,รายการ,ผู้นำชุมชนและปราชญ์ชาวบ้าน
D096,T4,2567-ศษ-534,สถานะ,ข้อความ,ดำเนินการแล้วเสร็จ
D096,T4,2567-ศษ-534,หมายเหตุ,ข้อความ,
D096,T4,2567-กษ-639,รหัสกิจกรรม,ข้อความ,2567-กษ-639
D096,T4,2567-กษ-639,ชื่อกิจกรรม,ข้อความ,กิจกรรมอบรมเชิงปฏิบัติการกลุ่มวิสาหกิจชุมชน
D096,T4,2567-กษ-639,หน่วยงานรับผิดชอบ,ข้อความ,สสจ.ตราด
D096,T4,2567-กษ-639,งบจัดสรร,เงินบาท,80000
D096,T4,2567-กษ-639,เบิกจ่าย,เงินบาท,56000
D096,T4,2567-กษ-639,จำนวนผู้เข้าร่วม,จำนวนนับ,219
D096,T4,2567-กษ-639,กลุ่มเป้าหมาย,รายการ,กลุ่มออมทรัพย์เพื่อการผลิต
D096,T4,2567-กษ-639,สถานะ,ข้อความ,ดำเนินการแล้วเสร็จ
D096,T4,2567-กษ-639,หมายเหตุ,ข้อความ,
D096,T4,2567-ศษ-635,รหัสกิจกรรม,ข้อความ,2567-ศษ-635
D096,T4,2567-ศษ-635,ชื่อกิจกรรม,ข้อความ,กิจกรรมประชาสัมพันธ์คุณภาพชีวิตผู้สูงอายุ
D096,T4,2567-ศษ-635,หน่วยงานรับผิดชอบ,ข้อความ,สำนักงานสาธารณสุขจังหวัดตราด
D096,T4,2567-ศษ-635,งบจัดสรร,เงินบาท,83500
D096,T4,2567-ศษ-635,เบิกจ่าย,เงินบาท,80500
D096,T4,2567-ศษ-635,จำนวนผู้เข้าร่วม,จำนวนนับ,70
D096,T4,2567-ศษ-635,กลุ่มเป้าหมาย,รายการ,ผู้พิการและผู้ดูแล|ผู้นำศาสนา
D096,T4,2567-ศษ-635,สถานะ,ข้อความ,ดำเนินการแล้วเสร็จ
D096,T4,2567-ศษ-635,หมายเหตุ,ข้อความ,
D096,T4,2567-ทถ-009,รหัสกิจกรรม,ข้อความ,2567-ทถ-009
D096,T4,2567-ทถ-009,ชื่อกิจกรรม,ข้อความ,โครงการประชาสัมพันธ์การป้องกันโรคไข้เลือดออก
D096,T4,2567-ทถ-009,หน่วยงานรับผิดชอบ,ข้อความ,สำนักงานสาธารณสุขจังหวัดตราด
D096,T4,2567-ทถ-009,งบจัดสรร,เงินบาท,648500
D096,T4,2567-ทถ-009,เบิกจ่าย,เงินบาท,536000
D096,T4,2567-ทถ-009,จำนวนผู้เข้าร่วม,จำนวนนับ,180
D096,T4,2567-ทถ-009,กลุ่มเป้าหมาย,รายการ,ผู้พิการและผู้ดูแล
D096,T4,2567-ทถ-009,สถานะ,ข้อความ,ดำเนินการแล้วเสร็จ
D096,T4,2567-ทถ-009,หมายเหตุ,ข้อความ,
D096,T4,2567-ศษ-115,รหัสกิจกรรม,ข้อความ,2567-ศษ-115
D096,T4,2567-ศษ-115,ชื่อกิจกรรม,ข้อความ,โครงการตรวจเยี่ยมถนนสายหลักในเขตพื้นที่
D096,T4,2567-ศษ-115,หน่วยงานรับผิดชอบ,ข้อความ,สำนักงานสาธารณสุขจังหวัดตราด
D096,T4,2567-ศษ-115,งบจัดสรร,เงินบาท,461000
D096,T4,2567-ศษ-115,เบิกจ่าย,เงินบาท,457000
D096,T4,2567-ศษ-115,จำนวนผู้เข้าร่วม,จำนวนนับ,77
D096,T4,2567-ศษ-115,กลุ่มเป้าหมาย,รายการ,ผู้ดูแลศูนย์พัฒนาเด็กเล็ก
D096,T4,2567-ศษ-115,สถานะ,ข้อความ,ดำเนินการแล้วเสร็จ
D096,T4,2567-ศษ-115,หมายเหตุ,ข้อความ,
D097,T4,2567-กษ-560,รหัสกิจกรรม,ข้อความ,2567-กษ-560
D097,T4,2567-กษ-560,ชื่อกิจกรรม,ข้อความ,กิจกรรมตรวจเยี่ยมอาสาสมัครสาธารณสุขประจำหมู่บ้าน
D097,T4,2567-กษ-560,หน่วยงานรับผิดชอบ,ข้อความ,องค์การบริหารส่วนตำบลท่าข้าม
D097,T4,2567-กษ-560,งบจัดสรร,เงินบาท,31500
D097,T4,2567-กษ-560,เบิกจ่าย,เงินบาท,17500
D097,T4,2567-กษ-560,จำนวนผู้เข้าร่วม,จำนวนนับ,64
D097,T4,2567-กษ-560,กลุ่มเป้าหมาย,รายการ,ผู้ประสบภัยพิบัติ|เกษตรกรผู้เลี้ยงโคเนื้อ|เด็กและเยาวชน|แรงงานนอกระบบ
D097,T4,2567-กษ-560,สถานะ,ข้อความ,ดำเนินการแล้วเสร็จ
D097,T4,2567-กษ-560,หมายเหตุ,ข้อความ,
D097,T4,2567-ศษ-175,รหัสกิจกรรม,ข้อความ,2567-ศษ-175
D097,T4,2567-ศษ-175,ชื่อกิจกรรม,ข้อความ,โครงการบำรุงรักษาเศรษฐกิจฐานราก
D097,T4,2567-ศษ-175,หน่วยงานรับผิดชอบ,ข้อความ,องค์การบริหารส่วนตำบลท่าข้าม
D097,T4,2567-ศษ-175,งบจัดสรร,เงินบาท,273000
D097,T4,2567-ศษ-175,เบิกจ่าย,เงินบาท,212500
D097,T4,2567-ศษ-175,จำนวนผู้เข้าร่วม,จำนวนนับ,113
D097,T4,2567-ศษ-175,กลุ่มเป้าหมาย,รายการ,ผู้พิการและผู้ดูแล
D097,T4,2567-ศษ-175,สถานะ,ข้อความ,ดำเนินการแล้วเสร็จ
D097,T4,2567-ศษ-175,หมายเหตุ,ข้อความ,
D097,T4,2567-ศษ-936,รหัสกิจกรรม,ข้อความ,2567-ศษ-936
D097,T4,2567-ศษ-936,ชื่อกิจกรรม,ข้อความ,กิจกรรมจัดประชุมศูนย์พัฒนาเด็กเล็ก
D097,T4,2567-ศษ-936,หน่วยงานรับผิดชอบ,ข้อความ,องค์การบริหารส่วนตำบลท่าข้าม
D097,T4,2567-ศษ-936,งบจัดสรร,เงินบาท,829000
D097,T4,2567-ศษ-936,เบิกจ่าย,เงินบาท,614000
D097,T4,2567-ศษ-936,จำนวนผู้เข้าร่วม,จำนวนนับ,26
D097,T4,2567-ศษ-936,กลุ่มเป้าหมาย,รายการ,ผู้ปกครองเด็กก่อนวัยเรียน
D097,T4,2567-ศษ-936,สถานะ,ข้อความ,ดำเนินการแล้วเสร็จ
D097,T4,2567-ศษ-936,หมายเหตุ,ข้อความ,
D097,T4,2567-สค-045,รหัสกิจกรรม,ข้อความ,2567-สค-045
D097,T4,2567-สค-045,ชื่อกิจกรรม,ข้อความ,กิจกรรมบำรุงรักษาอาสาสมัครสาธารณสุขประจำหมู่บ้าน
D097,T4,2567-สค-045,หน่วยงานรับผิดชอบ,ข้อความ,องค์การบริหารส่วนตำบลท่าข้าม
D097,T4,2567-สค-045,งบจัดสรร,เงินบาท,602000
D097,T4,2567-สค-045,เบิกจ่าย,เงินบาท,500000
D097,T4,2567-สค-045,จำนวนผู้เข้าร่วม,จำนวนนับ,99
D097,T4,2567-สค-045,กลุ่มเป้าหมาย,รายการ,อาสาสมัครสาธารณสุขประจำหมู่บ้าน|ผู้ป่วยติดเตียงและผู้ดูแลที่บ้าน|ผู้ประกอบการร้านอาหาร|สตรีและครอบครัว
D097,T4,2567-สค-045,สถานะ,ข้อความ,ดำเนินการแล้วเสร็จ
D097,T4,2567-สค-045,หมายเหตุ,ข้อความ,
D097,T4,2567-ศษ-502,รหัสกิจกรรม,ข้อความ,2567-ศษ-502
D097,T4,2567-ศษ-502,ชื่อกิจกรรม,ข้อความ,โครงการจัดเก็บข้อมูลการจัดการน้ำเสียชุมชน
D097,T4,2567-ศษ-502,หน่วยงานรับผิดชอบ,ข้อความ,อบต.ท่าข้าม
D097,T4,2567-ศษ-502,งบจัดสรร,เงินบาท,789000
D097,T4,2567-ศษ-502,เบิกจ่าย,เงินบาท,661500
D097,T4,2567-ศษ-502,จำนวนผู้เข้าร่วม,จำนวนนับ,205
D097,T4,2567-ศษ-502,กลุ่มเป้าหมาย,รายการ,ครัวเรือนยากจน|ผู้ป่วยติดเตียงและผู้ดูแลที่บ้าน|ประชาชนทั่วไป
D097,T4,2567-ศษ-502,สถานะ,ข้อความ,ดำเนินการแล้วเสร็จ
D097,T4,2567-ศษ-502,หมายเหตุ,ข้อความ,
D097,T4,2567-กษ-556,รหัสกิจกรรม,ข้อความ,2567-กษ-556
D097,T4,2567-กษ-556,ชื่อกิจกรรม,ข้อความ,กิจกรรมประชาสัมพันธ์อาสาสมัครสาธารณสุขประจำหมู่บ้าน
D097,T4,2567-กษ-556,หน่วยงานรับผิดชอบ,ข้อความ,อบต.ท่าข้าม
D097,T4,2567-กษ-556,งบจัดสรร,เงินบาท,710000
D097,T4,2567-กษ-556,เบิกจ่าย,เงินบาท,670000
D097,T4,2567-กษ-556,จำนวนผู้เข้าร่วม,จำนวนนับ,123
D097,T4,2567-กษ-556,กลุ่มเป้าหมาย,รายการ,เด็กและเยาวชน|ผู้ประกอบการร้านอาหาร
D097,T4,2567-กษ-556,สถานะ,ข้อความ,ดำเนินการแล้วเสร็จ
D097,T4,2567-กษ-556,หมายเหตุ,ข้อความ,
D098,T4,2567-สค-799,รหัสกิจกรรม,ข้อความ,2567-สค-799
D098,T4,2567-สค-799,ชื่อกิจกรรม,ข้อความ,โครงการสำรวจข้อมูลอาสาสมัครสาธารณสุขประจำหมู่บ้าน
D098,T4,2567-สค-799,หน่วยงานรับผิดชอบ,ข้อความ,อบต.หนองปลาไหล
D098,T4,2567-สค-799,งบจัดสรร,เงินบาท,45000
D098,T4,2567-สค-799,เบิกจ่าย,เงินบาท,43500
D098,T4,2567-สค-799,จำนวนผู้เข้าร่วม,จำนวนนับ,121
D098,T4,2567-สค-799,กลุ่มเป้าหมาย,รายการ,ผู้ประกอบการร้านอาหาร|ผู้นำศาสนา|ผู้ประกันตนตามมาตรา 40
D098,T4,2567-สค-799,สถานะ,ข้อความ,ดำเนินการแล้วเสร็จ
D098,T4,2567-สค-799,หมายเหตุ,ข้อความ,
D098,T4,2567-ทถ-778,รหัสกิจกรรม,ข้อความ,2567-ทถ-778
D098,T4,2567-ทถ-778,ชื่อกิจกรรม,ข้อความ,กิจกรรมตรวจเยี่ยมการบริหารจัดการขยะมูลฝอย
D098,T4,2567-ทถ-778,หน่วยงานรับผิดชอบ,ข้อความ,องค์การบริหารส่วนตำบลหนองปลาไหล
D098,T4,2567-ทถ-778,งบจัดสรร,เงินบาท,318000
D098,T4,2567-ทถ-778,เบิกจ่าย,เงินบาท,287000
D098,T4,2567-ทถ-778,จำนวนผู้เข้าร่วม,จำนวนนับ,75
D098,T4,2567-ทถ-778,กลุ่มเป้าหมาย,รายการ,ครัวเรือนยากจน|แกนนำสุขภาพประจำครอบครัว|ผู้ประกอบการร้านอาหาร
D098,T4,2567-ทถ-778,สถานะ,ข้อความ,ดำเนินการแล้วเสร็จ
D098,T4,2567-ทถ-778,หมายเหตุ,ข้อความ,
D098,T4,2567-พช-280,รหัสกิจกรรม,ข้อความ,2567-พช-280
D098,T4,2567-พช-280,ชื่อกิจกรรม,ข้อความ,โครงการจัดประชุมการบริหารจัดการขยะมูลฝอย
D098,T4,2567-พช-280,หน่วยงานรับผิดชอบ,ข้อความ,องค์การบริหารส่วนตำบลหนองปลาไหล
D098,T4,2567-พช-280,งบจัดสรร,เงินบาท,131000
D098,T4,2567-พช-280,เบิกจ่าย,เงินบาท,103500
D098,T4,2567-พช-280,จำนวนผู้เข้าร่วม,จำนวนนับ,133
D098,T4,2567-พช-280,กลุ่มเป้าหมาย,รายการ,อาสาสมัครป้องกันภัยฝ่ายพลเรือน|ผู้ป่วยติดเตียงและผู้ดูแลที่บ้าน|ผู้ประสบภัยพิบัติ|เจ้าหน้าที่ท้องถิ่น
D098,T4,2567-พช-280,สถานะ,ข้อความ,ดำเนินการแล้วเสร็จ
D098,T4,2567-พช-280,หมายเหตุ,ข้อความ,
D098,T4,2567-พช-743,รหัสกิจกรรม,ข้อความ,2567-พช-743
D098,T4,2567-พช-743,ชื่อกิจกรรม,ข้อความ,กิจกรรมจัดทำแผนระบบประปาหมู่บ้าน
D098,T4,2567-พช-743,หน่วยงานรับผิดชอบ,ข้อความ,อบต.หนองปลาไหล
D098,T4,2567-พช-743,งบจัดสรร,เงินบาท,171000
D098,T4,2567-พช-743,เบิกจ่าย,เงินบาท,137500
D098,T4,2567-พช-743,จำนวนผู้เข้าร่วม,จำนวนนับ,192
D098,T4,2567-พช-743,กลุ่มเป้าหมาย,รายการ,เด็กและเยาวชน
D098,T4,2567-พช-743,สถานะ,ข้อความ,ดำเนินการแล้วเสร็จ
D098,T4,2567-พช-743,หมายเหตุ,ข้อความ,
D098,T4,2567-สค-743,รหัสกิจกรรม,ข้อความ,2567-สค-743
D098,T4,2567-สค-743,ชื่อกิจกรรม,ข้อความ,กิจกรรมจัดเก็บข้อมูลกองทุนสวัสดิการชุมชน
D098,T4,2567-สค-743,หน่วยงานรับผิดชอบ,ข้อความ,อบต.หนองปลาไหล
D098,T4,2567-สค-743,งบจัดสรร,เงินบาท,304500
D098,T4,2567-สค-743,เบิกจ่าย,เงินบาท,247500
D098,T4,2567-สค-743,จำนวนผู้เข้าร่วม,จำนวนนับ,73
D098,T4,2567-สค-743,กลุ่มเป้าหมาย,รายการ,ผู้ประกอบการร้านอาหาร|สตรีและครอบครัว
D098,T4,2567-สค-743,สถานะ,ข้อความ,ดำเนินการแล้วเสร็จ
D098,T4,2567-สค-743,หมายเหตุ,ข้อความ,
D098,T4,2567-ทถ-652,รหัสกิจกรรม,ข้อความ,2567-ทถ-652
D098,T4,2567-ทถ-652,ชื่อกิจกรรม,ข้อความ,กิจกรรมจัดทำแผนการป้องกันโรคไข้เลือดออก
D098,T4,2567-ทถ-652,หน่วยงานรับผิดชอบ,ข้อความ,องค์การบริหารส่วนตำบลหนองปลาไหล
D098,T4,2567-ทถ-652,งบจัดสรร,เงินบาท,372500
D098,T4,2567-ทถ-652,เบิกจ่าย,เงินบาท,322000
D098,T4,2567-ทถ-652,จำนวนผู้เข้าร่วม,จำนวนนับ,137
D098,T4,2567-ทถ-652,กลุ่มเป้าหมาย,รายการ,ผู้นำศาสนา|ผู้สูงอายุ|กลุ่มวิสาหกิจชุมชน|เจ้าหน้าที่ท้องถิ่น
D098,T4,2567-ทถ-652,สถานะ,ข้อความ,ดำเนินการแล้วเสร็จ
D098,T4,2567-ทถ-652,หมายเหตุ,ข้อความ,
D099,T4,2567-กษ-741,รหัสกิจกรรม,ข้อความ,2567-กษ-741
D099,T4,2567-กษ-741,ชื่อกิจกรรม,ข้อความ,โครงการจัดทำแผนศูนย์พัฒนาเด็กเล็ก
D099,T4,2567-กษ-741,หน่วยงานรับผิดชอบ,ข้อความ,สำนักงานส่งเสริมการปกครองท้องถิ่นจังหวัดชุมพร
D099,T4,2567-กษ-741,งบจัดสรร,เงินบาท,45500
D099,T4,2567-กษ-741,เบิกจ่าย,เงินบาท,34000
D099,T4,2567-กษ-741,จำนวนผู้เข้าร่วม,จำนวนนับ,130
D099,T4,2567-กษ-741,กลุ่มเป้าหมาย,รายการ,ผู้ดูแลศูนย์พัฒนาเด็กเล็ก
D099,T4,2567-กษ-741,สถานะ,ข้อความ,ดำเนินการแล้วเสร็จ
D099,T4,2567-กษ-741,หมายเหตุ,ข้อความ,
D099,T4,2567-กษ-984,รหัสกิจกรรม,ข้อความ,2567-กษ-984
D099,T4,2567-กษ-984,ชื่อกิจกรรม,ข้อความ,กิจกรรมบำรุงรักษาการป้องกันโรคไข้เลือดออก
D099,T4,2567-กษ-984,หน่วยงานรับผิดชอบ,ข้อความ,สำนักงานส่งเสริมการปกครองท้องถิ่นจังหวัดชุมพร
D099,T4,2567-กษ-984,งบจัดสรร,เงินบาท,187500
D099,T4,2567-กษ-984,เบิกจ่าย,เงินบาท,181000
D099,T4,2567-กษ-984,จำนวนผู้เข้าร่วม,จำนวนนับ,240
D099,T4,2567-กษ-984,กลุ่มเป้าหมาย,รายการ,ผู้พิการและผู้ดูแล
D099,T4,2567-กษ-984,สถานะ,ข้อความ,ดำเนินการแล้วเสร็จ
D099,T4,2567-กษ-984,หมายเหตุ,ข้อความ,
D099,T4,2567-ทถ-481,รหัสกิจกรรม,ข้อความ,2567-ทถ-481
D099,T4,2567-ทถ-481,ชื่อกิจกรรม,ข้อความ,กิจกรรมอบรมเชิงปฏิบัติการครัวเรือนยากจนเป้าหมาย
D099,T4,2567-ทถ-481,หน่วยงานรับผิดชอบ,ข้อความ,สำนักงานส่งเสริมการปกครองท้องถิ่นจังหวัดชุมพร
D099,T4,2567-ทถ-481,งบจัดสรร,เงินบาท,160500
D099,T4,2567-ทถ-481,เบิกจ่าย,เงินบาท,89500
D099,T4,2567-ทถ-481,จำนวนผู้เข้าร่วม,จำนวนนับ,125
D099,T4,2567-ทถ-481,กลุ่มเป้าหมาย,รายการ,กลุ่มเปราะบางและผู้ด้อยโอกาส
D099,T4,2567-ทถ-481,สถานะ,ข้อความ,ดำเนินการแล้วเสร็จ
D099,T4,2567-ทถ-481,หมายเหตุ,ข้อความ,
D099,T4,2567-พช-454,รหัสกิจกรรม,ข้อความ,2567-พช-454
D099,T4,2567-พช-454,ชื่อกิจกรรม,ข้อความ,โครงการตรวจเยี่ยมระบบประปาหมู่บ้าน
D099,T4,2567-พช-454,หน่วยงานรับผิดชอบ,ข้อความ,สำนักงานส่งเสริมการปกครองท้องถิ่นจังหวัดชุมพร
D099,T4,2567-พช-454,งบจัดสรร,เงินบาท,728500
D099,T4,2567-พช-454,เบิกจ่าย,เงินบาท,658500
D099,T4,2567-พช-454,จำนวนผู้เข้าร่วม,จำนวนนับ,62
D099,T4,2567-พช-454,กลุ่มเป้าหมาย,รายการ,กลุ่มวิสาหกิจชุมชน
D099,T4,2567-พช-454,สถานะ,ข้อความ,ดำเนินการแล้วเสร็จ
D099,T4,2567-พช-454,หมายเหตุ,ข้อความ,
D099,T4,2567-ศษ-352,รหัสกิจกรรม,ข้อความ,2567-ศษ-352
D099,T4,2567-ศษ-352,ชื่อกิจกรรม,ข้อความ,โครงการจัดเก็บข้อมูลครัวเรือนยากจนเป้าหมาย
D099,T4,2567-ศษ-352,หน่วยงานรับผิดชอบ,ข้อความ,สำนักงานส่งเสริมการปกครองท้องถิ่นจังหวัดชุมพร
D099,T4,2567-ศษ-352,งบจัดสรร,เงินบาท,396500
D099,T4,2567-ศษ-352,เบิกจ่าย,เงินบาท,267500
D099,T4,2567-ศษ-352,จำนวนผู้เข้าร่วม,จำนวนนับ,246
D099,T4,2567-ศษ-352,กลุ่มเป้าหมาย,รายการ,เกษตรกรและผู้ประกอบการรายย่อย
D099,T4,2567-ศษ-352,สถานะ,ข้อความ,ดำเนินการแล้วเสร็จ
D099,T4,2567-ศษ-352,หมายเหตุ,ข้อความ,
D099,T4,2567-สค-500,รหัสกิจกรรม,ข้อความ,2567-สค-500
D099,T4,2567-สค-500,ชื่อกิจกรรม,ข้อความ,กิจกรรมจัดประชุมศูนย์พัฒนาเด็กเล็ก
D099,T4,2567-สค-500,หน่วยงานรับผิดชอบ,ข้อความ,สำนักงานส่งเสริมการปกครองท้องถิ่นจังหวัดชุมพร
D099,T4,2567-สค-500,งบจัดสรร,เงินบาท,484500
D099,T4,2567-สค-500,เบิกจ่าย,เงินบาท,279000
D099,T4,2567-สค-500,จำนวนผู้เข้าร่วม,จำนวนนับ,46
D099,T4,2567-สค-500,กลุ่มเป้าหมาย,รายการ,ผู้ปกครองเด็กก่อนวัยเรียน
D099,T4,2567-สค-500,สถานะ,ข้อความ,ดำเนินการแล้วเสร็จ
D099,T4,2567-สค-500,หมายเหตุ,ข้อความ,
D099,T4,2567-พช-257,รหัสกิจกรรม,ข้อความ,2567-พช-257
D099,T4,2567-พช-257,ชื่อกิจกรรม,ข้อความ,กิจกรรมสำรวจข้อมูลการจัดการน้ำเสียชุมชน
D099,T4,2567-พช-257,หน่วยงานรับผิดชอบ,ข้อความ,สำนักงานส่งเสริมการปกครองท้องถิ่นจังหวัดชุมพร
D099,T4,2567-พช-257,งบจัดสรร,เงินบาท,524000
D099,T4,2567-พช-257,เบิกจ่าย,เงินบาท,335500
D099,T4,2567-พช-257,จำนวนผู้เข้าร่วม,จำนวนนับ,162
D099,T4,2567-พช-257,กลุ่มเป้าหมาย,รายการ,อาสาสมัครป้องกันภัยฝ่ายพลเรือน
D099,T4,2567-พช-257,สถานะ,ข้อความ,ดำเนินการแล้วเสร็จ
D099,T4,2567-พช-257,หมายเหตุ,ข้อความ,
D100,T4,2568-กษ-993,รหัสกิจกรรม,ข้อความ,2568-กษ-993
D100,T4,2568-กษ-993,ชื่อกิจกรรม,ข้อความ,โครงการสำรวจข้อมูลเศรษฐกิจฐานราก
D100,T4,2568-กษ-993,หน่วยงานรับผิดชอบ,ข้อความ,สำนักงานพัฒนาชุมชนอำเภอปากช่อง
D100,T4,2568-กษ-993,งบจัดสรร,เงินบาท,85000
D100,T4,2568-กษ-993,เบิกจ่าย,เงินบาท,64000
D100,T4,2568-กษ-993,จำนวนผู้เข้าร่วม,จำนวนนับ,148
D100,T4,2568-กษ-993,กลุ่มเป้าหมาย,รายการ,ผู้ปกครองเด็กก่อนวัยเรียน
D100,T4,2568-กษ-993,สถานะ,ข้อความ,ดำเนินการแล้วเสร็จ
D100,T4,2568-กษ-993,หมายเหตุ,ข้อความ,
D100,T4,2568-ศษ-351,รหัสกิจกรรม,ข้อความ,2568-ศษ-351
D100,T4,2568-ศษ-351,ชื่อกิจกรรม,ข้อความ,กิจกรรมประชาสัมพันธ์ครัวเรือนยากจนเป้าหมาย
D100,T4,2568-ศษ-351,หน่วยงานรับผิดชอบ,ข้อความ,พช.อ.ปากช่อง
D100,T4,2568-ศษ-351,งบจัดสรร,เงินบาท,157000
D100,T4,2568-ศษ-351,เบิกจ่าย,เงินบาท,90000
D100,T4,2568-ศษ-351,จำนวนผู้เข้าร่วม,จำนวนนับ,82
D100,T4,2568-ศษ-351,กลุ่มเป้าหมาย,รายการ,เจ้าหน้าที่ท้องถิ่น
D100,T4,2568-ศษ-351,สถานะ,ข้อความ,ดำเนินการแล้วเสร็จ
D100,T4,2568-ศษ-351,หมายเหตุ,ข้อความ,
D100,T4,2568-กษ-195,รหัสกิจกรรม,ข้อความ,2568-กษ-195
D100,T4,2568-กษ-195,ชื่อกิจกรรม,ข้อความ,โครงการตรวจเยี่ยมการจัดการน้ำเสียชุมชน
D100,T4,2568-กษ-195,หน่วยงานรับผิดชอบ,ข้อความ,พช.อ.ปากช่อง
D100,T4,2568-กษ-195,งบจัดสรร,เงินบาท,53500
D100,T4,2568-กษ-195,เบิกจ่าย,เงินบาท,30500
D100,T4,2568-กษ-195,จำนวนผู้เข้าร่วม,จำนวนนับ,167
D100,T4,2568-กษ-195,กลุ่มเป้าหมาย,รายการ,แกนนำสุขภาพประจำครอบครัว
D100,T4,2568-กษ-195,สถานะ,ข้อความ,ดำเนินการแล้วเสร็จ
D100,T4,2568-กษ-195,หมายเหตุ,ข้อความ,
D100,T4,2568-กษ-323,รหัสกิจกรรม,ข้อความ,2568-กษ-323
D100,T4,2568-กษ-323,ชื่อกิจกรรม,ข้อความ,โครงการจัดทำแผนระบบประปาหมู่บ้าน
D100,T4,2568-กษ-323,หน่วยงานรับผิดชอบ,ข้อความ,สำนักงานพัฒนาชุมชนอำเภอปากช่อง
D100,T4,2568-กษ-323,งบจัดสรร,เงินบาท,748000
D100,T4,2568-กษ-323,เบิกจ่าย,เงินบาท,664000
D100,T4,2568-กษ-323,จำนวนผู้เข้าร่วม,จำนวนนับ,112
D100,T4,2568-กษ-323,กลุ่มเป้าหมาย,รายการ,เจ้าหน้าที่ท้องถิ่น
D100,T4,2568-กษ-323,สถานะ,ข้อความ,ดำเนินการแล้วเสร็จ
D100,T4,2568-กษ-323,หมายเหตุ,ข้อความ,
D100,T4,2568-กษ-212,รหัสกิจกรรม,ข้อความ,2568-กษ-212
D100,T4,2568-กษ-212,ชื่อกิจกรรม,ข้อความ,โครงการบำรุงรักษากลุ่มวิสาหกิจชุมชน
D100,T4,2568-กษ-212,หน่วยงานรับผิดชอบ,ข้อความ,สำนักงานพัฒนาชุมชนอำเภอปากช่อง
D100,T4,2568-กษ-212,งบจัดสรร,เงินบาท,849000
D100,T4,2568-กษ-212,เบิกจ่าย,เงินบาท,731500
D100,T4,2568-กษ-212,จำนวนผู้เข้าร่วม,จำนวนนับ,149
D100,T4,2568-กษ-212,กลุ่มเป้าหมาย,รายการ,เกษตรกรผู้เลี้ยงโคเนื้อ
D100,T4,2568-กษ-212,สถานะ,ข้อความ,ดำเนินการแล้วเสร็จ
D100,T4,2568-กษ-212,หมายเหตุ,ข้อความ,
D100,T4,2568-พช-970,รหัสกิจกรรม,ข้อความ,2568-พช-970
D100,T4,2568-พช-970,ชื่อกิจกรรม,ข้อความ,กิจกรรมตรวจเยี่ยมแผนพัฒนาท้องถิ่นห้าปี
D100,T4,2568-พช-970,หน่วยงานรับผิดชอบ,ข้อความ,พช.อ.ปากช่อง
D100,T4,2568-พช-970,งบจัดสรร,เงินบาท,356000
D100,T4,2568-พช-970,เบิกจ่าย,เงินบาท,243000
D100,T4,2568-พช-970,จำนวนผู้เข้าร่วม,จำนวนนับ,154
D100,T4,2568-พช-970,กลุ่มเป้าหมาย,รายการ,ประชาชนทั่วไป
D100,T4,2568-พช-970,สถานะ,ข้อความ,ดำเนินการแล้วเสร็จ
D100,T4,2568-พช-970,หมายเหตุ,ข้อความ,
D101,T5,2567-กษ-285,รหัสกิจกรรม,ข้อความ,2567-กษ-285
D101,T5,2567-กษ-285,ชื่อกิจกรรม,ข้อความ,โครงการประชาสัมพันธ์การเกษตรปลอดภัย
D101,T5,2567-กษ-285,หน่วยงานรับผิดชอบ,ข้อความ,สำนักงานสาธารณสุขจังหวัดตราด
D101,T5,2567-กษ-285,งบจัดสรร,เงินบาท,295500
D101,T5,2567-กษ-285,เบิกจ่าย,เงินบาท,275000
D101,T5,2567-กษ-285,จำนวนผู้เข้าร่วม,จำนวนนับ,98
D101,T5,2567-กษ-285,กลุ่มเป้าหมาย,รายการ,เกษตรกรผู้เลี้ยงโคเนื้อ
D101,T5,2567-กษ-285,สถานะ,ข้อความ,ดำเนินการแล้วเสร็จ
D101,T5,2567-กษ-285,หมายเหตุ,ข้อความ,
D101,T5,2567-สค-349,รหัสกิจกรรม,ข้อความ,2567-สค-349
D101,T5,2567-สค-349,ชื่อกิจกรรม,ข้อความ,กิจกรรมบำรุงรักษาศูนย์พัฒนาเด็กเล็ก
D101,T5,2567-สค-349,หน่วยงานรับผิดชอบ,ข้อความ,สำนักงานสาธารณสุขจังหวัดตราด
D101,T5,2567-สค-349,งบจัดสรร,เงินบาท,322000
D101,T5,2567-สค-349,เบิกจ่าย,เงินบาท,225500
D101,T5,2567-สค-349,จำนวนผู้เข้าร่วม,จำนวนนับ,98
D101,T5,2567-สค-349,กลุ่มเป้าหมาย,รายการ,อาสาสมัครสาธารณสุขประจำหมู่บ้าน
D101,T5,2567-สค-349,สถานะ,ข้อความ,ดำเนินการแล้วเสร็จ
D101,T5,2567-สค-349,หมายเหตุ,ข้อความ,
D101,T5,2567-กษ-061,รหัสกิจกรรม,ข้อความ,2567-กษ-061
D101,T5,2567-กษ-061,ชื่อกิจกรรม,ข้อความ,กิจกรรมอบรมเชิงปฏิบัติการคุณภาพชีวิตผู้สูงอายุ
D101,T5,2567-กษ-061,หน่วยงานรับผิดชอบ,ข้อความ,สำนักงานสาธารณสุขจังหวัดตราด
D101,T5,2567-กษ-061,งบจัดสรร,เงินบาท,297500
D101,T5,2567-กษ-061,เบิกจ่าย,เงินบาท,175000
D101,T5,2567-กษ-061,จำนวนผู้เข้าร่วม,จำนวนนับ,1100
D101,T5,2567-กษ-061,กลุ่มเป้าหมาย,รายการ,อาสาสมัครสาธารณสุขประจำหมู่บ้าน
D101,T5,2567-กษ-061,สถานะ,ข้อความ,ดำเนินการแล้วเสร็จ
D101,T5,2567-กษ-061,หมายเหตุ,ข้อความ,
D101,T5,2567-ศษ-254,รหัสกิจกรรม,ข้อความ,2567-ศษ-254
D101,T5,2567-ศษ-254,ชื่อกิจกรรม,ข้อความ,กิจกรรมอบรมเชิงปฏิบัติการถนนสายหลักในเขตพื้นที่
D101,T5,2567-ศษ-254,หน่วยงานรับผิดชอบ,ข้อความ,สำนักงานสาธารณสุขจังหวัดตราด
D101,T5,2567-ศษ-254,งบจัดสรร,เงินบาท,444000
D101,T5,2567-ศษ-254,เบิกจ่าย,เงินบาท,374000
D101,T5,2567-ศษ-254,จำนวนผู้เข้าร่วม,จำนวนนับ,238
D101,T5,2567-ศษ-254,กลุ่มเป้าหมาย,รายการ,ผู้พิการและผู้ดูแล
D101,T5,2567-ศษ-254,สถานะ,ข้อความ,ดำเนินการแล้วเสร็จ
D101,T5,2567-ศษ-254,หมายเหตุ,ข้อความ,
D101,T5,2567-สค-611,รหัสกิจกรรม,ข้อความ,2567-สค-611
D101,T5,2567-สค-611,ชื่อกิจกรรม,ข้อความ,กิจกรรมจัดประชุมการจัดการน้ำเสียชุมชน
D101,T5,2567-สค-611,หน่วยงานรับผิดชอบ,ข้อความ,สสจ.ตราด
D101,T5,2567-สค-611,งบจัดสรร,เงินบาท,323500
D101,T5,2567-สค-611,เบิกจ่าย,เงินบาท,249500
D101,T5,2567-สค-611,จำนวนผู้เข้าร่วม,จำนวนนับ,388
D101,T5,2567-สค-611,กลุ่มเป้าหมาย,รายการ,ผู้ประกอบการร้านอาหาร
D101,T5,2567-สค-611,สถานะ,ข้อความ,ดำเนินการแล้วเสร็จ
D101,T5,2567-สค-611,หมายเหตุ,ข้อความ,
D101,T5,2567-ทถ-336,รหัสกิจกรรม,ข้อความ,2567-ทถ-336
D101,T5,2567-ทถ-336,ชื่อกิจกรรม,ข้อความ,กิจกรรมสำรวจข้อมูลครัวเรือนยากจนเป้าหมาย
D101,T5,2567-ทถ-336,หน่วยงานรับผิดชอบ,ข้อความ,สำนักงานสาธารณสุขจังหวัดตราด
D101,T5,2567-ทถ-336,งบจัดสรร,เงินบาท,325500
D101,T5,2567-ทถ-336,เบิกจ่าย,เงินบาท,253500
D101,T5,2567-ทถ-336,จำนวนผู้เข้าร่วม,จำนวนนับ,215
D101,T5,2567-ทถ-336,กลุ่มเป้าหมาย,รายการ,นักเรียนและนักศึกษา
D101,T5,2567-ทถ-336,สถานะ,ข้อความ,ดำเนินการแล้วเสร็จ
D101,T5,2567-ทถ-336,หมายเหตุ,ข้อความ,
D102,T5,2568-ศษ-120,รหัสกิจกรรม,ข้อความ,2568-ศษ-120
D102,T5,2568-ศษ-120,ชื่อกิจกรรม,ข้อความ,กิจกรรมจัดประชุมอาสาสมัครสาธารณสุขประจำหมู่บ้าน
D102,T5,2568-ศษ-120,หน่วยงานรับผิดชอบ,ข้อความ,สำนักงานพัฒนาชุมชนอำเภอปากช่อง
D102,T5,2568-ศษ-120,งบจัดสรร,เงินบาท,425500
D102,T5,2568-ศษ-120,เบิกจ่าย,เงินบาท,238500
D102,T5,2568-ศษ-120,จำนวนผู้เข้าร่วม,จำนวนนับ,1360
D102,T5,2568-ศษ-120,กลุ่มเป้าหมาย,รายการ,ผู้ปกครองเด็กก่อนวัยเรียน
D102,T5,2568-ศษ-120,สถานะ,ข้อความ,ดำเนินการแล้วเสร็จ
D102,T5,2568-ศษ-120,หมายเหตุ,ข้อความ,
D102,T5,2568-สค-220,รหัสกิจกรรม,ข้อความ,2568-สค-220
D102,T5,2568-สค-220,ชื่อกิจกรรม,ข้อความ,กิจกรรมประชาสัมพันธ์แผนพัฒนาท้องถิ่นห้าปี
D102,T5,2568-สค-220,หน่วยงานรับผิดชอบ,ข้อความ,พช.อ.ปากช่อง
D102,T5,2568-สค-220,งบจัดสรร,เงินบาท,539000
D102,T5,2568-สค-220,เบิกจ่าย,เงินบาท,420000
D102,T5,2568-สค-220,จำนวนผู้เข้าร่วม,จำนวนนับ,141
D102,T5,2568-สค-220,กลุ่มเป้าหมาย,รายการ,กลุ่มออมทรัพย์เพื่อการผลิต
D102,T5,2568-สค-220,สถานะ,ข้อความ,ดำเนินการแล้วเสร็จ
D102,T5,2568-สค-220,หมายเหตุ,ข้อความ,
D102,T5,2568-กษ-607,รหัสกิจกรรม,ข้อความ,2568-กษ-607
D102,T5,2568-กษ-607,ชื่อกิจกรรม,ข้อความ,โครงการตรวจเยี่ยมอาสาสมัครสาธารณสุขประจำหมู่บ้าน
D102,T5,2568-กษ-607,หน่วยงานรับผิดชอบ,ข้อความ,พช.อ.ปากช่อง
D102,T5,2568-กษ-607,งบจัดสรร,เงินบาท,435000
D102,T5,2568-กษ-607,เบิกจ่าย,เงินบาท,264000
D102,T5,2568-กษ-607,จำนวนผู้เข้าร่วม,จำนวนนับ,175
D102,T5,2568-กษ-607,กลุ่มเป้าหมาย,รายการ,ข้าราชการและเจ้าหน้าที่ของรัฐ
D102,T5,2568-กษ-607,สถานะ,ข้อความ,ดำเนินการแล้วเสร็จ
D102,T5,2568-กษ-607,หมายเหตุ,ข้อความ,
D102,T5,2568-กษ-277,รหัสกิจกรรม,ข้อความ,2568-กษ-277
D102,T5,2568-กษ-277,ชื่อกิจกรรม,ข้อความ,กิจกรรมอบรมเชิงปฏิบัติการการเกษตรปลอดภัย
D102,T5,2568-กษ-277,หน่วยงานรับผิดชอบ,ข้อความ,สำนักงานพัฒนาชุมชนอำเภอปากช่อง
D102,T5,2568-กษ-277,งบจัดสรร,เงินบาท,241000
D102,T5,2568-กษ-277,เบิกจ่าย,เงินบาท,196000
D102,T5,2568-กษ-277,จำนวนผู้เข้าร่วม,จำนวนนับ,82
D102,T5,2568-กษ-277,กลุ่มเป้าหมาย,รายการ,ผู้นำศาสนา
D102,T5,2568-กษ-277,สถานะ,ข้อความ,ดำเนินการแล้วเสร็จ
D102,T5,2568-กษ-277,หมายเหตุ,ข้อความ,
D102,T5,2568-สค-229,รหัสกิจกรรม,ข้อความ,2568-สค-229
D102,T5,2568-สค-229,ชื่อกิจกรรม,ข้อความ,กิจกรรมสำรวจข้อมูลครัวเรือนยากจนเป้าหมาย
D102,T5,2568-สค-229,หน่วยงานรับผิดชอบ,ข้อความ,พช.อ.ปากช่อง
D102,T5,2568-สค-229,งบจัดสรร,เงินบาท,649500
D102,T5,2568-สค-229,เบิกจ่าย,เงินบาท,555500
D102,T5,2568-สค-229,จำนวนผู้เข้าร่วม,จำนวนนับ,163
D102,T5,2568-สค-229,กลุ่มเป้าหมาย,รายการ,เกษตรกรผู้เลี้ยงโคเนื้อ
D102,T5,2568-สค-229,สถานะ,ข้อความ,ดำเนินการแล้วเสร็จ
D102,T5,2568-สค-229,หมายเหตุ,ข้อความ,
D102,T5,2568-ทถ-289,รหัสกิจกรรม,ข้อความ,2568-ทถ-289
D102,T5,2568-ทถ-289,ชื่อกิจกรรม,ข้อความ,โครงการตรวจเยี่ยมกองทุนสวัสดิการชุมชน
D102,T5,2568-ทถ-289,หน่วยงานรับผิดชอบ,ข้อความ,สำนักงานพัฒนาชุมชนอำเภอปากช่อง
D102,T5,2568-ทถ-289,งบจัดสรร,เงินบาท,423500
D102,T5,2568-ทถ-289,เบิกจ่าย,เงินบาท,316000
D102,T5,2568-ทถ-289,จำนวนผู้เข้าร่วม,จำนวนนับ,590
D102,T5,2568-ทถ-289,กลุ่มเป้าหมาย,รายการ,เกษตรกรและผู้ประกอบการรายย่อย
D102,T5,2568-ทถ-289,สถานะ,ข้อความ,ดำเนินการแล้วเสร็จ
D102,T5,2568-ทถ-289,หมายเหตุ,ข้อความ,
D102,T5,2568-ทถ-570,รหัสกิจกรรม,ข้อความ,2568-ทถ-570
D102,T5,2568-ทถ-570,ชื่อกิจกรรม,ข้อความ,โครงการจัดเก็บข้อมูลศูนย์พัฒนาเด็กเล็ก
D102,T5,2568-ทถ-570,หน่วยงานรับผิดชอบ,ข้อความ,พช.อ.ปากช่อง
D102,T5,2568-ทถ-570,งบจัดสรร,เงินบาท,503000
D102,T5,2568-ทถ-570,เบิกจ่าย,เงินบาท,427000
D102,T5,2568-ทถ-570,จำนวนผู้เข้าร่วม,จำนวนนับ,116
D102,T5,2568-ทถ-570,กลุ่มเป้าหมาย,รายการ,ผู้ประกันตนตามมาตรา 40
D102,T5,2568-ทถ-570,สถานะ,ข้อความ,ดำเนินการแล้วเสร็จ
D102,T5,2568-ทถ-570,หมายเหตุ,ข้อความ,
D103,T5,2568-สค-443,รหัสกิจกรรม,ข้อความ,2568-สค-443
D103,T5,2568-สค-443,ชื่อกิจกรรม,ข้อความ,กิจกรรมจัดเก็บข้อมูลการจัดการน้ำเสียชุมชน
D103,T5,2568-สค-443,หน่วยงานรับผิดชอบ,ข้อความ,สำนักงานพัฒนาสังคมและความมั่นคงของมนุษย์จังหวัดลำปาง
D103,T5,2568-สค-443,งบจัดสรร,เงินบาท,743000
D103,T5,2568-สค-443,เบิกจ่าย,เงินบาท,577500
D103,T5,2568-สค-443,จำนวนผู้เข้าร่วม,จำนวนนับ,134
D103,T5,2568-สค-443,กลุ่มเป้าหมาย,รายการ,ผู้ค้าในตลาดสด
D103,T5,2568-สค-443,สถานะ,ข้อความ,ดำเนินการแล้วเสร็จ
D103,T5,2568-สค-443,หมายเหตุ,ข้อความ,
D103,T5,2568-กษ-058,รหัสกิจกรรม,ข้อความ,2568-กษ-058
D103,T5,2568-กษ-058,ชื่อกิจกรรม,ข้อความ,โครงการจัดประชุมศูนย์พัฒนาเด็กเล็ก
D103,T5,2568-กษ-058,หน่วยงานรับผิดชอบ,ข้อความ,สำนักงานพัฒนาสังคมและความมั่นคงของมนุษย์จังหวัดลำปาง
D103,T5,2568-กษ-058,งบจัดสรร,เงินบาท,224000
D103,T5,2568-กษ-058,เบิกจ่าย,เงินบาท,184500
D103,T5,2568-กษ-058,จำนวนผู้เข้าร่วม,จำนวนนับ,1294
D103,T5,2568-กษ-058,กลุ่มเป้าหมาย,รายการ,ผู้ต้องขัง
D103,T5,2568-กษ-058,สถานะ,ข้อความ,ดำเนินการแล้วเสร็จ
D103,T5,2568-กษ-058,หมายเหตุ,ข้อความ,
D103,T5,2568-สธ-006,รหัสกิจกรรม,ข้อความ,2568-สธ-006
D103,T5,2568-สธ-006,ชื่อกิจกรรม,ข้อความ,กิจกรรมบำรุงรักษาอาสาสมัครสาธารณสุขประจำหมู่บ้าน
D103,T5,2568-สธ-006,หน่วยงานรับผิดชอบ,ข้อความ,สำนักงานพัฒนาสังคมและความมั่นคงของมนุษย์จังหวัดลำปาง
D103,T5,2568-สธ-006,งบจัดสรร,เงินบาท,193000
D103,T5,2568-สธ-006,เบิกจ่าย,เงินบาท,188000
D103,T5,2568-สธ-006,จำนวนผู้เข้าร่วม,จำนวนนับ,61
D103,T5,2568-สธ-006,กลุ่มเป้าหมาย,รายการ,เจ้าหน้าที่ท้องถิ่น
D103,T5,2568-สธ-006,สถานะ,ข้อความ,ดำเนินการแล้วเสร็จ
D103,T5,2568-สธ-006,หมายเหตุ,ข้อความ,
D103,T5,2568-ทถ-744,รหัสกิจกรรม,ข้อความ,2568-ทถ-744
D103,T5,2568-ทถ-744,ชื่อกิจกรรม,ข้อความ,โครงการจัดประชุมแผนพัฒนาท้องถิ่นห้าปี
D103,T5,2568-ทถ-744,หน่วยงานรับผิดชอบ,ข้อความ,พมจ.ลำปาง
D103,T5,2568-ทถ-744,งบจัดสรร,เงินบาท,183500
D103,T5,2568-ทถ-744,เบิกจ่าย,เงินบาท,152500
D103,T5,2568-ทถ-744,จำนวนผู้เข้าร่วม,จำนวนนับ,458
D103,T5,2568-ทถ-744,กลุ่มเป้าหมาย,รายการ,กลุ่มวิสาหกิจชุมชน
D103,T5,2568-ทถ-744,สถานะ,ข้อความ,ดำเนินการแล้วเสร็จ
D103,T5,2568-ทถ-744,หมายเหตุ,ข้อความ,
D103,T5,2568-พช-905,รหัสกิจกรรม,ข้อความ,2568-พช-905
D103,T5,2568-พช-905,ชื่อกิจกรรม,ข้อความ,กิจกรรมจัดประชุมกองทุนสวัสดิการชุมชน
D103,T5,2568-พช-905,หน่วยงานรับผิดชอบ,ข้อความ,พมจ.ลำปาง
D103,T5,2568-พช-905,งบจัดสรร,เงินบาท,694500
D103,T5,2568-พช-905,เบิกจ่าย,เงินบาท,463500
D103,T5,2568-พช-905,จำนวนผู้เข้าร่วม,จำนวนนับ,120
D103,T5,2568-พช-905,กลุ่มเป้าหมาย,รายการ,ผู้ประกอบการร้านอาหาร
D103,T5,2568-พช-905,สถานะ,ข้อความ,ดำเนินการแล้วเสร็จ
D103,T5,2568-พช-905,หมายเหตุ,ข้อความ,
D103,T5,2568-ศษ-254,รหัสกิจกรรม,ข้อความ,2568-ศษ-254
D103,T5,2568-ศษ-254,ชื่อกิจกรรม,ข้อความ,โครงการประชาสัมพันธ์การเกษตรปลอดภัย
D103,T5,2568-ศษ-254,หน่วยงานรับผิดชอบ,ข้อความ,พมจ.ลำปาง
D103,T5,2568-ศษ-254,งบจัดสรร,เงินบาท,478000
D103,T5,2568-ศษ-254,เบิกจ่าย,เงินบาท,338000
D103,T5,2568-ศษ-254,จำนวนผู้เข้าร่วม,จำนวนนับ,219
D103,T5,2568-ศษ-254,กลุ่มเป้าหมาย,รายการ,กลุ่มเปราะบางและผู้ด้อยโอกาส
D103,T5,2568-ศษ-254,สถานะ,ข้อความ,ดำเนินการแล้วเสร็จ
D103,T5,2568-ศษ-254,หมายเหตุ,ข้อความ,
D104,T5,2567-ศษ-800,รหัสกิจกรรม,ข้อความ,2567-ศษ-800
D104,T5,2567-ศษ-800,ชื่อกิจกรรม,ข้อความ,โครงการตรวจเยี่ยมการป้องกันโรคไข้เลือดออก
D104,T5,2567-ศษ-800,หน่วยงานรับผิดชอบ,ข้อความ,องค์การบริหารส่วนตำบลหนองปลาไหล
D104,T5,2567-ศษ-800,งบจัดสรร,เงินบาท,277000
D104,T5,2567-ศษ-800,เบิกจ่าย,เงินบาท,162000
D104,T5,2567-ศษ-800,จำนวนผู้เข้าร่วม,จำนวนนับ,42
D104,T5,2567-ศษ-800,กลุ่มเป้าหมาย,รายการ,อาสาสมัครป้องกันภัยฝ่ายพลเรือน
D104,T5,2567-ศษ-800,สถานะ,ข้อความ,ดำเนินการแล้วเสร็จ
D104,T5,2567-ศษ-800,หมายเหตุ,ข้อความ,
D104,T5,2567-กษ-357,รหัสกิจกรรม,ข้อความ,2567-กษ-357
D104,T5,2567-กษ-357,ชื่อกิจกรรม,ข้อความ,กิจกรรมจัดเก็บข้อมูลกลุ่มวิสาหกิจชุมชน
D104,T5,2567-กษ-357,หน่วยงานรับผิดชอบ,ข้อความ,องค์การบริหารส่วนตำบลหนองปลาไหล
D104,T5,2567-กษ-357,งบจัดสรร,เงินบาท,188500
D104,T5,2567-กษ-357,เบิกจ่าย,เงินบาท,156500
D104,T5,2567-กษ-357,จำนวนผู้เข้าร่วม,จำนวนนับ,166
D104,T5,2567-กษ-357,กลุ่มเป้าหมาย,รายการ,ผู้ค้าในตลาดสด
D104,T5,2567-กษ-357,สถานะ,ข้อความ,ดำเนินการแล้วเสร็จ
D104,T5,2567-กษ-357,หมายเหตุ,ข้อความ,
D104,T5,2567-ศษ-067,รหัสกิจกรรม,ข้อความ,2567-ศษ-067
D104,T5,2567-ศษ-067,ชื่อกิจกรรม,ข้อความ,โครงการจัดเก็บข้อมูลเศรษฐกิจฐานราก
D104,T5,2567-ศษ-067,หน่วยงานรับผิดชอบ,ข้อความ,อบต.หนองปลาไหล
D104,T5,2567-ศษ-067,งบจัดสรร,เงินบาท,498500
D104,T5,2567-ศษ-067,เบิกจ่าย,เงินบาท,432000
D104,T5,2567-ศษ-067,จำนวนผู้เข้าร่วม,จำนวนนับ,605
D104,T5,2567-ศษ-067,กลุ่มเป้าหมาย,รายการ,ผู้พิการและผู้ดูแล
D104,T5,2567-ศษ-067,สถานะ,ข้อความ,ดำเนินการแล้วเสร็จ
D104,T5,2567-ศษ-067,หมายเหตุ,ข้อความ,
D104,T5,2567-ทถ-627,รหัสกิจกรรม,ข้อความ,2567-ทถ-627
D104,T5,2567-ทถ-627,ชื่อกิจกรรม,ข้อความ,กิจกรรมประชาสัมพันธ์ศูนย์พัฒนาเด็กเล็ก
D104,T5,2567-ทถ-627,หน่วยงานรับผิดชอบ,ข้อความ,อบต.หนองปลาไหล
D104,T5,2567-ทถ-627,งบจัดสรร,เงินบาท,467500
D104,T5,2567-ทถ-627,เบิกจ่าย,เงินบาท,446000
D104,T5,2567-ทถ-627,จำนวนผู้เข้าร่วม,จำนวนนับ,171
D104,T5,2567-ทถ-627,กลุ่มเป้าหมาย,รายการ,ผู้ป่วยติดเตียงและผู้ดูแลที่บ้าน
D104,T5,2567-ทถ-627,สถานะ,ข้อความ,ดำเนินการแล้วเสร็จ
D104,T5,2567-ทถ-627,หมายเหตุ,ข้อความ,
D104,T5,2567-กษ-874,รหัสกิจกรรม,ข้อความ,2567-กษ-874
D104,T5,2567-กษ-874,ชื่อกิจกรรม,ข้อความ,กิจกรรมประชาสัมพันธ์ถนนสายหลักในเขตพื้นที่
D104,T5,2567-กษ-874,หน่วยงานรับผิดชอบ,ข้อความ,อบต.หนองปลาไหล
D104,T5,2567-กษ-874,งบจัดสรร,เงินบาท,377500
D104,T5,2567-กษ-874,เบิกจ่าย,เงินบาท,272500
D104,T5,2567-กษ-874,จำนวนผู้เข้าร่วม,จำนวนนับ,119
D104,T5,2567-กษ-874,กลุ่มเป้าหมาย,รายการ,แกนนำสุขภาพประจำครอบครัว
D104,T5,2567-กษ-874,สถานะ,ข้อความ,ดำเนินการแล้วเสร็จ
D104,T5,2567-กษ-874,หมายเหตุ,ข้อความ,
D104,T5,2567-ทถ-814,รหัสกิจกรรม,ข้อความ,2567-ทถ-814
D104,T5,2567-ทถ-814,ชื่อกิจกรรม,ข้อความ,โครงการจัดประชุมการจัดการน้ำเสียชุมชน
D104,T5,2567-ทถ-814,หน่วยงานรับผิดชอบ,ข้อความ,อบต.หนองปลาไหล
D104,T5,2567-ทถ-814,งบจัดสรร,เงินบาท,79500
D104,T5,2567-ทถ-814,เบิกจ่าย,เงินบาท,60500
D104,T5,2567-ทถ-814,จำนวนผู้เข้าร่วม,จำนวนนับ,83
D104,T5,2567-ทถ-814,กลุ่มเป้าหมาย,รายการ,กลุ่มออมทรัพย์เพื่อการผลิต
D104,T5,2567-ทถ-814,สถานะ,ข้อความ,ดำเนินการแล้วเสร็จ
D104,T5,2567-ทถ-814,หมายเหตุ,ข้อความ,
D104,T5,2567-พช-313,รหัสกิจกรรม,ข้อความ,2567-พช-313
D104,T5,2567-พช-313,ชื่อกิจกรรม,ข้อความ,โครงการตรวจเยี่ยมอาสาสมัครสาธารณสุขประจำหมู่บ้าน
D104,T5,2567-พช-313,หน่วยงานรับผิดชอบ,ข้อความ,องค์การบริหารส่วนตำบลหนองปลาไหล
D104,T5,2567-พช-313,งบจัดสรร,เงินบาท,201000
D104,T5,2567-พช-313,เบิกจ่าย,เงินบาท,165000
D104,T5,2567-พช-313,จำนวนผู้เข้าร่วม,จำนวนนับ,1408
D104,T5,2567-พช-313,กลุ่มเป้าหมาย,รายการ,ผู้พิการและผู้ดูแล
D104,T5,2567-พช-313,สถานะ,ข้อความ,ดำเนินการแล้วเสร็จ
D104,T5,2567-พช-313,หมายเหตุ,ข้อความ,
D105,T5,2567-ทถ-902,รหัสกิจกรรม,ข้อความ,2567-ทถ-902
D105,T5,2567-ทถ-902,ชื่อกิจกรรม,ข้อความ,โครงการประชาสัมพันธ์กลุ่มวิสาหกิจชุมชน
D105,T5,2567-ทถ-902,หน่วยงานรับผิดชอบ,ข้อความ,สำนักงานส่งเสริมการปกครองท้องถิ่นจังหวัดชุมพร
D105,T5,2567-ทถ-902,งบจัดสรร,เงินบาท,352000
D105,T5,2567-ทถ-902,เบิกจ่าย,เงินบาท,270000
D105,T5,2567-ทถ-902,จำนวนผู้เข้าร่วม,จำนวนนับ,199
D105,T5,2567-ทถ-902,กลุ่มเป้าหมาย,รายการ,ผู้ค้าในตลาดสด
D105,T5,2567-ทถ-902,สถานะ,ข้อความ,ดำเนินการแล้วเสร็จ
D105,T5,2567-ทถ-902,หมายเหตุ,ข้อความ,
D105,T5,2567-พช-265,รหัสกิจกรรม,ข้อความ,2567-พช-265
D105,T5,2567-พช-265,ชื่อกิจกรรม,ข้อความ,โครงการตรวจเยี่ยมเศรษฐกิจฐานราก
D105,T5,2567-พช-265,หน่วยงานรับผิดชอบ,ข้อความ,สำนักงานส่งเสริมการปกครองท้องถิ่นจังหวัดชุมพร
D105,T5,2567-พช-265,งบจัดสรร,เงินบาท,302500
D105,T5,2567-พช-265,เบิกจ่าย,เงินบาท,290000
D105,T5,2567-พช-265,จำนวนผู้เข้าร่วม,จำนวนนับ,92
D105,T5,2567-พช-265,กลุ่มเป้าหมาย,รายการ,อาสาสมัครสาธารณสุขประจำหมู่บ้าน
D105,T5,2567-พช-265,สถานะ,ข้อความ,ดำเนินการแล้วเสร็จ
D105,T5,2567-พช-265,หมายเหตุ,ข้อความ,
D105,T5,2567-ศษ-816,รหัสกิจกรรม,ข้อความ,2567-ศษ-816
D105,T5,2567-ศษ-816,ชื่อกิจกรรม,ข้อความ,โครงการประชาสัมพันธ์กลุ่มวิสาหกิจชุมชน
D105,T5,2567-ศษ-816,หน่วยงานรับผิดชอบ,ข้อความ,สถจ.ชุมพร
D105,T5,2567-ศษ-816,งบจัดสรร,เงินบาท,266500
D105,T5,2567-ศษ-816,เบิกจ่าย,เงินบาท,188000
D105,T5,2567-ศษ-816,จำนวนผู้เข้าร่วม,จำนวนนับ,1176
D105,T5,2567-ศษ-816,กลุ่มเป้าหมาย,รายการ,กลุ่มออมทรัพย์เพื่อการผลิต
D105,T5,2567-ศษ-816,สถานะ,ข้อความ,ดำเนินการแล้วเสร็จ
D105,T5,2567-ศษ-816,หมายเหตุ,ข้อความ,
D105,T5,2567-ศษ-289,รหัสกิจกรรม,ข้อความ,2567-ศษ-289
D105,T5,2567-ศษ-289,ชื่อกิจกรรม,ข้อความ,กิจกรรมอบรมเชิงปฏิบัติการเศรษฐกิจฐานราก
D105,T5,2567-ศษ-289,หน่วยงานรับผิดชอบ,ข้อความ,สถจ.ชุมพร
D105,T5,2567-ศษ-289,งบจัดสรร,เงินบาท,561000
D105,T5,2567-ศษ-289,เบิกจ่าย,เงินบาท,353500
D105,T5,2567-ศษ-289,จำนวนผู้เข้าร่วม,จำนวนนับ,42
D105,T5,2567-ศษ-289,กลุ่มเป้าหมาย,รายการ,นักท่องเที่ยว
D105,T5,2567-ศษ-289,สถานะ,ข้อความ,ดำเนินการแล้วเสร็จ
D105,T5,2567-ศษ-289,หมายเหตุ,ข้อความ,
D105,T5,2567-พช-871,รหัสกิจกรรม,ข้อความ,2567-พช-871
D105,T5,2567-พช-871,ชื่อกิจกรรม,ข้อความ,โครงการประชาสัมพันธ์เศรษฐกิจฐานราก
D105,T5,2567-พช-871,หน่วยงานรับผิดชอบ,ข้อความ,สถจ.ชุมพร
D105,T5,2567-พช-871,งบจัดสรร,เงินบาท,251000
D105,T5,2567-พช-871,เบิกจ่าย,เงินบาท,234000
D105,T5,2567-พช-871,จำนวนผู้เข้าร่วม,จำนวนนับ,249
D105,T5,2567-พช-871,กลุ่มเป้าหมาย,รายการ,ผู้นำศาสนา
D105,T5,2567-พช-871,สถานะ,ข้อความ,ดำเนินการแล้วเสร็จ
D105,T5,2567-พช-871,หมายเหตุ,ข้อความ,
D105,T5,2567-ทถ-829,รหัสกิจกรรม,ข้อความ,2567-ทถ-829
D105,T5,2567-ทถ-829,ชื่อกิจกรรม,ข้อความ,โครงการจัดประชุมระบบประปาหมู่บ้าน
D105,T5,2567-ทถ-829,หน่วยงานรับผิดชอบ,ข้อความ,สถจ.ชุมพร
D105,T5,2567-ทถ-829,งบจัดสรร,เงินบาท,802000
D105,T5,2567-ทถ-829,เบิกจ่าย,เงินบาท,755000
D105,T5,2567-ทถ-829,จำนวนผู้เข้าร่วม,จำนวนนับ,400
D105,T5,2567-ทถ-829,กลุ่มเป้าหมาย,รายการ,แรงงานนอกระบบ
D105,T5,2567-ทถ-829,สถานะ,ข้อความ,ดำเนินการแล้วเสร็จ
D105,T5,2567-ทถ-829,หมายเหตุ,ข้อความ,
D106,T5,2568-กษ-467,รหัสกิจกรรม,ข้อความ,2568-กษ-467
D106,T5,2568-กษ-467,ชื่อกิจกรรม,ข้อความ,โครงการจัดประชุมถนนสายหลักในเขตพื้นที่
D106,T5,2568-กษ-467,หน่วยงานรับผิดชอบ,ข้อความ,องค์การบริหารส่วนตำบลบ้านแหลม
D106,T5,2568-กษ-467,งบจัดสรร,เงินบาท,242000
D106,T5,2568-กษ-467,เบิกจ่าย,เงินบาท,133500
D106,T5,2568-กษ-467,จำนวนผู้เข้าร่วม,จำนวนนับ,331
D106,T5,2568-กษ-467,กลุ่มเป้าหมาย,รายการ,ผู้ประกันตนตามมาตรา 40
D106,T5,2568-กษ-467,สถานะ,ข้อความ,ดำเนินการแล้วเสร็จ
D106,T5,2568-กษ-467,หมายเหตุ,ข้อความ,
D106,T5,2568-ศษ-581,รหัสกิจกรรม,ข้อความ,2568-ศษ-581
D106,T5,2568-ศษ-581,ชื่อกิจกรรม,ข้อความ,โครงการจัดประชุมการป้องกันโรคไข้เลือดออก
D106,T5,2568-ศษ-581,หน่วยงานรับผิดชอบ,ข้อความ,อบต.บ้านแหลม
D106,T5,2568-ศษ-581,งบจัดสรร,เงินบาท,494000
D106,T5,2568-ศษ-581,เบิกจ่าย,เงินบาท,395500
D106,T5,2568-ศษ-581,จำนวนผู้เข้าร่วม,จำนวนนับ,50
D106,T5,2568-ศษ-581,กลุ่มเป้าหมาย,รายการ,ครัวเรือนยากจน
D106,T5,2568-ศษ-581,สถานะ,ข้อความ,ดำเนินการแล้วเสร็จ
D106,T5,2568-ศษ-581,หมายเหตุ,ข้อความ,
D106,T5,2568-ศษ-661,รหัสกิจกรรม,ข้อความ,2568-ศษ-661
D106,T5,2568-ศษ-661,ชื่อกิจกรรม,ข้อความ,กิจกรรมจัดประชุมเศรษฐกิจฐานราก
D106,T5,2568-ศษ-661,หน่วยงานรับผิดชอบ,ข้อความ,อบต.บ้านแหลม
D106,T5,2568-ศษ-661,งบจัดสรร,เงินบาท,575500
D106,T5,2568-ศษ-661,เบิกจ่าย,เงินบาท,429000
D106,T5,2568-ศษ-661,จำนวนผู้เข้าร่วม,จำนวนนับ,1121
D106,T5,2568-ศษ-661,กลุ่มเป้าหมาย,รายการ,กลุ่มออมทรัพย์เพื่อการผลิต
D106,T5,2568-ศษ-661,สถานะ,ข้อความ,ดำเนินการแล้วเสร็จ
D106,T5,2568-ศษ-661,หมายเหตุ,ข้อความ,
D106,T5,2568-สค-968,รหัสกิจกรรม,ข้อความ,2568-สค-968
D106,T5,2568-สค-968,ชื่อกิจกรรม,ข้อความ,โครงการอบรมเชิงปฏิบัติการการเกษตรปลอดภัย
D106,T5,2568-สค-968,หน่วยงานรับผิดชอบ,ข้อความ,องค์การบริหารส่วนตำบลบ้านแหลม
D106,T5,2568-สค-968,งบจัดสรร,เงินบาท,122000
D106,T5,2568-สค-968,เบิกจ่าย,เงินบาท,83500
D106,T5,2568-สค-968,จำนวนผู้เข้าร่วม,จำนวนนับ,38
D106,T5,2568-สค-968,กลุ่มเป้าหมาย,รายการ,ผู้นำชุมชนและปราชญ์ชาวบ้าน
D106,T5,2568-สค-968,สถานะ,ข้อความ,ดำเนินการแล้วเสร็จ
D106,T5,2568-สค-968,หมายเหตุ,ข้อความ,
D106,T5,2568-พช-522,รหัสกิจกรรม,ข้อความ,2568-พช-522
D106,T5,2568-พช-522,ชื่อกิจกรรม,ข้อความ,กิจกรรมจัดทำแผนอาสาสมัครสาธารณสุขประจำหมู่บ้าน
D106,T5,2568-พช-522,หน่วยงานรับผิดชอบ,ข้อความ,อบต.บ้านแหลม
D106,T5,2568-พช-522,งบจัดสรร,เงินบาท,175500
D106,T5,2568-พช-522,เบิกจ่าย,เงินบาท,152000
D106,T5,2568-พช-522,จำนวนผู้เข้าร่วม,จำนวนนับ,222
D106,T5,2568-พช-522,กลุ่มเป้าหมาย,รายการ,แกนนำสุขภาพประจำครอบครัว
D106,T5,2568-พช-522,สถานะ,ข้อความ,ดำเนินการแล้วเสร็จ
D106,T5,2568-พช-522,หมายเหตุ,ข้อความ,
D106,T5,2568-ศษ-582,รหัสกิจกรรม,ข้อความ,2568-ศษ-582
D106,T5,2568-ศษ-582,ชื่อกิจกรรม,ข้อความ,โครงการตรวจเยี่ยมอาสาสมัครสาธารณสุขประจำหมู่บ้าน
D106,T5,2568-ศษ-582,หน่วยงานรับผิดชอบ,ข้อความ,อบต.บ้านแหลม
D106,T5,2568-ศษ-582,งบจัดสรร,เงินบาท,405000
D106,T5,2568-ศษ-582,เบิกจ่าย,เงินบาท,292000
D106,T5,2568-ศษ-582,จำนวนผู้เข้าร่วม,จำนวนนับ,38
D106,T5,2568-ศษ-582,กลุ่มเป้าหมาย,รายการ,เด็กและเยาวชน
D106,T5,2568-ศษ-582,สถานะ,ข้อความ,ดำเนินการแล้วเสร็จ
D106,T5,2568-ศษ-582,หมายเหตุ,ข้อความ,
D107,T5,2568-สธ-372,รหัสกิจกรรม,ข้อความ,2568-สธ-372
D107,T5,2568-สธ-372,ชื่อกิจกรรม,ข้อความ,โครงการสำรวจข้อมูลถนนสายหลักในเขตพื้นที่
D107,T5,2568-สธ-372,หน่วยงานรับผิดชอบ,ข้อความ,สำนักงานเขตดอนเมือง
D107,T5,2568-สธ-372,งบจัดสรร,เงินบาท,847500
D107,T5,2568-สธ-372,เบิกจ่าย,เงินบาท,759500
D107,T5,2568-สธ-372,จำนวนผู้เข้าร่วม,จำนวนนับ,1459
D107,T5,2568-สธ-372,กลุ่มเป้าหมาย,รายการ,กลุ่มเปราะบางและผู้ด้อยโอกาส
D107,T5,2568-สธ-372,สถานะ,ข้อความ,ดำเนินการแล้วเสร็จ
D107,T5,2568-สธ-372,หมายเหตุ,ข้อความ,
D107,T5,2568-ศษ-134,รหัสกิจกรรม,ข้อความ,2568-ศษ-134
D107,T5,2568-ศษ-134,ชื่อกิจกรรม,ข้อความ,โครงการสำรวจข้อมูลคุณภาพชีวิตผู้สูงอายุ
D107,T5,2568-ศษ-134,หน่วยงานรับผิดชอบ,ข้อความ,สำนักงานเขตดอนเมือง
D107,T5,2568-ศษ-134,งบจัดสรร,เงินบาท,221500
D107,T5,2568-ศษ-134,เบิกจ่าย,เงินบาท,180000
D107,T5,2568-ศษ-134,จำนวนผู้เข้าร่วม,จำนวนนับ,154
D107,T5,2568-ศษ-134,กลุ่มเป้าหมาย,รายการ,กลุ่มเปราะบางและผู้ด้อยโอกาส
D107,T5,2568-ศษ-134,สถานะ,ข้อความ,ดำเนินการแล้วเสร็จ
D107,T5,2568-ศษ-134,หมายเหตุ,ข้อความ,
D107,T5,2568-กษ-928,รหัสกิจกรรม,ข้อความ,2568-กษ-928
D107,T5,2568-กษ-928,ชื่อกิจกรรม,ข้อความ,กิจกรรมสำรวจข้อมูลระบบประปาหมู่บ้าน
D107,T5,2568-กษ-928,หน่วยงานรับผิดชอบ,ข้อความ,สนง.เขตดอนเมือง
D107,T5,2568-กษ-928,งบจัดสรร,เงินบาท,362500
D107,T5,2568-กษ-928,เบิกจ่าย,เงินบาท,233500
D107,T5,2568-กษ-928,จำนวนผู้เข้าร่วม,จำนวนนับ,121
D107,T5,2568-กษ-928,กลุ่มเป้าหมาย,รายการ,ข้าราชการและเจ้าหน้าที่ของรัฐ
D107,T5,2568-กษ-928,สถานะ,ข้อความ,ดำเนินการแล้วเสร็จ
D107,T5,2568-กษ-928,หมายเหตุ,ข้อความ,
D107,T5,2568-สค-588,รหัสกิจกรรม,ข้อความ,2568-สค-588
D107,T5,2568-สค-588,ชื่อกิจกรรม,ข้อความ,โครงการอบรมเชิงปฏิบัติการระบบประปาหมู่บ้าน
D107,T5,2568-สค-588,หน่วยงานรับผิดชอบ,ข้อความ,สำนักงานเขตดอนเมือง
D107,T5,2568-สค-588,งบจัดสรร,เงินบาท,20500
D107,T5,2568-สค-588,เบิกจ่าย,เงินบาท,13000
D107,T5,2568-สค-588,จำนวนผู้เข้าร่วม,จำนวนนับ,36
D107,T5,2568-สค-588,กลุ่มเป้าหมาย,รายการ,กลุ่มเปราะบางและผู้ด้อยโอกาส
D107,T5,2568-สค-588,สถานะ,ข้อความ,ดำเนินการแล้วเสร็จ
D107,T5,2568-สค-588,หมายเหตุ,ข้อความ,
D107,T5,2568-ศษ-682,รหัสกิจกรรม,ข้อความ,2568-ศษ-682
D107,T5,2568-ศษ-682,ชื่อกิจกรรม,ข้อความ,กิจกรรมตรวจเยี่ยมการบริหารจัดการขยะมูลฝอย
D107,T5,2568-ศษ-682,หน่วยงานรับผิดชอบ,ข้อความ,สำนักงานเขตดอนเมือง
D107,T5,2568-ศษ-682,งบจัดสรร,เงินบาท,511500
D107,T5,2568-ศษ-682,เบิกจ่าย,เงินบาท,320500
D107,T5,2568-ศษ-682,จำนวนผู้เข้าร่วม,จำนวนนับ,506
D107,T5,2568-ศษ-682,กลุ่มเป้าหมาย,รายการ,ประชาชนทั่วไป
D107,T5,2568-ศษ-682,สถานะ,ข้อความ,ดำเนินการแล้วเสร็จ
D107,T5,2568-ศษ-682,หมายเหตุ,ข้อความ,
D107,T5,2568-สธ-529,รหัสกิจกรรม,ข้อความ,2568-สธ-529
D107,T5,2568-สธ-529,ชื่อกิจกรรม,ข้อความ,กิจกรรมอบรมเชิงปฏิบัติการศูนย์พัฒนาเด็กเล็ก
D107,T5,2568-สธ-529,หน่วยงานรับผิดชอบ,ข้อความ,สนง.เขตดอนเมือง
D107,T5,2568-สธ-529,งบจัดสรร,เงินบาท,242000
D107,T5,2568-สธ-529,เบิกจ่าย,เงินบาท,161500
D107,T5,2568-สธ-529,จำนวนผู้เข้าร่วม,จำนวนนับ,239
D107,T5,2568-สธ-529,กลุ่มเป้าหมาย,รายการ,เด็กและเยาวชน
D107,T5,2568-สธ-529,สถานะ,ข้อความ,ดำเนินการแล้วเสร็จ
D107,T5,2568-สธ-529,หมายเหตุ,ข้อความ,
D108,T5,2568-กษ-651,รหัสกิจกรรม,ข้อความ,2568-กษ-651
D108,T5,2568-กษ-651,ชื่อกิจกรรม,ข้อความ,กิจกรรมจัดเก็บข้อมูลศูนย์พัฒนาเด็กเล็ก
D108,T5,2568-กษ-651,หน่วยงานรับผิดชอบ,ข้อความ,พช.อ.เมือง
D108,T5,2568-กษ-651,งบจัดสรร,เงินบาท,799000
D108,T5,2568-กษ-651,เบิกจ่าย,เงินบาท,501000
D108,T5,2568-กษ-651,จำนวนผู้เข้าร่วม,จำนวนนับ,202
D108,T5,2568-กษ-651,กลุ่มเป้าหมาย,รายการ,กลุ่มออมทรัพย์เพื่อการผลิต
D108,T5,2568-กษ-651,สถานะ,ข้อความ,ดำเนินการแล้วเสร็จ
D108,T5,2568-กษ-651,หมายเหตุ,ข้อความ,
D108,T5,2568-สค-596,รหัสกิจกรรม,ข้อความ,2568-สค-596
D108,T5,2568-สค-596,ชื่อกิจกรรม,ข้อความ,กิจกรรมจัดประชุมศูนย์พัฒนาเด็กเล็ก
D108,T5,2568-สค-596,หน่วยงานรับผิดชอบ,ข้อความ,สำนักงานพัฒนาชุมชนอำเภอเมือง
D108,T5,2568-สค-596,งบจัดสรร,เงินบาท,499000
D108,T5,2568-สค-596,เบิกจ่าย,เงินบาท,367500
D108,T5,2568-สค-596,จำนวนผู้เข้าร่วม,จำนวนนับ,535
D108,T5,2568-สค-596,กลุ่มเป้าหมาย,รายการ,ผู้ดูแลศูนย์พัฒนาเด็กเล็ก
D108,T5,2568-สค-596,สถานะ,ข้อความ,ดำเนินการแล้วเสร็จ
D108,T5,2568-สค-596,หมายเหตุ,ข้อความ,
D108,T5,2568-สธ-147,รหัสกิจกรรม,ข้อความ,2568-สธ-147
D108,T5,2568-สธ-147,ชื่อกิจกรรม,ข้อความ,โครงการประชาสัมพันธ์เศรษฐกิจฐานราก
D108,T5,2568-สธ-147,หน่วยงานรับผิดชอบ,ข้อความ,พช.อ.เมือง
D108,T5,2568-สธ-147,งบจัดสรร,เงินบาท,448500
D108,T5,2568-สธ-147,เบิกจ่าย,เงินบาท,354000
D108,T5,2568-สธ-147,จำนวนผู้เข้าร่วม,จำนวนนับ,98
D108,T5,2568-สธ-147,กลุ่มเป้าหมาย,รายการ,ครัวเรือนยากจน
D108,T5,2568-สธ-147,สถานะ,ข้อความ,ดำเนินการแล้วเสร็จ
D108,T5,2568-สธ-147,หมายเหตุ,ข้อความ,
D108,T5,2568-กษ-946,รหัสกิจกรรม,ข้อความ,2568-กษ-946
D108,T5,2568-กษ-946,ชื่อกิจกรรม,ข้อความ,โครงการบำรุงรักษาการบริหารจัดการขยะมูลฝอย
D108,T5,2568-กษ-946,หน่วยงานรับผิดชอบ,ข้อความ,สำนักงานพัฒนาชุมชนอำเภอเมือง
D108,T5,2568-กษ-946,งบจัดสรร,เงินบาท,223000
D108,T5,2568-กษ-946,เบิกจ่าย,เงินบาท,214000
D108,T5,2568-กษ-946,จำนวนผู้เข้าร่วม,จำนวนนับ,104
D108,T5,2568-กษ-946,กลุ่มเป้าหมาย,รายการ,ผู้พิการและผู้ดูแล
D108,T5,2568-กษ-946,สถานะ,ข้อความ,ดำเนินการแล้วเสร็จ
D108,T5,2568-กษ-946,หมายเหตุ,ข้อความ,
D108,T5,2568-พช-131,รหัสกิจกรรม,ข้อความ,2568-พช-131
D108,T5,2568-พช-131,ชื่อกิจกรรม,ข้อความ,กิจกรรมบำรุงรักษาศูนย์พัฒนาเด็กเล็ก
D108,T5,2568-พช-131,หน่วยงานรับผิดชอบ,ข้อความ,พช.อ.เมือง
D108,T5,2568-พช-131,งบจัดสรร,เงินบาท,513500
D108,T5,2568-พช-131,เบิกจ่าย,เงินบาท,450000
D108,T5,2568-พช-131,จำนวนผู้เข้าร่วม,จำนวนนับ,149
D108,T5,2568-พช-131,กลุ่มเป้าหมาย,รายการ,สตรีและครอบครัว
D108,T5,2568-พช-131,สถานะ,ข้อความ,ดำเนินการแล้วเสร็จ
D108,T5,2568-พช-131,หมายเหตุ,ข้อความ,
D108,T5,2568-พช-265,รหัสกิจกรรม,ข้อความ,2568-พช-265
D108,T5,2568-พช-265,ชื่อกิจกรรม,ข้อความ,โครงการจัดประชุมถนนสายหลักในเขตพื้นที่
D108,T5,2568-พช-265,หน่วยงานรับผิดชอบ,ข้อความ,สำนักงานพัฒนาชุมชนอำเภอเมือง
D108,T5,2568-พช-265,งบจัดสรร,เงินบาท,140000
D108,T5,2568-พช-265,เบิกจ่าย,เงินบาท,114000
D108,T5,2568-พช-265,จำนวนผู้เข้าร่วม,จำนวนนับ,1542
D108,T5,2568-พช-265,กลุ่มเป้าหมาย,รายการ,เจ้าหน้าที่ท้องถิ่น
D108,T5,2568-พช-265,สถานะ,ข้อความ,ดำเนินการแล้วเสร็จ
D108,T5,2568-พช-265,หมายเหตุ,ข้อความ,
D109,T5,2568-ทถ-589,รหัสกิจกรรม,ข้อความ,2568-ทถ-589
D109,T5,2568-ทถ-589,ชื่อกิจกรรม,ข้อความ,กิจกรรมบำรุงรักษาถนนสายหลักในเขตพื้นที่
D109,T5,2568-ทถ-589,หน่วยงานรับผิดชอบ,ข้อความ,องค์การบริหารส่วนตำบลหนองปลาไหล
D109,T5,2568-ทถ-589,งบจัดสรร,เงินบาท,73500
D109,T5,2568-ทถ-589,เบิกจ่าย,เงินบาท,64000
D109,T5,2568-ทถ-589,จำนวนผู้เข้าร่วม,จำนวนนับ,1539
D109,T5,2568-ทถ-589,กลุ่มเป้าหมาย,รายการ,เด็กและเยาวชน
D109,T5,2568-ทถ-589,สถานะ,ข้อความ,ดำเนินการแล้วเสร็จ
D109,T5,2568-ทถ-589,หมายเหตุ,ข้อความ,
D109,T5,2568-สธ-269,รหัสกิจกรรม,ข้อความ,2568-สธ-269
D109,T5,2568-สธ-269,ชื่อกิจกรรม,ข้อความ,โครงการประชาสัมพันธ์ศูนย์พัฒนาเด็กเล็ก
D109,T5,2568-สธ-269,หน่วยงานรับผิดชอบ,ข้อความ,องค์การบริหารส่วนตำบลหนองปลาไหล
D109,T5,2568-สธ-269,งบจัดสรร,เงินบาท,620000
D109,T5,2568-สธ-269,เบิกจ่าย,เงินบาท,446000
D109,T5,2568-สธ-269,จำนวนผู้เข้าร่วม,จำนวนนับ,80
D109,T5,2568-สธ-269,กลุ่มเป้าหมาย,รายการ,ผู้ประกอบการร้านอาหาร
D109,T5,2568-สธ-269,สถานะ,ข้อความ,ดำเนินการแล้วเสร็จ
D109,T5,2568-สธ-269,หมายเหตุ,ข้อความ,
D109,T5,2568-พช-267,รหัสกิจกรรม,ข้อความ,2568-พช-267
D109,T5,2568-พช-267,ชื่อกิจกรรม,ข้อความ,โครงการบำรุงรักษาการบริหารจัดการขยะมูลฝอย
D109,T5,2568-พช-267,หน่วยงานรับผิดชอบ,ข้อความ,องค์การบริหารส่วนตำบลหนองปลาไหล
D109,T5,2568-พช-267,งบจัดสรร,เงินบาท,20500
D109,T5,2568-พช-267,เบิกจ่าย,เงินบาท,12000
D109,T5,2568-พช-267,จำนวนผู้เข้าร่วม,จำนวนนับ,580
D109,T5,2568-พช-267,กลุ่มเป้าหมาย,รายการ,ผู้ค้าในตลาดสด
D109,T5,2568-พช-267,สถานะ,ข้อความ,ดำเนินการแล้วเสร็จ
D109,T5,2568-พช-267,หมายเหตุ,ข้อความ,
D109,T5,2568-สค-165,รหัสกิจกรรม,ข้อความ,2568-สค-165
D109,T5,2568-สค-165,ชื่อกิจกรรม,ข้อความ,กิจกรรมจัดประชุมการเกษตรปลอดภัย
D109,T5,2568-สค-165,หน่วยงานรับผิดชอบ,ข้อความ,อบต.หนองปลาไหล
D109,T5,2568-สค-165,งบจัดสรร,เงินบาท,436000
D109,T5,2568-สค-165,เบิกจ่าย,เงินบาท,344500
D109,T5,2568-สค-165,จำนวนผู้เข้าร่วม,จำนวนนับ,224
D109,T5,2568-สค-165,กลุ่มเป้าหมาย,รายการ,ผู้ว่างงาน
D109,T5,2568-สค-165,สถานะ,ข้อความ,ดำเนินการแล้วเสร็จ
D109,T5,2568-สค-165,หมายเหตุ,ข้อความ,
D109,T5,2568-พช-037,รหัสกิจกรรม,ข้อความ,2568-พช-037
D109,T5,2568-พช-037,ชื่อกิจกรรม,ข้อความ,โครงการจัดทำแผนอาสาสมัครสาธารณสุขประจำหมู่บ้าน
D109,T5,2568-พช-037,หน่วยงานรับผิดชอบ,ข้อความ,อบต.หนองปลาไหล
D109,T5,2568-พช-037,งบจัดสรร,เงินบาท,378000
D109,T5,2568-พช-037,เบิกจ่าย,เงินบาท,296000
D109,T5,2568-พช-037,จำนวนผู้เข้าร่วม,จำนวนนับ,228
D109,T5,2568-พช-037,กลุ่มเป้าหมาย,รายการ,ผู้นำชุมชนและปราชญ์ชาวบ้าน
D109,T5,2568-พช-037,สถานะ,ข้อความ,ดำเนินการแล้วเสร็จ
D109,T5,2568-พช-037,หมายเหตุ,ข้อความ,
D109,T5,2568-กษ-992,รหัสกิจกรรม,ข้อความ,2568-กษ-992
D109,T5,2568-กษ-992,ชื่อกิจกรรม,ข้อความ,กิจกรรมอบรมเชิงปฏิบัติการการจัดการน้ำเสียชุมชน
D109,T5,2568-กษ-992,หน่วยงานรับผิดชอบ,ข้อความ,องค์การบริหารส่วนตำบลหนองปลาไหล
D109,T5,2568-กษ-992,งบจัดสรร,เงินบาท,554000
D109,T5,2568-กษ-992,เบิกจ่าย,เงินบาท,545000
D109,T5,2568-กษ-992,จำนวนผู้เข้าร่วม,จำนวนนับ,183
D109,T5,2568-กษ-992,กลุ่มเป้าหมาย,รายการ,แกนนำสุขภาพประจำครอบครัว
D109,T5,2568-กษ-992,สถานะ,ข้อความ,ดำเนินการแล้วเสร็จ
D109,T5,2568-กษ-992,หมายเหตุ,ข้อความ,
D110,T5,2567-ศษ-552,รหัสกิจกรรม,ข้อความ,2567-ศษ-552
D110,T5,2567-ศษ-552,ชื่อกิจกรรม,ข้อความ,โครงการประชาสัมพันธ์ครัวเรือนยากจนเป้าหมาย
D110,T5,2567-ศษ-552,หน่วยงานรับผิดชอบ,ข้อความ,สนง.ประมงจังหวัดระนอง
D110,T5,2567-ศษ-552,งบจัดสรร,เงินบาท,578000
D110,T5,2567-ศษ-552,เบิกจ่าย,เงินบาท,476500
D110,T5,2567-ศษ-552,จำนวนผู้เข้าร่วม,จำนวนนับ,42
D110,T5,2567-ศษ-552,กลุ่มเป้าหมาย,รายการ,ผู้ต้องขัง
D110,T5,2567-ศษ-552,สถานะ,ข้อความ,ดำเนินการแล้วเสร็จ
D110,T5,2567-ศษ-552,หมายเหตุ,ข้อความ,
D110,T5,2567-กษ-831,รหัสกิจกรรม,ข้อความ,2567-กษ-831
D110,T5,2567-กษ-831,ชื่อกิจกรรม,ข้อความ,โครงการสำรวจข้อมูลการบริหารจัดการขยะมูลฝอย
D110,T5,2567-กษ-831,หน่วยงานรับผิดชอบ,ข้อความ,สำนักงานประมงจังหวัดระนอง
D110,T5,2567-กษ-831,งบจัดสรร,เงินบาท,610500
D110,T5,2567-กษ-831,เบิกจ่าย,เงินบาท,364000
D110,T5,2567-กษ-831,จำนวนผู้เข้าร่วม,จำนวนนับ,203
D110,T5,2567-กษ-831,กลุ่มเป้าหมาย,รายการ,อาสาสมัครป้องกันภัยฝ่ายพลเรือน
D110,T5,2567-กษ-831,สถานะ,ข้อความ,ดำเนินการแล้วเสร็จ
D110,T5,2567-กษ-831,หมายเหตุ,ข้อความ,
D110,T5,2567-ศษ-066,รหัสกิจกรรม,ข้อความ,2567-ศษ-066
D110,T5,2567-ศษ-066,ชื่อกิจกรรม,ข้อความ,กิจกรรมตรวจเยี่ยมการท่องเที่ยวโดยชุมชน
D110,T5,2567-ศษ-066,หน่วยงานรับผิดชอบ,ข้อความ,สนง.ประมงจังหวัดระนอง
D110,T5,2567-ศษ-066,งบจัดสรร,เงินบาท,245000
D110,T5,2567-ศษ-066,เบิกจ่าย,เงินบาท,155500
D110,T5,2567-ศษ-066,จำนวนผู้เข้าร่วม,จำนวนนับ,1339
D110,T5,2567-ศษ-066,กลุ่มเป้าหมาย,รายการ,ผู้ป่วยติดเตียงและผู้ดูแลที่บ้าน
D110,T5,2567-ศษ-066,สถานะ,ข้อความ,ดำเนินการแล้วเสร็จ
D110,T5,2567-ศษ-066,หมายเหตุ,ข้อความ,
D110,T5,2567-สธ-881,รหัสกิจกรรม,ข้อความ,2567-สธ-881
D110,T5,2567-สธ-881,ชื่อกิจกรรม,ข้อความ,โครงการประชาสัมพันธ์ศูนย์พัฒนาเด็กเล็ก
D110,T5,2567-สธ-881,หน่วยงานรับผิดชอบ,ข้อความ,สนง.ประมงจังหวัดระนอง
D110,T5,2567-สธ-881,งบจัดสรร,เงินบาท,172500
D110,T5,2567-สธ-881,เบิกจ่าย,เงินบาท,154000
D110,T5,2567-สธ-881,จำนวนผู้เข้าร่วม,จำนวนนับ,87
D110,T5,2567-สธ-881,กลุ่มเป้าหมาย,รายการ,อาสาสมัครป้องกันภัยฝ่ายพลเรือน
D110,T5,2567-สธ-881,สถานะ,ข้อความ,ดำเนินการแล้วเสร็จ
D110,T5,2567-สธ-881,หมายเหตุ,ข้อความ,
D110,T5,2567-ทถ-079,รหัสกิจกรรม,ข้อความ,2567-ทถ-079
D110,T5,2567-ทถ-079,ชื่อกิจกรรม,ข้อความ,โครงการประชาสัมพันธ์การเกษตรปลอดภัย
D110,T5,2567-ทถ-079,หน่วยงานรับผิดชอบ,ข้อความ,สนง.ประมงจังหวัดระนอง
D110,T5,2567-ทถ-079,งบจัดสรร,เงินบาท,224500
D110,T5,2567-ทถ-079,เบิกจ่าย,เงินบาท,196500
D110,T5,2567-ทถ-079,จำนวนผู้เข้าร่วม,จำนวนนับ,455
D110,T5,2567-ทถ-079,กลุ่มเป้าหมาย,รายการ,นักท่องเที่ยว
D110,T5,2567-ทถ-079,สถานะ,ข้อความ,ดำเนินการแล้วเสร็จ
D110,T5,2567-ทถ-079,หมายเหตุ,ข้อความ,
D110,T5,2567-ทถ-265,รหัสกิจกรรม,ข้อความ,2567-ทถ-265
D110,T5,2567-ทถ-265,ชื่อกิจกรรม,ข้อความ,กิจกรรมจัดเก็บข้อมูลคุณภาพชีวิตผู้สูงอายุ
D110,T5,2567-ทถ-265,หน่วยงานรับผิดชอบ,ข้อความ,สนง.ประมงจังหวัดระนอง
D110,T5,2567-ทถ-265,งบจัดสรร,เงินบาท,220000
D110,T5,2567-ทถ-265,เบิกจ่าย,เงินบาท,196000
D110,T5,2567-ทถ-265,จำนวนผู้เข้าร่วม,จำนวนนับ,232
D110,T5,2567-ทถ-265,กลุ่มเป้าหมาย,รายการ,กลุ่มเปราะบางและผู้ด้อยโอกาส
D110,T5,2567-ทถ-265,สถานะ,ข้อความ,ดำเนินการแล้วเสร็จ
D110,T5,2567-ทถ-265,หมายเหตุ,ข้อความ,
D111,T5,2568-ทถ-568,รหัสกิจกรรม,ข้อความ,2568-ทถ-568
D111,T5,2568-ทถ-568,ชื่อกิจกรรม,ข้อความ,โครงการสำรวจข้อมูลการท่องเที่ยวโดยชุมชน
D111,T5,2568-ทถ-568,หน่วยงานรับผิดชอบ,ข้อความ,ทม.ลำพูน
D111,T5,2568-ทถ-568,งบจัดสรร,เงินบาท,448000
D111,T5,2568-ทถ-568,เบิกจ่าย,เงินบาท,348000
D111,T5,2568-ทถ-568,จำนวนผู้เข้าร่วม,จำนวนนับ,64
D111,T5,2568-ทถ-568,กลุ่มเป้าหมาย,รายการ,ผู้ประกันตนตามมาตรา 40
D111,T5,2568-ทถ-568,สถานะ,ข้อความ,ดำเนินการแล้วเสร็จ
D111,T5,2568-ทถ-568,หมายเหตุ,ข้อความ,
D111,T5,2568-สธ-887,รหัสกิจกรรม,ข้อความ,2568-สธ-887
D111,T5,2568-สธ-887,ชื่อกิจกรรม,ข้อความ,กิจกรรมจัดประชุมศูนย์พัฒนาเด็กเล็ก
D111,T5,2568-สธ-887,หน่วยงานรับผิดชอบ,ข้อความ,ทม.ลำพูน
D111,T5,2568-สธ-887,งบจัดสรร,เงินบาท,140000
D111,T5,2568-สธ-887,เบิกจ่าย,เงินบาท,136500
D111,T5,2568-สธ-887,จำนวนผู้เข้าร่วม,จำนวนนับ,45
D111,T5,2568-สธ-887,กลุ่มเป้าหมาย,รายการ,ผู้ป่วยติดเตียงและผู้ดูแลที่บ้าน
D111,T5,2568-สธ-887,สถานะ,ข้อความ,ดำเนินการแล้วเสร็จ
D111,T5,2568-สธ-887,หมายเหตุ,ข้อความ,
D111,T5,2568-พช-628,รหัสกิจกรรม,ข้อความ,2568-พช-628
D111,T5,2568-พช-628,ชื่อกิจกรรม,ข้อความ,โครงการบำรุงรักษาการบริหารจัดการขยะมูลฝอย
D111,T5,2568-พช-628,หน่วยงานรับผิดชอบ,ข้อความ,ทม.ลำพูน
D111,T5,2568-พช-628,งบจัดสรร,เงินบาท,681000
D111,T5,2568-พช-628,เบิกจ่าย,เงินบาท,421500
D111,T5,2568-พช-628,จำนวนผู้เข้าร่วม,จำนวนนับ,49
D111,T5,2568-พช-628,กลุ่มเป้าหมาย,รายการ,ข้าราชการและเจ้าหน้าที่ของรัฐ
D111,T5,2568-พช-628,สถานะ,ข้อความ,ดำเนินการแล้วเสร็จ
D111,T5,2568-พช-628,หมายเหตุ,ข้อความ,
D111,T5,2568-สค-792,รหัสกิจกรรม,ข้อความ,2568-สค-792
D111,T5,2568-สค-792,ชื่อกิจกรรม,ข้อความ,กิจกรรมประชาสัมพันธ์อาสาสมัครสาธารณสุขประจำหมู่บ้าน
D111,T5,2568-สค-792,หน่วยงานรับผิดชอบ,ข้อความ,ทม.ลำพูน
D111,T5,2568-สค-792,งบจัดสรร,เงินบาท,169000
D111,T5,2568-สค-792,เบิกจ่าย,เงินบาท,111000
D111,T5,2568-สค-792,จำนวนผู้เข้าร่วม,จำนวนนับ,159
D111,T5,2568-สค-792,กลุ่มเป้าหมาย,รายการ,ผู้พิการและผู้ดูแล
D111,T5,2568-สค-792,สถานะ,ข้อความ,ดำเนินการแล้วเสร็จ
D111,T5,2568-สค-792,หมายเหตุ,ข้อความ,
D111,T5,2568-ศษ-559,รหัสกิจกรรม,ข้อความ,2568-ศษ-559
D111,T5,2568-ศษ-559,ชื่อกิจกรรม,ข้อความ,กิจกรรมบำรุงรักษาการบริหารจัดการขยะมูลฝอย
D111,T5,2568-ศษ-559,หน่วยงานรับผิดชอบ,ข้อความ,ทม.ลำพูน
D111,T5,2568-ศษ-559,งบจัดสรร,เงินบาท,316000
D111,T5,2568-ศษ-559,เบิกจ่าย,เงินบาท,309000
D111,T5,2568-ศษ-559,จำนวนผู้เข้าร่วม,จำนวนนับ,486
D111,T5,2568-ศษ-559,กลุ่มเป้าหมาย,รายการ,เจ้าหน้าที่ท้องถิ่น
D111,T5,2568-ศษ-559,สถานะ,ข้อความ,ดำเนินการแล้วเสร็จ
D111,T5,2568-ศษ-559,หมายเหตุ,ข้อความ,
D111,T5,2568-พช-923,รหัสกิจกรรม,ข้อความ,2568-พช-923
D111,T5,2568-พช-923,ชื่อกิจกรรม,ข้อความ,กิจกรรมสำรวจข้อมูลกองทุนสวัสดิการชุมชน
D111,T5,2568-พช-923,หน่วยงานรับผิดชอบ,ข้อความ,เทศบาลเมืองลำพูน
D111,T5,2568-พช-923,งบจัดสรร,เงินบาท,774500
D111,T5,2568-พช-923,เบิกจ่าย,เงินบาท,744500
D111,T5,2568-พช-923,จำนวนผู้เข้าร่วม,จำนวนนับ,1340
D111,T5,2568-พช-923,กลุ่มเป้าหมาย,รายการ,เกษตรกรผู้เลี้ยงโคเนื้อ
D111,T5,2568-พช-923,สถานะ,ข้อความ,ดำเนินการแล้วเสร็จ
D111,T5,2568-พช-923,หมายเหตุ,ข้อความ,
D111,T5,2568-สค-894,รหัสกิจกรรม,ข้อความ,2568-สค-894
D111,T5,2568-สค-894,ชื่อกิจกรรม,ข้อความ,โครงการจัดประชุมอาสาสมัครสาธารณสุขประจำหมู่บ้าน
D111,T5,2568-สค-894,หน่วยงานรับผิดชอบ,ข้อความ,ทม.ลำพูน
D111,T5,2568-สค-894,งบจัดสรร,เงินบาท,398500
D111,T5,2568-สค-894,เบิกจ่าย,เงินบาท,276000
D111,T5,2568-สค-894,จำนวนผู้เข้าร่วม,จำนวนนับ,232
D111,T5,2568-สค-894,กลุ่มเป้าหมาย,รายการ,ครัวเรือนยากจน
D111,T5,2568-สค-894,สถานะ,ข้อความ,ดำเนินการแล้วเสร็จ
D111,T5,2568-สค-894,หมายเหตุ,ข้อความ,
D112,T5,2567-กษ-240,รหัสกิจกรรม,ข้อความ,2567-กษ-240
D112,T5,2567-กษ-240,ชื่อกิจกรรม,ข้อความ,กิจกรรมอบรมเชิงปฏิบัติการถนนสายหลักในเขตพื้นที่
D112,T5,2567-กษ-240,หน่วยงานรับผิดชอบ,ข้อความ,อบต.หนองปลาไหล
D112,T5,2567-กษ-240,งบจัดสรร,เงินบาท,179500
D112,T5,2567-กษ-240,เบิกจ่าย,เงินบาท,114500
D112,T5,2567-กษ-240,จำนวนผู้เข้าร่วม,จำนวนนับ,1304
D112,T5,2567-กษ-240,กลุ่มเป้าหมาย,รายการ,เจ้าหน้าที่ท้องถิ่น
D112,T5,2567-กษ-240,สถานะ,ข้อความ,ดำเนินการแล้วเสร็จ
D112,T5,2567-กษ-240,หมายเหตุ,ข้อความ,
D112,T5,2567-กษ-437,รหัสกิจกรรม,ข้อความ,2567-กษ-437
D112,T5,2567-กษ-437,ชื่อกิจกรรม,ข้อความ,โครงการบำรุงรักษาการบริหารจัดการขยะมูลฝอย
D112,T5,2567-กษ-437,หน่วยงานรับผิดชอบ,ข้อความ,องค์การบริหารส่วนตำบลหนองปลาไหล
D112,T5,2567-กษ-437,งบจัดสรร,เงินบาท,694000
D112,T5,2567-กษ-437,เบิกจ่าย,เงินบาท,580500
D112,T5,2567-กษ-437,จำนวนผู้เข้าร่วม,จำนวนนับ,72
D112,T5,2567-กษ-437,กลุ่มเป้าหมาย,รายการ,เด็กและเยาวชน
D112,T5,2567-กษ-437,สถานะ,ข้อความ,ดำเนินการแล้วเสร็จ
D112,T5,2567-กษ-437,หมายเหตุ,ข้อความ,
D112,T5,2567-พช-769,รหัสกิจกรรม,ข้อความ,2567-พช-769
D112,T5,2567-พช-769,ชื่อกิจกรรม,ข้อความ,โครงการตรวจเยี่ยมคุณภาพชีวิตผู้สูงอายุ
D112,T5,2567-พช-769,หน่วยงานรับผิดชอบ,ข้อความ,อบต.หนองปลาไหล
D112,T5,2567-พช-769,งบจัดสรร,เงินบาท,636500
D112,T5,2567-พช-769,เบิกจ่าย,เงินบาท,472500
D112,T5,2567-พช-769,จำนวนผู้เข้าร่วม,จำนวนนับ,192
D112,T5,2567-พช-769,กลุ่มเป้าหมาย,รายการ,สตรีและครอบครัว
D112,T5,2567-พช-769,สถานะ,ข้อความ,ดำเนินการแล้วเสร็จ
D112,T5,2567-พช-769,หมายเหตุ,ข้อความ,
D112,T5,2567-สค-144,รหัสกิจกรรม,ข้อความ,2567-สค-144
D112,T5,2567-สค-144,ชื่อกิจกรรม,ข้อความ,โครงการจัดประชุมระบบประปาหมู่บ้าน
D112,T5,2567-สค-144,หน่วยงานรับผิดชอบ,ข้อความ,อบต.หนองปลาไหล
D112,T5,2567-สค-144,งบจัดสรร,เงินบาท,667000
D112,T5,2567-สค-144,เบิกจ่าย,เงินบาท,439500
D112,T5,2567-สค-144,จำนวนผู้เข้าร่วม,จำนวนนับ,477
D112,T5,2567-สค-144,กลุ่มเป้าหมาย,รายการ,ผู้นำศาสนา
D112,T5,2567-สค-144,สถานะ,ข้อความ,ดำเนินการแล้วเสร็จ
D112,T5,2567-สค-144,หมายเหตุ,ข้อความ,
D112,T5,2567-พช-745,รหัสกิจกรรม,ข้อความ,2567-พช-745
D112,T5,2567-พช-745,ชื่อกิจกรรม,ข้อความ,กิจกรรมอบรมเชิงปฏิบัติการแผนพัฒนาท้องถิ่นห้าปี
D112,T5,2567-พช-745,หน่วยงานรับผิดชอบ,ข้อความ,อบต.หนองปลาไหล
D112,T5,2567-พช-745,งบจัดสรร,เงินบาท,243000
D112,T5,2567-พช-745,เบิกจ่าย,เงินบาท,205000
D112,T5,2567-พช-745,จำนวนผู้เข้าร่วม,จำนวนนับ,184
D112,T5,2567-พช-745,กลุ่มเป้าหมาย,รายการ,ผู้ว่างงาน
D112,T5,2567-พช-745,สถานะ,ข้อความ,ดำเนินการแล้วเสร็จ
D112,T5,2567-พช-745,หมายเหตุ,ข้อความ,
D112,T5,2567-ทถ-495,รหัสกิจกรรม,ข้อความ,2567-ทถ-495
D112,T5,2567-ทถ-495,ชื่อกิจกรรม,ข้อความ,กิจกรรมตรวจเยี่ยมการท่องเที่ยวโดยชุมชน
D112,T5,2567-ทถ-495,หน่วยงานรับผิดชอบ,ข้อความ,อบต.หนองปลาไหล
D112,T5,2567-ทถ-495,งบจัดสรร,เงินบาท,336000
D112,T5,2567-ทถ-495,เบิกจ่าย,เงินบาท,238000
D112,T5,2567-ทถ-495,จำนวนผู้เข้าร่วม,จำนวนนับ,120
D112,T5,2567-ทถ-495,กลุ่มเป้าหมาย,รายการ,ผู้ค้าในตลาดสด
D112,T5,2567-ทถ-495,สถานะ,ข้อความ,ดำเนินการแล้วเสร็จ
D112,T5,2567-ทถ-495,หมายเหตุ,ข้อความ,
D113,T5,2567-สธ-994,รหัสกิจกรรม,ข้อความ,2567-สธ-994
D113,T5,2567-สธ-994,ชื่อกิจกรรม,ข้อความ,กิจกรรมจัดทำแผนถนนสายหลักในเขตพื้นที่
D113,T5,2567-สธ-994,หน่วยงานรับผิดชอบ,ข้อความ,พช.อ.เมือง
D113,T5,2567-สธ-994,งบจัดสรร,เงินบาท,700500
D113,T5,2567-สธ-994,เบิกจ่าย,เงินบาท,502000
D113,T5,2567-สธ-994,จำนวนผู้เข้าร่วม,จำนวนนับ,61
D113,T5,2567-สธ-994,กลุ่มเป้าหมาย,รายการ,ผู้ค้าในตลาดสด
D113,T5,2567-สธ-994,สถานะ,ข้อความ,ดำเนินการแล้วเสร็จ
D113,T5,2567-สธ-994,หมายเหตุ,ข้อความ,
D113,T5,2567-ทถ-824,รหัสกิจกรรม,ข้อความ,2567-ทถ-824
D113,T5,2567-ทถ-824,ชื่อกิจกรรม,ข้อความ,โครงการจัดเก็บข้อมูลการท่องเที่ยวโดยชุมชน
D113,T5,2567-ทถ-824,หน่วยงานรับผิดชอบ,ข้อความ,สำนักงานพัฒนาชุมชนอำเภอเมือง
D113,T5,2567-ทถ-824,งบจัดสรร,เงินบาท,418000
D113,T5,2567-ทถ-824,เบิกจ่าย,เงินบาท,236000
D113,T5,2567-ทถ-824,จำนวนผู้เข้าร่วม,จำนวนนับ,105
D113,T5,2567-ทถ-824,กลุ่มเป้าหมาย,รายการ,ผู้ปกครองเด็กก่อนวัยเรียน
D113,T5,2567-ทถ-824,สถานะ,ข้อความ,ดำเนินการแล้วเสร็จ
D113,T5,2567-ทถ-824,หมายเหตุ,ข้อความ,
D113,T5,2567-สธ-456,รหัสกิจกรรม,ข้อความ,2567-สธ-456
D113,T5,2567-สธ-456,ชื่อกิจกรรม,ข้อความ,โครงการบำรุงรักษาการเกษตรปลอดภัย
D113,T5,2567-สธ-456,หน่วยงานรับผิดชอบ,ข้อความ,สำนักงานพัฒนาชุมชนอำเภอเมือง
D113,T5,2567-สธ-456,งบจัดสรร,เงินบาท,51000
D113,T5,2567-สธ-456,เบิกจ่าย,เงินบาท,43500
D113,T5,2567-สธ-456,จำนวนผู้เข้าร่วม,จำนวนนับ,575
D113,T5,2567-สธ-456,กลุ่มเป้าหมาย,รายการ,ผู้นำศาสนา
D113,T5,2567-สธ-456,สถานะ,ข้อความ,ดำเนินการแล้วเสร็จ
D113,T5,2567-สธ-456,หมายเหตุ,ข้อความ,
D113,T5,2567-กษ-886,รหัสกิจกรรม,ข้อความ,2567-กษ-886
D113,T5,2567-กษ-886,ชื่อกิจกรรม,ข้อความ,กิจกรรมอบรมเชิงปฏิบัติการเศรษฐกิจฐานราก
D113,T5,2567-กษ-886,หน่วยงานรับผิดชอบ,ข้อความ,สำนักงานพัฒนาชุมชนอำเภอเมือง
D113,T5,2567-กษ-886,งบจัดสรร,เงินบาท,150000
D113,T5,2567-กษ-886,เบิกจ่าย,เงินบาท,131000
D113,T5,2567-กษ-886,จำนวนผู้เข้าร่วม,จำนวนนับ,1321
D113,T5,2567-กษ-886,กลุ่มเป้าหมาย,รายการ,ผู้ดูแลศูนย์พัฒนาเด็กเล็ก
D113,T5,2567-กษ-886,สถานะ,ข้อความ,ดำเนินการแล้วเสร็จ
D113,T5,2567-กษ-886,หมายเหตุ,ข้อความ,
D113,T5,2567-ทถ-022,รหัสกิจกรรม,ข้อความ,2567-ทถ-022
D113,T5,2567-ทถ-022,ชื่อกิจกรรม,ข้อความ,โครงการอบรมเชิงปฏิบัติการเศรษฐกิจฐานราก
D113,T5,2567-ทถ-022,หน่วยงานรับผิดชอบ,ข้อความ,พช.อ.เมือง
D113,T5,2567-ทถ-022,งบจัดสรร,เงินบาท,839500
D113,T5,2567-ทถ-022,เบิกจ่าย,เงินบาท,623000
D113,T5,2567-ทถ-022,จำนวนผู้เข้าร่วม,จำนวนนับ,183
D113,T5,2567-ทถ-022,กลุ่มเป้าหมาย,รายการ,ผู้นำชุมชนและปราชญ์ชาวบ้าน
D113,T5,2567-ทถ-022,สถานะ,ข้อความ,ดำเนินการแล้วเสร็จ
D113,T5,2567-ทถ-022,หมายเหตุ,ข้อความ,
D113,T5,2567-ทถ-395,รหัสกิจกรรม,ข้อความ,2567-ทถ-395
D113,T5,2567-ทถ-395,ชื่อกิจกรรม,ข้อความ,โครงการอบรมเชิงปฏิบัติการถนนสายหลักในเขตพื้นที่
D113,T5,2567-ทถ-395,หน่วยงานรับผิดชอบ,ข้อความ,พช.อ.เมือง
D113,T5,2567-ทถ-395,งบจัดสรร,เงินบาท,643500
D113,T5,2567-ทถ-395,เบิกจ่าย,เงินบาท,380500
D113,T5,2567-ทถ-395,จำนวนผู้เข้าร่วม,จำนวนนับ,119
D113,T5,2567-ทถ-395,กลุ่มเป้าหมาย,รายการ,ผู้พิการและผู้ดูแล
D113,T5,2567-ทถ-395,สถานะ,ข้อความ,ดำเนินการแล้วเสร็จ
D113,T5,2567-ทถ-395,หมายเหตุ,ข้อความ,
D113,T5,2567-กษ-664,รหัสกิจกรรม,ข้อความ,2567-กษ-664
D113,T5,2567-กษ-664,ชื่อกิจกรรม,ข้อความ,โครงการจัดทำแผนครัวเรือนยากจนเป้าหมาย
D113,T5,2567-กษ-664,หน่วยงานรับผิดชอบ,ข้อความ,สำนักงานพัฒนาชุมชนอำเภอเมือง
D113,T5,2567-กษ-664,งบจัดสรร,เงินบาท,239000
D113,T5,2567-กษ-664,เบิกจ่าย,เงินบาท,184000
D113,T5,2567-กษ-664,จำนวนผู้เข้าร่วม,จำนวนนับ,64
D113,T5,2567-กษ-664,กลุ่มเป้าหมาย,รายการ,ผู้ประกันตนตามมาตรา 40
D113,T5,2567-กษ-664,สถานะ,ข้อความ,ดำเนินการแล้วเสร็จ
D113,T5,2567-กษ-664,หมายเหตุ,ข้อความ,
D114,T5,2568-สธ-166,รหัสกิจกรรม,ข้อความ,2568-สธ-166
D114,T5,2568-สธ-166,ชื่อกิจกรรม,ข้อความ,กิจกรรมอบรมเชิงปฏิบัติการระบบประปาหมู่บ้าน
D114,T5,2568-สธ-166,หน่วยงานรับผิดชอบ,ข้อความ,สนง.เขตบางกะปิ
D114,T5,2568-สธ-166,งบจัดสรร,เงินบาท,145000
D114,T5,2568-สธ-166,เบิกจ่าย,เงินบาท,117000
D114,T5,2568-สธ-166,จำนวนผู้เข้าร่วม,จำนวนนับ,500
D114,T5,2568-สธ-166,กลุ่มเป้าหมาย,รายการ,ผู้ประสบภัยพิบัติ
D114,T5,2568-สธ-166,สถานะ,ข้อความ,ดำเนินการแล้วเสร็จ
D114,T5,2568-สธ-166,หมายเหตุ,ข้อความ,
D114,T5,2568-กษ-767,รหัสกิจกรรม,ข้อความ,2568-กษ-767
D114,T5,2568-กษ-767,ชื่อกิจกรรม,ข้อความ,กิจกรรมจัดเก็บข้อมูลการจัดการน้ำเสียชุมชน
D114,T5,2568-กษ-767,หน่วยงานรับผิดชอบ,ข้อความ,สำนักงานเขตบางกะปิ
D114,T5,2568-กษ-767,งบจัดสรร,เงินบาท,786500
D114,T5,2568-กษ-767,เบิกจ่าย,เงินบาท,663000
D114,T5,2568-กษ-767,จำนวนผู้เข้าร่วม,จำนวนนับ,226
D114,T5,2568-กษ-767,กลุ่มเป้าหมาย,รายการ,เจ้าหน้าที่ท้องถิ่น
D114,T5,2568-กษ-767,สถานะ,ข้อความ,ดำเนินการแล้วเสร็จ
D114,T5,2568-กษ-767,หมายเหตุ,ข้อความ,
D114,T5,2568-สค-048,รหัสกิจกรรม,ข้อความ,2568-สค-048
D114,T5,2568-สค-048,ชื่อกิจกรรม,ข้อความ,กิจกรรมตรวจเยี่ยมเศรษฐกิจฐานราก
D114,T5,2568-สค-048,หน่วยงานรับผิดชอบ,ข้อความ,สนง.เขตบางกะปิ
D114,T5,2568-สค-048,งบจัดสรร,เงินบาท,323500
D114,T5,2568-สค-048,เบิกจ่าย,เงินบาท,304500
D114,T5,2568-สค-048,จำนวนผู้เข้าร่วม,จำนวนนับ,1330
D114,T5,2568-สค-048,กลุ่มเป้าหมาย,รายการ,อาสาสมัครป้องกันภัยฝ่ายพลเรือน
D114,T5,2568-สค-048,สถานะ,ข้อความ,ดำเนินการแล้วเสร็จ
D114,T5,2568-สค-048,หมายเหตุ,ข้อความ,
D114,T5,2568-สธ-384,รหัสกิจกรรม,ข้อความ,2568-สธ-384
D114,T5,2568-สธ-384,ชื่อกิจกรรม,ข้อความ,โครงการอบรมเชิงปฏิบัติการการบริหารจัดการขยะมูลฝอย
D114,T5,2568-สธ-384,หน่วยงานรับผิดชอบ,ข้อความ,สนง.เขตบางกะปิ
D114,T5,2568-สธ-384,งบจัดสรร,เงินบาท,58500
D114,T5,2568-สธ-384,เบิกจ่าย,เงินบาท,32500
D114,T5,2568-สธ-384,จำนวนผู้เข้าร่วม,จำนวนนับ,140
D114,T5,2568-สธ-384,กลุ่มเป้าหมาย,รายการ,เด็กและเยาวชน
D114,T5,2568-สธ-384,สถานะ,ข้อความ,ดำเนินการแล้วเสร็จ
D114,T5,2568-สธ-384,หมายเหตุ,ข้อความ,
D114,T5,2568-ศษ-526,รหัสกิจกรรม,ข้อความ,2568-ศษ-526
D114,T5,2568-ศษ-526,ชื่อกิจกรรม,ข้อความ,กิจกรรมประชาสัมพันธ์ครัวเรือนยากจนเป้าหมาย
D114,T5,2568-ศษ-526,หน่วยงานรับผิดชอบ,ข้อความ,สำนักงานเขตบางกะปิ
D114,T5,2568-ศษ-526,งบจัดสรร,เงินบาท,735500
D114,T5,2568-ศษ-526,เบิกจ่าย,เงินบาท,460000
D114,T5,2568-ศษ-526,จำนวนผู้เข้าร่วม,จำนวนนับ,57
D114,T5,2568-ศษ-526,กลุ่มเป้าหมาย,รายการ,นักท่องเที่ยว
D114,T5,2568-ศษ-526,สถานะ,ข้อความ,ดำเนินการแล้วเสร็จ
D114,T5,2568-ศษ-526,หมายเหตุ,ข้อความ,
D114,T5,2568-กษ-760,รหัสกิจกรรม,ข้อความ,2568-กษ-760
D114,T5,2568-กษ-760,ชื่อกิจกรรม,ข้อความ,กิจกรรมบำรุงรักษากองทุนสวัสดิการชุมชน
D114,T5,2568-กษ-760,หน่วยงานรับผิดชอบ,ข้อความ,สนง.เขตบางกะปิ
D114,T5,2568-กษ-760,งบจัดสรร,เงินบาท,847500
D114,T5,2568-กษ-760,เบิกจ่าย,เงินบาท,677000
D114,T5,2568-กษ-760,จำนวนผู้เข้าร่วม,จำนวนนับ,162
D114,T5,2568-กษ-760,กลุ่มเป้าหมาย,รายการ,ผู้ต้องขัง
D114,T5,2568-กษ-760,สถานะ,ข้อความ,ดำเนินการแล้วเสร็จ
D114,T5,2568-กษ-760,หมายเหตุ,ข้อความ,
D115,T5,2568-กษ-169,รหัสกิจกรรม,ข้อความ,2568-กษ-169
D115,T5,2568-กษ-169,ชื่อกิจกรรม,ข้อความ,กิจกรรมจัดทำแผนกองทุนสวัสดิการชุมชน
D115,T5,2568-กษ-169,หน่วยงานรับผิดชอบ,ข้อความ,อบต.บ้านแหลม
D115,T5,2568-กษ-169,งบจัดสรร,เงินบาท,779000
D115,T5,2568-กษ-169,เบิกจ่าย,เงินบาท,505500
D115,T5,2568-กษ-169,จำนวนผู้เข้าร่วม,จำนวนนับ,1566
D115,T5,2568-กษ-169,กลุ่มเป้าหมาย,รายการ,เกษตรกรและผู้ประกอบการรายย่อย
D115,T5,2568-กษ-169,สถานะ,ข้อความ,ดำเนินการแล้วเสร็จ
D115,T5,2568-กษ-169,หมายเหตุ,ข้อความ,
D115,T5,2568-สค-757,รหัสกิจกรรม,ข้อความ,2568-สค-757
D115,T5,2568-สค-757,ชื่อกิจกรรม,ข้อความ,กิจกรรมจัดประชุมการป้องกันโรคไข้เลือดออก
D115,T5,2568-สค-757,หน่วยงานรับผิดชอบ,ข้อความ,องค์การบริหารส่วนตำบลบ้านแหลม
D115,T5,2568-สค-757,งบจัดสรร,เงินบาท,420500
D115,T5,2568-สค-757,เบิกจ่าย,เงินบาท,283000
D115,T5,2568-สค-757,จำนวนผู้เข้าร่วม,จำนวนนับ,495
D115,T5,2568-สค-757,กลุ่มเป้าหมาย,รายการ,กลุ่มวิสาหกิจชุมชน
D115,T5,2568-สค-757,สถานะ,ข้อความ,ดำเนินการแล้วเสร็จ
D115,T5,2568-สค-757,หมายเหตุ,ข้อความ,
D115,T5,2568-พช-332,รหัสกิจกรรม,ข้อความ,2568-พช-332
D115,T5,2568-พช-332,ชื่อกิจกรรม,ข้อความ,กิจกรรมจัดเก็บข้อมูลการจัดการน้ำเสียชุมชน
D115,T5,2568-พช-332,หน่วยงานรับผิดชอบ,ข้อความ,อบต.บ้านแหลม
D115,T5,2568-พช-332,งบจัดสรร,เงินบาท,573000
D115,T5,2568-พช-332,เบิกจ่าย,เงินบาท,492500
D115,T5,2568-พช-332,จำนวนผู้เข้าร่วม,จำนวนนับ,33
D115,T5,2568-พช-332,กลุ่มเป้าหมาย,รายการ,ผู้ดูแลศูนย์พัฒนาเด็กเล็ก
D115,T5,2568-พช-332,สถานะ,ข้อความ,ดำเนินการแล้วเสร็จ
D115,T5,2568-พช-332,หมายเหตุ,ข้อความ,
D115,T5,2568-ศษ-367,รหัสกิจกรรม,ข้อความ,2568-ศษ-367
D115,T5,2568-ศษ-367,ชื่อกิจกรรม,ข้อความ,กิจกรรมตรวจเยี่ยมการเกษตรปลอดภัย
D115,T5,2568-ศษ-367,หน่วยงานรับผิดชอบ,ข้อความ,องค์การบริหารส่วนตำบลบ้านแหลม
D115,T5,2568-ศษ-367,งบจัดสรร,เงินบาท,410000
D115,T5,2568-ศษ-367,เบิกจ่าย,เงินบาท,307500
D115,T5,2568-ศษ-367,จำนวนผู้เข้าร่วม,จำนวนนับ,49
D115,T5,2568-ศษ-367,กลุ่มเป้าหมาย,รายการ,แกนนำสุขภาพประจำครอบครัว
D115,T5,2568-ศษ-367,สถานะ,ข้อความ,ดำเนินการแล้วเสร็จ
D115,T5,2568-ศษ-367,หมายเหตุ,ข้อความ,
D115,T5,2568-ศษ-045,รหัสกิจกรรม,ข้อความ,2568-ศษ-045
D115,T5,2568-ศษ-045,ชื่อกิจกรรม,ข้อความ,กิจกรรมตรวจเยี่ยมกลุ่มวิสาหกิจชุมชน
D115,T5,2568-ศษ-045,หน่วยงานรับผิดชอบ,ข้อความ,อบต.บ้านแหลม
D115,T5,2568-ศษ-045,งบจัดสรร,เงินบาท,368000
D115,T5,2568-ศษ-045,เบิกจ่าย,เงินบาท,271000
D115,T5,2568-ศษ-045,จำนวนผู้เข้าร่วม,จำนวนนับ,137
D115,T5,2568-ศษ-045,กลุ่มเป้าหมาย,รายการ,แรงงานนอกระบบ
D115,T5,2568-ศษ-045,สถานะ,ข้อความ,ดำเนินการแล้วเสร็จ
D115,T5,2568-ศษ-045,หมายเหตุ,ข้อความ,
D115,T5,2568-ศษ-927,รหัสกิจกรรม,ข้อความ,2568-ศษ-927
D115,T5,2568-ศษ-927,ชื่อกิจกรรม,ข้อความ,กิจกรรมจัดเก็บข้อมูลการป้องกันโรคไข้เลือดออก
D115,T5,2568-ศษ-927,หน่วยงานรับผิดชอบ,ข้อความ,องค์การบริหารส่วนตำบลบ้านแหลม
D115,T5,2568-ศษ-927,งบจัดสรร,เงินบาท,77500
D115,T5,2568-ศษ-927,เบิกจ่าย,เงินบาท,58000
D115,T5,2568-ศษ-927,จำนวนผู้เข้าร่วม,จำนวนนับ,221
D115,T5,2568-ศษ-927,กลุ่มเป้าหมาย,รายการ,ผู้นำชุมชนและปราชญ์ชาวบ้าน
D115,T5,2568-ศษ-927,สถานะ,ข้อความ,ดำเนินการแล้วเสร็จ
D115,T5,2568-ศษ-927,หมายเหตุ,ข้อความ,
D116,T5,2568-สธ-754,รหัสกิจกรรม,ข้อความ,2568-สธ-754
D116,T5,2568-สธ-754,ชื่อกิจกรรม,ข้อความ,กิจกรรมบำรุงรักษาการป้องกันโรคไข้เลือดออก
D116,T5,2568-สธ-754,หน่วยงานรับผิดชอบ,ข้อความ,องค์การบริหารส่วนจังหวัดพะเยา
D116,T5,2568-สธ-754,งบจัดสรร,เงินบาท,107000
D116,T5,2568-สธ-754,เบิกจ่าย,เงินบาท,102500
D116,T5,2568-สธ-754,จำนวนผู้เข้าร่วม,จำนวนนับ,161
D116,T5,2568-สธ-754,กลุ่มเป้าหมาย,รายการ,นักเรียนและนักศึกษา
D116,T5,2568-สธ-754,สถานะ,ข้อความ,ดำเนินการแล้วเสร็จ
D116,T5,2568-สธ-754,หมายเหตุ,ข้อความ,
D116,T5,2568-พช-076,รหัสกิจกรรม,ข้อความ,2568-พช-076
D116,T5,2568-พช-076,ชื่อกิจกรรม,ข้อความ,กิจกรรมตรวจเยี่ยมการเกษตรปลอดภัย
D116,T5,2568-พช-076,หน่วยงานรับผิดชอบ,ข้อความ,องค์การบริหารส่วนจังหวัดพะเยา
D116,T5,2568-พช-076,งบจัดสรร,เงินบาท,596000
D116,T5,2568-พช-076,เบิกจ่าย,เงินบาท,512500
D116,T5,2568-พช-076,จำนวนผู้เข้าร่วม,จำนวนนับ,33
D116,T5,2568-พช-076,กลุ่มเป้าหมาย,รายการ,ข้าราชการและเจ้าหน้าที่ของรัฐ
D116,T5,2568-พช-076,สถานะ,ข้อความ,ดำเนินการแล้วเสร็จ
D116,T5,2568-พช-076,หมายเหตุ,ข้อความ,
D116,T5,2568-ศษ-869,รหัสกิจกรรม,ข้อความ,2568-ศษ-869
D116,T5,2568-ศษ-869,ชื่อกิจกรรม,ข้อความ,โครงการประชาสัมพันธ์ระบบประปาหมู่บ้าน
D116,T5,2568-ศษ-869,หน่วยงานรับผิดชอบ,ข้อความ,องค์การบริหารส่วนจังหวัดพะเยา
D116,T5,2568-ศษ-869,งบจัดสรร,เงินบาท,798500
D116,T5,2568-ศษ-869,เบิกจ่าย,เงินบาท,552000
D116,T5,2568-ศษ-869,จำนวนผู้เข้าร่วม,จำนวนนับ,71
D116,T5,2568-ศษ-869,กลุ่มเป้าหมาย,รายการ,ผู้ประกันตนตามมาตรา 40
D116,T5,2568-ศษ-869,สถานะ,ข้อความ,ดำเนินการแล้วเสร็จ
D116,T5,2568-ศษ-869,หมายเหตุ,ข้อความ,
D116,T5,2568-สธ-591,รหัสกิจกรรม,ข้อความ,2568-สธ-591
D116,T5,2568-สธ-591,ชื่อกิจกรรม,ข้อความ,โครงการประชาสัมพันธ์คุณภาพชีวิตผู้สูงอายุ
D116,T5,2568-สธ-591,หน่วยงานรับผิดชอบ,ข้อความ,อบจ.พะเยา
D116,T5,2568-สธ-591,งบจัดสรร,เงินบาท,153500
D116,T5,2568-สธ-591,เบิกจ่าย,เงินบาท,93500
D116,T5,2568-สธ-591,จำนวนผู้เข้าร่วม,จำนวนนับ,230
D116,T5,2568-สธ-591,กลุ่มเป้าหมาย,รายการ,ผู้ประกันตนตามมาตรา 40
D116,T5,2568-สธ-591,สถานะ,ข้อความ,ดำเนินการแล้วเสร็จ
D116,T5,2568-สธ-591,หมายเหตุ,ข้อความ,
D116,T5,2568-ทถ-273,รหัสกิจกรรม,ข้อความ,2568-ทถ-273
D116,T5,2568-ทถ-273,ชื่อกิจกรรม,ข้อความ,กิจกรรมประชาสัมพันธ์กลุ่มวิสาหกิจชุมชน
D116,T5,2568-ทถ-273,หน่วยงานรับผิดชอบ,ข้อความ,อบจ.พะเยา
D116,T5,2568-ทถ-273,งบจัดสรร,เงินบาท,714000
D116,T5,2568-ทถ-273,เบิกจ่าย,เงินบาท,458000
D116,T5,2568-ทถ-273,จำนวนผู้เข้าร่วม,จำนวนนับ,213
D116,T5,2568-ทถ-273,กลุ่มเป้าหมาย,รายการ,เด็กและเยาวชน
D116,T5,2568-ทถ-273,สถานะ,ข้อความ,ดำเนินการแล้วเสร็จ
D116,T5,2568-ทถ-273,หมายเหตุ,ข้อความ,
D116,T5,2568-สค-800,รหัสกิจกรรม,ข้อความ,2568-สค-800
D116,T5,2568-สค-800,ชื่อกิจกรรม,ข้อความ,โครงการตรวจเยี่ยมศูนย์พัฒนาเด็กเล็ก
D116,T5,2568-สค-800,หน่วยงานรับผิดชอบ,ข้อความ,อบจ.พะเยา
D116,T5,2568-สค-800,งบจัดสรร,เงินบาท,65500
D116,T5,2568-สค-800,เบิกจ่าย,เงินบาท,57500
D116,T5,2568-สค-800,จำนวนผู้เข้าร่วม,จำนวนนับ,54
D116,T5,2568-สค-800,กลุ่มเป้าหมาย,รายการ,กลุ่มเปราะบางและผู้ด้อยโอกาส
D116,T5,2568-สค-800,สถานะ,ข้อความ,ดำเนินการแล้วเสร็จ
D116,T5,2568-สค-800,หมายเหตุ,ข้อความ,
D116,T5,2568-ศษ-739,รหัสกิจกรรม,ข้อความ,2568-ศษ-739
D116,T5,2568-ศษ-739,ชื่อกิจกรรม,ข้อความ,โครงการตรวจเยี่ยมอาสาสมัครสาธารณสุขประจำหมู่บ้าน
D116,T5,2568-ศษ-739,หน่วยงานรับผิดชอบ,ข้อความ,องค์การบริหารส่วนจังหวัดพะเยา
D116,T5,2568-ศษ-739,งบจัดสรร,เงินบาท,320500
D116,T5,2568-ศษ-739,เบิกจ่าย,เงินบาท,318000
D116,T5,2568-ศษ-739,จำนวนผู้เข้าร่วม,จำนวนนับ,64
D116,T5,2568-ศษ-739,กลุ่มเป้าหมาย,รายการ,ข้าราชการและเจ้าหน้าที่ของรัฐ
D116,T5,2568-ศษ-739,สถานะ,ข้อความ,ดำเนินการแล้วเสร็จ
D116,T5,2568-ศษ-739,หมายเหตุ,ข้อความ,
D117,T5,2567-สธ-195,รหัสกิจกรรม,ข้อความ,2567-สธ-195
D117,T5,2567-สธ-195,ชื่อกิจกรรม,ข้อความ,โครงการสำรวจข้อมูลการป้องกันโรคไข้เลือดออก
D117,T5,2567-สธ-195,หน่วยงานรับผิดชอบ,ข้อความ,เทศบาลเมืองลำพูน
D117,T5,2567-สธ-195,งบจัดสรร,เงินบาท,152500
D117,T5,2567-สธ-195,เบิกจ่าย,เงินบาท,93500
D117,T5,2567-สธ-195,จำนวนผู้เข้าร่วม,จำนวนนับ,179
D117,T5,2567-สธ-195,กลุ่มเป้าหมาย,รายการ,นักท่องเที่ยว
D117,T5,2567-สธ-195,สถานะ,ข้อความ,ดำเนินการแล้วเสร็จ
D117,T5,2567-สธ-195,หมายเหตุ,ข้อความ,
D117,T5,2567-สค-276,รหัสกิจกรรม,ข้อความ,2567-สค-276
D117,T5,2567-สค-276,ชื่อกิจกรรม,ข้อความ,กิจกรรมจัดเก็บข้อมูลถนนสายหลักในเขตพื้นที่
D117,T5,2567-สค-276,หน่วยงานรับผิดชอบ,ข้อความ,เทศบาลเมืองลำพูน
D117,T5,2567-สค-276,งบจัดสรร,เงินบาท,586500
D117,T5,2567-สค-276,เบิกจ่าย,เงินบาท,427500
D117,T5,2567-สค-276,จำนวนผู้เข้าร่วม,จำนวนนับ,132
D117,T5,2567-สค-276,กลุ่มเป้าหมาย,รายการ,ผู้ป่วยติดเตียงและผู้ดูแลที่บ้าน
D117,T5,2567-สค-276,สถานะ,ข้อความ,ดำเนินการแล้วเสร็จ
D117,T5,2567-สค-276,หมายเหตุ,ข้อความ,
D117,T5,2567-ทถ-761,รหัสกิจกรรม,ข้อความ,2567-ทถ-761
D117,T5,2567-ทถ-761,ชื่อกิจกรรม,ข้อความ,กิจกรรมสำรวจข้อมูลศูนย์พัฒนาเด็กเล็ก
D117,T5,2567-ทถ-761,หน่วยงานรับผิดชอบ,ข้อความ,ทม.ลำพูน
D117,T5,2567-ทถ-761,งบจัดสรร,เงินบาท,133000
D117,T5,2567-ทถ-761,เบิกจ่าย,เงินบาท,124000
D117,T5,2567-ทถ-761,จำนวนผู้เข้าร่วม,จำนวนนับ,191
D117,T5,2567-ทถ-761,กลุ่มเป้าหมาย,รายการ,ข้าราชการและเจ้าหน้าที่ของรัฐ
D117,T5,2567-ทถ-761,สถานะ,ข้อความ,ดำเนินการแล้วเสร็จ
D117,T5,2567-ทถ-761,หมายเหตุ,ข้อความ,
D117,T5,2567-กษ-653,รหัสกิจกรรม,ข้อความ,2567-กษ-653
D117,T5,2567-กษ-653,ชื่อกิจกรรม,ข้อความ,โครงการอบรมเชิงปฏิบัติการการท่องเที่ยวโดยชุมชน
D117,T5,2567-กษ-653,หน่วยงานรับผิดชอบ,ข้อความ,ทม.ลำพูน
D117,T5,2567-กษ-653,งบจัดสรร,เงินบาท,107000
D117,T5,2567-กษ-653,เบิกจ่าย,เงินบาท,66500
D117,T5,2567-กษ-653,จำนวนผู้เข้าร่วม,จำนวนนับ,186
D117,T5,2567-กษ-653,กลุ่มเป้าหมาย,รายการ,เกษตรกรผู้เลี้ยงโคเนื้อ
D117,T5,2567-กษ-653,สถานะ,ข้อความ,ดำเนินการแล้วเสร็จ
D117,T5,2567-กษ-653,หมายเหตุ,ข้อความ,
D117,T5,2567-กษ-318,รหัสกิจกรรม,ข้อความ,2567-กษ-318
D117,T5,2567-กษ-318,ชื่อกิจกรรม,ข้อความ,กิจกรรมจัดเก็บข้อมูลครัวเรือนยากจนเป้าหมาย
D117,T5,2567-กษ-318,หน่วยงานรับผิดชอบ,ข้อความ,ทม.ลำพูน
D117,T5,2567-กษ-318,งบจัดสรร,เงินบาท,380500
D117,T5,2567-กษ-318,เบิกจ่าย,เงินบาท,360000
D117,T5,2567-กษ-318,จำนวนผู้เข้าร่วม,จำนวนนับ,184
D117,T5,2567-กษ-318,กลุ่มเป้าหมาย,รายการ,ประชาชนทั่วไป
D117,T5,2567-กษ-318,สถานะ,ข้อความ,ดำเนินการแล้วเสร็จ
D117,T5,2567-กษ-318,หมายเหตุ,ข้อความ,
D117,T5,2567-ศษ-076,รหัสกิจกรรม,ข้อความ,2567-ศษ-076
D117,T5,2567-ศษ-076,ชื่อกิจกรรม,ข้อความ,กิจกรรมบำรุงรักษาการจัดการน้ำเสียชุมชน
D117,T5,2567-ศษ-076,หน่วยงานรับผิดชอบ,ข้อความ,เทศบาลเมืองลำพูน
D117,T5,2567-ศษ-076,งบจัดสรร,เงินบาท,672000
D117,T5,2567-ศษ-076,เบิกจ่าย,เงินบาท,668000
D117,T5,2567-ศษ-076,จำนวนผู้เข้าร่วม,จำนวนนับ,70
D117,T5,2567-ศษ-076,กลุ่มเป้าหมาย,รายการ,แกนนำสุขภาพประจำครอบครัว
D117,T5,2567-ศษ-076,สถานะ,ข้อความ,ดำเนินการแล้วเสร็จ
D117,T5,2567-ศษ-076,หมายเหตุ,ข้อความ,
D118,T6,2567-ศษ-410,รหัสกิจกรรม,ข้อความ,2567-ศษ-410
D118,T6,2567-ศษ-410,ชื่อกิจกรรม,ข้อความ,โครงการเสริมสร้างความเข้มแข็งของกลุ่มวิสาหกิจชุมชน
D118,T6,2567-ศษ-410,หน่วยงานรับผิดชอบ,ข้อความ,สนง.เกษตรอำเภอสูงเนิน
D118,T6,2567-ศษ-410,งบจัดสรร,เงินบาท,383500
D118,T6,2567-ศษ-410,เบิกจ่าย,เงินบาท,232000
D118,T6,2567-ศษ-410,จำนวนผู้เข้าร่วม,จำนวนนับ,185
D118,T6,2567-ศษ-410,กลุ่มเป้าหมาย,รายการ,เกษตรกรผู้เลี้ยงโคเนื้อ
D118,T6,2567-ศษ-410,สถานะ,ข้อความ,ดำเนินการแล้วเสร็จ
D118,T6,2567-ศษ-410,หมายเหตุ,ข้อความ,
D118,T6,2567-พช-379,รหัสกิจกรรม,ข้อความ,2567-พช-379
D118,T6,2567-พช-379,ชื่อกิจกรรม,ข้อความ,กิจกรรมเสริมสร้างความเข้มแข็งของคุณภาพชีวิตผู้สูงอายุ
D118,T6,2567-พช-379,หน่วยงานรับผิดชอบ,ข้อความ,สำนักงานเกษตรอำเภอสูงเนิน
D118,T6,2567-พช-379,งบจัดสรร,เงินบาท,41500
D118,T6,2567-พช-379,เบิกจ่าย,เงินบาท,29000
D118,T6,2567-พช-379,จำนวนผู้เข้าร่วม,จำนวนนับ,250
D118,T6,2567-พช-379,กลุ่มเป้าหมาย,รายการ,เด็กและเยาวชน
D118,T6,2567-พช-379,สถานะ,ข้อความ,ดำเนินการแล้วเสร็จ
D118,T6,2567-พช-379,หมายเหตุ,ข้อความ,
D118,T6,2567-กษ-677,รหัสกิจกรรม,ข้อความ,2567-กษ-677
D118,T6,2567-กษ-677,ชื่อกิจกรรม,ข้อความ,กิจกรรมพัฒนาศักยภาพแผนพัฒนาท้องถิ่นห้าปี
D118,T6,2567-กษ-677,หน่วยงานรับผิดชอบ,ข้อความ,สำนักงานเกษตรอำเภอสูงเนิน
D118,T6,2567-กษ-677,งบจัดสรร,เงินบาท,57500
D118,T6,2567-กษ-677,เบิกจ่าย,เงินบาท,32000
D118,T6,2567-กษ-677,จำนวนผู้เข้าร่วม,จำนวนนับ,197
D118,T6,2567-กษ-677,กลุ่มเป้าหมาย,รายการ,ผู้ดูแลศูนย์พัฒนาเด็กเล็ก
D118,T6,2567-กษ-677,สถานะ,ข้อความ,ดำเนินการแล้วเสร็จ
D118,T6,2567-กษ-677,หมายเหตุ,ข้อความ,
D118,T6,2567-ทถ-404,รหัสกิจกรรม,ข้อความ,2567-ทถ-404
D118,T6,2567-ทถ-404,ชื่อกิจกรรม,ข้อความ,โครงการยกระดับการป้องกันโรคไข้เลือดออก
D118,T6,2567-ทถ-404,หน่วยงานรับผิดชอบ,ข้อความ,สำนักงานเกษตรอำเภอสูงเนิน
D118,T6,2567-ทถ-404,งบจัดสรร,เงินบาท,447000
D118,T6,2567-ทถ-404,เบิกจ่าย,เงินบาท,317000
D118,T6,2567-ทถ-404,จำนวนผู้เข้าร่วม,จำนวนนับ,216
D118,T6,2567-ทถ-404,กลุ่มเป้าหมาย,รายการ,กลุ่มวิสาหกิจชุมชน
D118,T6,2567-ทถ-404,สถานะ,ข้อความ,ดำเนินการแล้วเสร็จ
D118,T6,2567-ทถ-404,หมายเหตุ,ข้อความ,
D118,T6,2567-สค-579,รหัสกิจกรรม,ข้อความ,2567-สค-579
D118,T6,2567-สค-579,ชื่อกิจกรรม,ข้อความ,กิจกรรมแก้ไขปัญหาอาสาสมัครสาธารณสุขประจำหมู่บ้าน
D118,T6,2567-สค-579,หน่วยงานรับผิดชอบ,ข้อความ,สำนักงานเกษตรอำเภอสูงเนิน
D118,T6,2567-สค-579,งบจัดสรร,เงินบาท,845500
D118,T6,2567-สค-579,เบิกจ่าย,เงินบาท,657000
D118,T6,2567-สค-579,จำนวนผู้เข้าร่วม,จำนวนนับ,236
D118,T6,2567-สค-579,กลุ่มเป้าหมาย,รายการ,ผู้นำศาสนา
D118,T6,2567-สค-579,สถานะ,ข้อความ,ดำเนินการแล้วเสร็จ
D118,T6,2567-สค-579,หมายเหตุ,ข้อความ,
D118,T6,2567-สค-722,รหัสกิจกรรม,ข้อความ,2567-สค-722
D118,T6,2567-สค-722,ชื่อกิจกรรม,ข้อความ,โครงการพัฒนาศักยภาพกองทุนสวัสดิการชุมชน
D118,T6,2567-สค-722,หน่วยงานรับผิดชอบ,ข้อความ,สนง.เกษตรอำเภอสูงเนิน
D118,T6,2567-สค-722,งบจัดสรร,เงินบาท,134000
D118,T6,2567-สค-722,เบิกจ่าย,เงินบาท,88000
D118,T6,2567-สค-722,จำนวนผู้เข้าร่วม,จำนวนนับ,157
D118,T6,2567-สค-722,กลุ่มเป้าหมาย,รายการ,ผู้ต้องขัง
D118,T6,2567-สค-722,สถานะ,ข้อความ,ดำเนินการแล้วเสร็จ
D118,T6,2567-สค-722,หมายเหตุ,ข้อความ,
D118,T6,2567-สค-525,รหัสกิจกรรม,ข้อความ,2567-สค-525
D118,T6,2567-สค-525,ชื่อกิจกรรม,ข้อความ,โครงการส่งเสริมและสนับสนุนคุณภาพชีวิตผู้สูงอายุ
D118,T6,2567-สค-525,หน่วยงานรับผิดชอบ,ข้อความ,สนง.เกษตรอำเภอสูงเนิน
D118,T6,2567-สค-525,งบจัดสรร,เงินบาท,72500
D118,T6,2567-สค-525,เบิกจ่าย,เงินบาท,54500
D118,T6,2567-สค-525,จำนวนผู้เข้าร่วม,จำนวนนับ,154
D118,T6,2567-สค-525,กลุ่มเป้าหมาย,รายการ,ผู้ค้าในตลาดสด
D118,T6,2567-สค-525,สถานะ,ข้อความ,ดำเนินการแล้วเสร็จ
D118,T6,2567-สค-525,หมายเหตุ,ข้อความ,
D119,T6,2568-ศษ-253,รหัสกิจกรรม,ข้อความ,2568-ศษ-253
D119,T6,2568-ศษ-253,ชื่อกิจกรรม,ข้อความ,กิจกรรมขับเคลื่อนการเกษตรปลอดภัย
D119,T6,2568-ศษ-253,หน่วยงานรับผิดชอบ,ข้อความ,ศูนย์การศึกษานอกระบบและการศึกษาตามอัธยาศัยอำเภอเมือง
D119,T6,2568-ศษ-253,งบจัดสรร,เงินบาท,356000
D119,T6,2568-ศษ-253,เบิกจ่าย,เงินบาท,314000
D119,T6,2568-ศษ-253,จำนวนผู้เข้าร่วม,จำนวนนับ,175
D119,T6,2568-ศษ-253,กลุ่มเป้าหมาย,รายการ,ผู้นำชุมชนและปราชญ์ชาวบ้าน
D119,T6,2568-ศษ-253,สถานะ,ข้อความ,ดำเนินการแล้วเสร็จ
D119,T6,2568-ศษ-253,หมายเหตุ,ข้อความ,
D119,T6,2568-ทถ-052,รหัสกิจกรรม,ข้อความ,2568-ทถ-052
D119,T6,2568-ทถ-052,ชื่อกิจกรรม,ข้อความ,กิจกรรมเสริมสร้างความเข้มแข็งของแผนพัฒนาท้องถิ่นห้าปี
D119,T6,2568-ทถ-052,หน่วยงานรับผิดชอบ,ข้อความ,ศูนย์การศึกษานอกระบบและการศึกษาตามอัธยาศัยอำเภอเมือง
D119,T6,2568-ทถ-052,งบจัดสรร,เงินบาท,41000
D119,T6,2568-ทถ-052,เบิกจ่าย,เงินบาท,33500
D119,T6,2568-ทถ-052,จำนวนผู้เข้าร่วม,จำนวนนับ,162
D119,T6,2568-ทถ-052,กลุ่มเป้าหมาย,รายการ,เกษตรกรและผู้ประกอบการรายย่อย
D119,T6,2568-ทถ-052,สถานะ,ข้อความ,ดำเนินการแล้วเสร็จ
D119,T6,2568-ทถ-052,หมายเหตุ,ข้อความ,
D119,T6,2568-พช-695,รหัสกิจกรรม,ข้อความ,2568-พช-695
D119,T6,2568-พช-695,ชื่อกิจกรรม,ข้อความ,กิจกรรมส่งเสริมและสนับสนุนคุณภาพชีวิตผู้สูงอายุ
D119,T6,2568-พช-695,หน่วยงานรับผิดชอบ,ข้อความ,ศูนย์การศึกษานอกระบบและการศึกษาตามอัธยาศัยอำเภอเมือง
D119,T6,2568-พช-695,งบจัดสรร,เงินบาท,287500
D119,T6,2568-พช-695,เบิกจ่าย,เงินบาท,168000
D119,T6,2568-พช-695,จำนวนผู้เข้าร่วม,จำนวนนับ,168
D119,T6,2568-พช-695,กลุ่มเป้าหมาย,รายการ,ผู้ต้องขัง
D119,T6,2568-พช-695,สถานะ,ข้อความ,ดำเนินการแล้วเสร็จ
D119,T6,2568-พช-695,หมายเหตุ,ข้อความ,
D119,T6,2568-ทถ-965,รหัสกิจกรรม,ข้อความ,2568-ทถ-965
D119,T6,2568-ทถ-965,ชื่อกิจกรรม,ข้อความ,โครงการแก้ไขปัญหาแผนพัฒนาท้องถิ่นห้าปี
D119,T6,2568-ทถ-965,หน่วยงานรับผิดชอบ,ข้อความ,กศน.อำเภอเมือง
D119,T6,2568-ทถ-965,งบจัดสรร,เงินบาท,812500
D119,T6,2568-ทถ-965,เบิกจ่าย,เงินบาท,766500
D119,T6,2568-ทถ-965,จำนวนผู้เข้าร่วม,จำนวนนับ,181
D119,T6,2568-ทถ-965,กลุ่มเป้าหมาย,รายการ,เจ้าหน้าที่ท้องถิ่น
D119,T6,2568-ทถ-965,สถานะ,ข้อความ,ดำเนินการแล้วเสร็จ
D119,T6,2568-ทถ-965,หมายเหตุ,ข้อความ,
D119,T6,2568-ศษ-806,รหัสกิจกรรม,ข้อความ,2568-ศษ-806
D119,T6,2568-ศษ-806,ชื่อกิจกรรม,ข้อความ,กิจกรรมยกระดับการบริหารจัดการขยะมูลฝอย
D119,T6,2568-ศษ-806,หน่วยงานรับผิดชอบ,ข้อความ,ศูนย์การศึกษานอกระบบและการศึกษาตามอัธยาศัยอำเภอเมือง
D119,T6,2568-ศษ-806,งบจัดสรร,เงินบาท,493000
D119,T6,2568-ศษ-806,เบิกจ่าย,เงินบาท,417000
D119,T6,2568-ศษ-806,จำนวนผู้เข้าร่วม,จำนวนนับ,211
D119,T6,2568-ศษ-806,กลุ่มเป้าหมาย,รายการ,ผู้ป่วยติดเตียงและผู้ดูแลที่บ้าน
D119,T6,2568-ศษ-806,สถานะ,ข้อความ,ดำเนินการแล้วเสร็จ
D119,T6,2568-ศษ-806,หมายเหตุ,ข้อความ,
D119,T6,2568-สค-721,รหัสกิจกรรม,ข้อความ,2568-สค-721
D119,T6,2568-สค-721,ชื่อกิจกรรม,ข้อความ,โครงการขับเคลื่อนการเกษตรปลอดภัย
D119,T6,2568-สค-721,หน่วยงานรับผิดชอบ,ข้อความ,ศูนย์การศึกษานอกระบบและการศึกษาตามอัธยาศัยอำเภอเมือง
D119,T6,2568-สค-721,งบจัดสรร,เงินบาท,699500
D119,T6,2568-สค-721,เบิกจ่าย,เงินบาท,503000
D119,T6,2568-สค-721,จำนวนผู้เข้าร่วม,จำนวนนับ,182
D119,T6,2568-สค-721,กลุ่มเป้าหมาย,รายการ,นักเรียนและนักศึกษา
D119,T6,2568-สค-721,สถานะ,ข้อความ,ดำเนินการแล้วเสร็จ
D119,T6,2568-สค-721,หมายเหตุ,ข้อความ,
D120,T6,2568-สค-715,รหัสกิจกรรม,ข้อความ,2568-สค-715
D120,T6,2568-สค-715,ชื่อกิจกรรม,ข้อความ,กิจกรรมยกระดับเศรษฐกิจฐานราก
D120,T6,2568-สค-715,หน่วยงานรับผิดชอบ,ข้อความ,สนง.เกษตรอำเภอสูงเนิน
D120,T6,2568-สค-715,งบจัดสรร,เงินบาท,251500
D120,T6,2568-สค-715,เบิกจ่าย,เงินบาท,231500
D120,T6,2568-สค-715,จำนวนผู้เข้าร่วม,จำนวนนับ,209
D120,T6,2568-สค-715,กลุ่มเป้าหมาย,รายการ,แกนนำสุขภาพประจำครอบครัว
D120,T6,2568-สค-715,สถานะ,ข้อความ,ดำเนินการแล้วเสร็จ
D120,T6,2568-สค-715,หมายเหตุ,ข้อความ,
D120,T6,2568-สค-649,รหัสกิจกรรม,ข้อความ,2568-สค-649
D120,T6,2568-สค-649,ชื่อกิจกรรม,ข้อความ,กิจกรรมขับเคลื่อนการจัดการน้ำเสียชุมชน
D120,T6,2568-สค-649,หน่วยงานรับผิดชอบ,ข้อความ,สำนักงานเกษตรอำเภอสูงเนิน
D120,T6,2568-สค-649,งบจัดสรร,เงินบาท,406000
D120,T6,2568-สค-649,เบิกจ่าย,เงินบาท,286000
D120,T6,2568-สค-649,จำนวนผู้เข้าร่วม,จำนวนนับ,184
D120,T6,2568-สค-649,กลุ่มเป้าหมาย,รายการ,ผู้ค้าในตลาดสด
D120,T6,2568-สค-649,สถานะ,ข้อความ,ดำเนินการแล้วเสร็จ
D120,T6,2568-สค-649,หมายเหตุ,ข้อความ,
D120,T6,2568-กษ-976,รหัสกิจกรรม,ข้อความ,2568-กษ-976
D120,T6,2568-กษ-976,ชื่อกิจกรรม,ข้อความ,โครงการขับเคลื่อนการเกษตรปลอดภัย
D120,T6,2568-กษ-976,หน่วยงานรับผิดชอบ,ข้อความ,สำนักงานเกษตรอำเภอสูงเนิน
D120,T6,2568-กษ-976,งบจัดสรร,เงินบาท,843500
D120,T6,2568-กษ-976,เบิกจ่าย,เงินบาท,709500
D120,T6,2568-กษ-976,จำนวนผู้เข้าร่วม,จำนวนนับ,231
D120,T6,2568-กษ-976,กลุ่มเป้าหมาย,รายการ,ผู้ว่างงาน
D120,T6,2568-กษ-976,สถานะ,ข้อความ,ดำเนินการแล้วเสร็จ
D120,T6,2568-กษ-976,หมายเหตุ,ข้อความ,
D120,T6,2568-พช-050,รหัสกิจกรรม,ข้อความ,2568-พช-050
D120,T6,2568-พช-050,ชื่อกิจกรรม,ข้อความ,โครงการขับเคลื่อนคุณภาพชีวิตผู้สูงอายุ
D120,T6,2568-พช-050,หน่วยงานรับผิดชอบ,ข้อความ,สนง.เกษตรอำเภอสูงเนิน
D120,T6,2568-พช-050,งบจัดสรร,เงินบาท,820000
D120,T6,2568-พช-050,เบิกจ่าย,เงินบาท,522500
D120,T6,2568-พช-050,จำนวนผู้เข้าร่วม,จำนวนนับ,203
D120,T6,2568-พช-050,กลุ่มเป้าหมาย,รายการ,ผู้พิการและผู้ดูแล
D120,T6,2568-พช-050,สถานะ,ข้อความ,ดำเนินการแล้วเสร็จ
D120,T6,2568-พช-050,หมายเหตุ,ข้อความ,
D120,T6,2568-ทถ-978,รหัสกิจกรรม,ข้อความ,2568-ทถ-978
D120,T6,2568-ทถ-978,ชื่อกิจกรรม,ข้อความ,กิจกรรมยกระดับคุณภาพชีวิตผู้สูงอายุ
D120,T6,2568-ทถ-978,หน่วยงานรับผิดชอบ,ข้อความ,สนง.เกษตรอำเภอสูงเนิน
D120,T6,2568-ทถ-978,งบจัดสรร,เงินบาท,794000
D120,T6,2568-ทถ-978,เบิกจ่าย,เงินบาท,622500
D120,T6,2568-ทถ-978,จำนวนผู้เข้าร่วม,จำนวนนับ,246
D120,T6,2568-ทถ-978,กลุ่มเป้าหมาย,รายการ,ผู้นำศาสนา
D120,T6,2568-ทถ-978,สถานะ,ข้อความ,ดำเนินการแล้วเสร็จ
D120,T6,2568-ทถ-978,หมายเหตุ,ข้อความ,
D120,T6,2568-ศษ-055,รหัสกิจกรรม,ข้อความ,2568-ศษ-055
D120,T6,2568-ศษ-055,ชื่อกิจกรรม,ข้อความ,โครงการยกระดับแผนพัฒนาท้องถิ่นห้าปี
D120,T6,2568-ศษ-055,หน่วยงานรับผิดชอบ,ข้อความ,สำนักงานเกษตรอำเภอสูงเนิน
D120,T6,2568-ศษ-055,งบจัดสรร,เงินบาท,170500
D120,T6,2568-ศษ-055,เบิกจ่าย,เงินบาท,107500
D120,T6,2568-ศษ-055,จำนวนผู้เข้าร่วม,จำนวนนับ,236
D120,T6,2568-ศษ-055,กลุ่มเป้าหมาย,รายการ,แรงงานนอกระบบ
D120,T6,2568-ศษ-055,สถานะ,ข้อความ,ดำเนินการแล้วเสร็จ
D120,T6,2568-ศษ-055,หมายเหตุ,ข้อความ,
D121,T6,2567-สธ-620,รหัสกิจกรรม,ข้อความ,2567-สธ-620
D121,T6,2567-สธ-620,ชื่อกิจกรรม,ข้อความ,กิจกรรมเพิ่มประสิทธิภาพกองทุนสวัสดิการชุมชน
D121,T6,2567-สธ-620,หน่วยงานรับผิดชอบ,ข้อความ,กศน.อำเภอบ้านโป่ง
D121,T6,2567-สธ-620,งบจัดสรร,เงินบาท,135000
D121,T6,2567-สธ-620,เบิกจ่าย,เงินบาท,130500
D121,T6,2567-สธ-620,จำนวนผู้เข้าร่วม,จำนวนนับ,162
D121,T6,2567-สธ-620,กลุ่มเป้าหมาย,รายการ,ผู้ค้าในตลาดสด
D121,T6,2567-สธ-620,สถานะ,ข้อความ,ดำเนินการแล้วเสร็จ
D121,T6,2567-สธ-620,หมายเหตุ,ข้อความ,
D121,T6,2567-ทถ-611,รหัสกิจกรรม,ข้อความ,2567-ทถ-611
D121,T6,2567-ทถ-611,ชื่อกิจกรรม,ข้อความ,โครงการยกระดับการบริหารจัดการขยะมูลฝอย
D121,T6,2567-ทถ-611,หน่วยงานรับผิดชอบ,ข้อความ,ศูนย์การศึกษานอกระบบและการศึกษาตามอัธยาศัยอำเภอบ้านโป่ง
D121,T6,2567-ทถ-611,งบจัดสรร,เงินบาท,373500
D121,T6,2567-ทถ-611,เบิกจ่าย,เงินบาท,229500
D121,T6,2567-ทถ-611,จำนวนผู้เข้าร่วม,จำนวนนับ,250
D121,T6,2567-ทถ-611,กลุ่มเป้าหมาย,รายการ,ผู้สูงอายุ
D121,T6,2567-ทถ-611,สถานะ,ข้อความ,ดำเนินการแล้วเสร็จ
D121,T6,2567-ทถ-611,หมายเหตุ,ข้อความ,
D121,T6,2567-สธ-587,รหัสกิจกรรม,ข้อความ,2567-สธ-587
D121,T6,2567-สธ-587,ชื่อกิจกรรม,ข้อความ,กิจกรรมส่งเสริมและสนับสนุนการป้องกันโรคไข้เลือดออก
D121,T6,2567-สธ-587,หน่วยงานรับผิดชอบ,ข้อความ,กศน.อำเภอบ้านโป่ง
D121,T6,2567-สธ-587,งบจัดสรร,เงินบาท,593000
D121,T6,2567-สธ-587,เบิกจ่าย,เงินบาท,340500
D121,T6,2567-สธ-587,จำนวนผู้เข้าร่วม,จำนวนนับ,208
D121,T6,2567-สธ-587,กลุ่มเป้าหมาย,รายการ,นักท่องเที่ยว
D121,T6,2567-สธ-587,สถานะ,ข้อความ,ดำเนินการแล้วเสร็จ
D121,T6,2567-สธ-587,หมายเหตุ,ข้อความ,
D121,T6,2567-กษ-417,รหัสกิจกรรม,ข้อความ,2567-กษ-417
D121,T6,2567-กษ-417,ชื่อกิจกรรม,ข้อความ,กิจกรรมพัฒนาศักยภาพการเกษตรปลอดภัย
D121,T6,2567-กษ-417,หน่วยงานรับผิดชอบ,ข้อความ,ศูนย์การศึกษานอกระบบและการศึกษาตามอัธยาศัยอำเภอบ้านโป่ง
D121,T6,2567-กษ-417,งบจัดสรร,เงินบาท,445500
D121,T6,2567-กษ-417,เบิกจ่าย,เงินบาท,251500
D121,T6,2567-กษ-417,จำนวนผู้เข้าร่วม,จำนวนนับ,204
D121,T6,2567-กษ-417,กลุ่มเป้าหมาย,รายการ,นักเรียนและนักศึกษา
D121,T6,2567-กษ-417,สถานะ,ข้อความ,ดำเนินการแล้วเสร็จ
D121,T6,2567-กษ-417,หมายเหตุ,ข้อความ,
D121,T6,2567-กษ-951,รหัสกิจกรรม,ข้อความ,2567-กษ-951
D121,T6,2567-กษ-951,ชื่อกิจกรรม,ข้อความ,กิจกรรมแก้ไขปัญหาการเกษตรปลอดภัย
D121,T6,2567-กษ-951,หน่วยงานรับผิดชอบ,ข้อความ,ศูนย์การศึกษานอกระบบและการศึกษาตามอัธยาศัยอำเภอบ้านโป่ง
D121,T6,2567-กษ-951,งบจัดสรร,เงินบาท,314500
D121,T6,2567-กษ-951,เบิกจ่าย,เงินบาท,243000
D121,T6,2567-กษ-951,จำนวนผู้เข้าร่วม,จำนวนนับ,189
D121,T6,2567-กษ-951,กลุ่มเป้าหมาย,รายการ,ผู้ประกอบการร้านอาหาร
D121,T6,2567-กษ-951,สถานะ,ข้อความ,ดำเนินการแล้วเสร็จ
D121,T6,2567-กษ-951,หมายเหตุ,ข้อความ,
D121,T6,2567-กษ-799,รหัสกิจกรรม,ข้อความ,2567-กษ-799
D121,T6,2567-กษ-799,ชื่อกิจกรรม,ข้อความ,โครงการเพิ่มประสิทธิภาพถนนสายหลักในเขตพื้นที่
D121,T6,2567-กษ-799,หน่วยงานรับผิดชอบ,ข้อความ,กศน.อำเภอบ้านโป่ง
D121,T6,2567-กษ-799,งบจัดสรร,เงินบาท,483000
D121,T6,2567-กษ-799,เบิกจ่าย,เงินบาท,380500
D121,T6,2567-กษ-799,จำนวนผู้เข้าร่วม,จำนวนนับ,224
D121,T6,2567-กษ-799,กลุ่มเป้าหมาย,รายการ,ผู้พิการและผู้ดูแล
D121,T6,2567-กษ-799,สถานะ,ข้อความ,ดำเนินการแล้วเสร็จ
D121,T6,2567-กษ-799,หมายเหตุ,ข้อความ,
D122,T6,2568-กษ-066,รหัสกิจกรรม,ข้อความ,2568-กษ-066
D122,T6,2568-กษ-066,ชื่อกิจกรรม,ข้อความ,โครงการส่งเสริมและสนับสนุนถนนสายหลักในเขตพื้นที่
D122,T6,2568-กษ-066,หน่วยงานรับผิดชอบ,ข้อความ,ทต.บ้านฉาง
D122,T6,2568-กษ-066,งบจัดสรร,เงินบาท,86500
D122,T6,2568-กษ-066,เบิกจ่าย,เงินบาท,69000
D122,T6,2568-กษ-066,จำนวนผู้เข้าร่วม,จำนวนนับ,231
D122,T6,2568-กษ-066,กลุ่มเป้าหมาย,รายการ,อาสาสมัครป้องกันภัยฝ่ายพลเรือน
D122,T6,2568-กษ-066,สถานะ,ข้อความ,ดำเนินการแล้วเสร็จ
D122,T6,2568-กษ-066,หมายเหตุ,ข้อความ,
D122,T6,2568-สธ-468,รหัสกิจกรรม,ข้อความ,2568-สธ-468
D122,T6,2568-สธ-468,ชื่อกิจกรรม,ข้อความ,โครงการเพิ่มประสิทธิภาพศูนย์พัฒนาเด็กเล็ก
D122,T6,2568-สธ-468,หน่วยงานรับผิดชอบ,ข้อความ,เทศบาลตำบลบ้านฉาง
D122,T6,2568-สธ-468,งบจัดสรร,เงินบาท,636500
D122,T6,2568-สธ-468,เบิกจ่าย,เงินบาท,395500
D122,T6,2568-สธ-468,จำนวนผู้เข้าร่วม,จำนวนนับ,161
D122,T6,2568-สธ-468,กลุ่มเป้าหมาย,รายการ,ผู้ประกันตนตามมาตรา 40
D122,T6,2568-สธ-468,สถานะ,ข้อความ,ดำเนินการแล้วเสร็จ
D122,T6,2568-สธ-468,หมายเหตุ,ข้อความ,
D122,T6,2568-สค-616,รหัสกิจกรรม,ข้อความ,2568-สค-616
D122,T6,2568-สค-616,ชื่อกิจกรรม,ข้อความ,กิจกรรมส่งเสริมและสนับสนุนเศรษฐกิจฐานราก
D122,T6,2568-สค-616,หน่วยงานรับผิดชอบ,ข้อความ,ทต.บ้านฉาง
D122,T6,2568-สค-616,งบจัดสรร,เงินบาท,670500
D122,T6,2568-สค-616,เบิกจ่าย,เงินบาท,415500
D122,T6,2568-สค-616,จำนวนผู้เข้าร่วม,จำนวนนับ,209
D122,T6,2568-สค-616,กลุ่มเป้าหมาย,รายการ,ผู้ประกันตนตามมาตรา 40
D122,T6,2568-สค-616,สถานะ,ข้อความ,ดำเนินการแล้วเสร็จ
D122,T6,2568-สค-616,หมายเหตุ,ข้อความ,
D122,T6,2568-พช-939,รหัสกิจกรรม,ข้อความ,2568-พช-939
D122,T6,2568-พช-939,ชื่อกิจกรรม,ข้อความ,กิจกรรมยกระดับกองทุนสวัสดิการชุมชน
D122,T6,2568-พช-939,หน่วยงานรับผิดชอบ,ข้อความ,เทศบาลตำบลบ้านฉาง
D122,T6,2568-พช-939,งบจัดสรร,เงินบาท,819500
D122,T6,2568-พช-939,เบิกจ่าย,เงินบาท,627000
D122,T6,2568-พช-939,จำนวนผู้เข้าร่วม,จำนวนนับ,208
D122,T6,2568-พช-939,กลุ่มเป้าหมาย,รายการ,ผู้ป่วยติดเตียงและผู้ดูแลที่บ้าน
D122,T6,2568-พช-939,สถานะ,ข้อความ,ดำเนินการแล้วเสร็จ
D122,T6,2568-พช-939,หมายเหตุ,ข้อความ,
D122,T6,2568-กษ-876,รหัสกิจกรรม,ข้อความ,2568-กษ-876
D122,T6,2568-กษ-876,ชื่อกิจกรรม,ข้อความ,โครงการแก้ไขปัญหาถนนสายหลักในเขตพื้นที่
D122,T6,2568-กษ-876,หน่วยงานรับผิดชอบ,ข้อความ,ทต.บ้านฉาง
D122,T6,2568-กษ-876,งบจัดสรร,เงินบาท,410500
D122,T6,2568-กษ-876,เบิกจ่าย,เงินบาท,370000
D122,T6,2568-กษ-876,จำนวนผู้เข้าร่วม,จำนวนนับ,185
D122,T6,2568-กษ-876,กลุ่มเป้าหมาย,รายการ,กลุ่มเปราะบางและผู้ด้อยโอกาส
D122,T6,2568-กษ-876,สถานะ,ข้อความ,ดำเนินการแล้วเสร็จ
D122,T6,2568-กษ-876,หมายเหตุ,ข้อความ,
D122,T6,2568-สธ-723,รหัสกิจกรรม,ข้อความ,2568-สธ-723
D122,T6,2568-สธ-723,ชื่อกิจกรรม,ข้อความ,โครงการส่งเสริมและสนับสนุนการบริหารจัดการขยะมูลฝอย
D122,T6,2568-สธ-723,หน่วยงานรับผิดชอบ,ข้อความ,ทต.บ้านฉาง
D122,T6,2568-สธ-723,งบจัดสรร,เงินบาท,841000
D122,T6,2568-สธ-723,เบิกจ่าย,เงินบาท,730500
D122,T6,2568-สธ-723,จำนวนผู้เข้าร่วม,จำนวนนับ,176
D122,T6,2568-สธ-723,กลุ่มเป้าหมาย,รายการ,เกษตรกรและผู้ประกอบการรายย่อย
D122,T6,2568-สธ-723,สถานะ,ข้อความ,ดำเนินการแล้วเสร็จ
D122,T6,2568-สธ-723,หมายเหตุ,ข้อความ,
D122,T6,2568-ทถ-987,รหัสกิจกรรม,ข้อความ,2568-ทถ-987
D122,T6,2568-ทถ-987,ชื่อกิจกรรม,ข้อความ,กิจกรรมขับเคลื่อนการเกษตรปลอดภัย
D122,T6,2568-ทถ-987,หน่วยงานรับผิดชอบ,ข้อความ,ทต.บ้านฉาง
D122,T6,2568-ทถ-987,งบจัดสรร,เงินบาท,291000
D122,T6,2568-ทถ-987,เบิกจ่าย,เงินบาท,216500
D122,T6,2568-ทถ-987,จำนวนผู้เข้าร่วม,จำนวนนับ,250
D122,T6,2568-ทถ-987,กลุ่มเป้าหมาย,รายการ,ผู้ประกันตนตามมาตรา 40
D122,T6,2568-ทถ-987,สถานะ,ข้อความ,ดำเนินการแล้วเสร็จ
D122,T6,2568-ทถ-987,หมายเหตุ,ข้อความ,
D123,T6,2568-ทถ-405,รหัสกิจกรรม,ข้อความ,2568-ทถ-405
D123,T6,2568-ทถ-405,ชื่อกิจกรรม,ข้อความ,โครงการเสริมสร้างความเข้มแข็งของการเกษตรปลอดภัย
D123,T6,2568-ทถ-405,หน่วยงานรับผิดชอบ,ข้อความ,อบต.ท่าข้าม
D123,T6,2568-ทถ-405,งบจัดสรร,เงินบาท,324500
D123,T6,2568-ทถ-405,เบิกจ่าย,เงินบาท,292500
D123,T6,2568-ทถ-405,จำนวนผู้เข้าร่วม,จำนวนนับ,213
D123,T6,2568-ทถ-405,กลุ่มเป้าหมาย,รายการ,เกษตรกรและผู้ประกอบการรายย่อย
D123,T6,2568-ทถ-405,สถานะ,ข้อความ,ดำเนินการแล้วเสร็จ
D123,T6,2568-ทถ-405,หมายเหตุ,ข้อความ,
D123,T6,2568-ทถ-711,รหัสกิจกรรม,ข้อความ,2568-ทถ-711
D123,T6,2568-ทถ-711,ชื่อกิจกรรม,ข้อความ,กิจกรรมพัฒนาศักยภาพเศรษฐกิจฐานราก
D123,T6,2568-ทถ-711,หน่วยงานรับผิดชอบ,ข้อความ,องค์การบริหารส่วนตำบลท่าข้าม
D123,T6,2568-ทถ-711,งบจัดสรร,เงินบาท,182000
D123,T6,2568-ทถ-711,เบิกจ่าย,เงินบาท,142000
D123,T6,2568-ทถ-711,จำนวนผู้เข้าร่วม,จำนวนนับ,238
D123,T6,2568-ทถ-711,กลุ่มเป้าหมาย,รายการ,เด็กและเยาวชน
D123,T6,2568-ทถ-711,สถานะ,ข้อความ,ดำเนินการแล้วเสร็จ
D123,T6,2568-ทถ-711,หมายเหตุ,ข้อความ,
D123,T6,2568-ศษ-578,รหัสกิจกรรม,ข้อความ,2568-ศษ-578
D123,T6,2568-ศษ-578,ชื่อกิจกรรม,ข้อความ,โครงการแก้ไขปัญหาการป้องกันโรคไข้เลือดออก
D123,T6,2568-ศษ-578,หน่วยงานรับผิดชอบ,ข้อความ,อบต.ท่าข้าม
D123,T6,2568-ศษ-578,งบจัดสรร,เงินบาท,592500
D123,T6,2568-ศษ-578,เบิกจ่าย,เงินบาท,581000
D123,T6,2568-ศษ-578,จำนวนผู้เข้าร่วม,จำนวนนับ,188
D123,T6,2568-ศษ-578,กลุ่มเป้าหมาย,รายการ,กลุ่มออมทรัพย์เพื่อการผลิต
D123,T6,2568-ศษ-578,สถานะ,ข้อความ,ดำเนินการแล้วเสร็จ
D123,T6,2568-ศษ-578,หมายเหตุ,ข้อความ,
D123,T6,2568-ศษ-481,รหัสกิจกรรม,ข้อความ,2568-ศษ-481
D123,T6,2568-ศษ-481,ชื่อกิจกรรม,ข้อความ,โครงการขับเคลื่อนการท่องเที่ยวโดยชุมชน
D123,T6,2568-ศษ-481,หน่วยงานรับผิดชอบ,ข้อความ,อบต.ท่าข้าม
D123,T6,2568-ศษ-481,งบจัดสรร,เงินบาท,638000
D123,T6,2568-ศษ-481,เบิกจ่าย,เงินบาท,390500
D123,T6,2568-ศษ-481,จำนวนผู้เข้าร่วม,จำนวนนับ,234
D123,T6,2568-ศษ-481,กลุ่มเป้าหมาย,รายการ,แรงงานนอกระบบ
D123,T6,2568-ศษ-481,สถานะ,ข้อความ,ดำเนินการแล้วเสร็จ
D123,T6,2568-ศษ-481,หมายเหตุ,ข้อความ,
D123,T6,2568-สค-199,รหัสกิจกรรม,ข้อความ,2568-สค-199
D123,T6,2568-สค-199,ชื่อกิจกรรม,ข้อความ,โครงการเพิ่มประสิทธิภาพกองทุนสวัสดิการชุมชน
D123,T6,2568-สค-199,หน่วยงานรับผิดชอบ,ข้อความ,องค์การบริหารส่วนตำบลท่าข้าม
D123,T6,2568-สค-199,งบจัดสรร,เงินบาท,399500
D123,T6,2568-สค-199,เบิกจ่าย,เงินบาท,398500
D123,T6,2568-สค-199,จำนวนผู้เข้าร่วม,จำนวนนับ,161
D123,T6,2568-สค-199,กลุ่มเป้าหมาย,รายการ,แรงงานนอกระบบ
D123,T6,2568-สค-199,สถานะ,ข้อความ,ดำเนินการแล้วเสร็จ
D123,T6,2568-สค-199,หมายเหตุ,ข้อความ,
D123,T6,2568-ทถ-517,รหัสกิจกรรม,ข้อความ,2568-ทถ-517
D123,T6,2568-ทถ-517,ชื่อกิจกรรม,ข้อความ,กิจกรรมส่งเสริมและสนับสนุนคุณภาพชีวิตผู้สูงอายุ
D123,T6,2568-ทถ-517,หน่วยงานรับผิดชอบ,ข้อความ,อบต.ท่าข้าม
D123,T6,2568-ทถ-517,งบจัดสรร,เงินบาท,224000
D123,T6,2568-ทถ-517,เบิกจ่าย,เงินบาท,164500
D123,T6,2568-ทถ-517,จำนวนผู้เข้าร่วม,จำนวนนับ,169
D123,T6,2568-ทถ-517,กลุ่มเป้าหมาย,รายการ,อาสาสมัครป้องกันภัยฝ่ายพลเรือน
D123,T6,2568-ทถ-517,สถานะ,ข้อความ,ดำเนินการแล้วเสร็จ
D123,T6,2568-ทถ-517,หมายเหตุ,ข้อความ,
D124,T6,2568-พช-040,รหัสกิจกรรม,ข้อความ,2568-พช-040
D124,T6,2568-พช-040,ชื่อกิจกรรม,ข้อความ,โครงการเพิ่มประสิทธิภาพเศรษฐกิจฐานราก
D124,T6,2568-พช-040,หน่วยงานรับผิดชอบ,ข้อความ,โรงพยาบาลส่งเสริมสุขภาพตำบลคลองสี่
D124,T6,2568-พช-040,งบจัดสรร,เงินบาท,584000
D124,T6,2568-พช-040,เบิกจ่าย,เงินบาท,431500
D124,T6,2568-พช-040,จำนวนผู้เข้าร่วม,จำนวนนับ,157
D124,T6,2568-พช-040,กลุ่มเป้าหมาย,รายการ,ผู้ประกันตนตามมาตรา 40
D124,T6,2568-พช-040,สถานะ,ข้อความ,ดำเนินการแล้วเสร็จ
D124,T6,2568-พช-040,หมายเหตุ,ข้อความ,
D124,T6,2568-สธ-539,รหัสกิจกรรม,ข้อความ,2568-สธ-539
D124,T6,2568-สธ-539,ชื่อกิจกรรม,ข้อความ,โครงการขับเคลื่อนศูนย์พัฒนาเด็กเล็ก
D124,T6,2568-สธ-539,หน่วยงานรับผิดชอบ,ข้อความ,โรงพยาบาลส่งเสริมสุขภาพตำบลคลองสี่
D124,T6,2568-สธ-539,งบจัดสรร,เงินบาท,276500
D124,T6,2568-สธ-539,เบิกจ่าย,เงินบาท,180000
D124,T6,2568-สธ-539,จำนวนผู้เข้าร่วม,จำนวนนับ,185
D124,T6,2568-สธ-539,กลุ่มเป้าหมาย,รายการ,ผู้ประสบภัยพิบัติ
D124,T6,2568-สธ-539,สถานะ,ข้อความ,ดำเนินการแล้วเสร็จ
D124,T6,2568-สธ-539,หมายเหตุ,ข้อความ,
D124,T6,2568-ศษ-960,รหัสกิจกรรม,ข้อความ,2568-ศษ-960
D124,T6,2568-ศษ-960,ชื่อกิจกรรม,ข้อความ,กิจกรรมขับเคลื่อนอาสาสมัครสาธารณสุขประจำหมู่บ้าน
D124,T6,2568-ศษ-960,หน่วยงานรับผิดชอบ,ข้อความ,รพ.สต.คลองสี่
D124,T6,2568-ศษ-960,งบจัดสรร,เงินบาท,495000
D124,T6,2568-ศษ-960,เบิกจ่าย,เงินบาท,464500
D124,T6,2568-ศษ-960,จำนวนผู้เข้าร่วม,จำนวนนับ,183
D124,T6,2568-ศษ-960,กลุ่มเป้าหมาย,รายการ,ผู้ประสบภัยพิบัติ
D124,T6,2568-ศษ-960,สถานะ,ข้อความ,ดำเนินการแล้วเสร็จ
D124,T6,2568-ศษ-960,หมายเหตุ,ข้อความ,
D124,T6,2568-ศษ-576,รหัสกิจกรรม,ข้อความ,2568-ศษ-576
D124,T6,2568-ศษ-576,ชื่อกิจกรรม,ข้อความ,โครงการแก้ไขปัญหาการท่องเที่ยวโดยชุมชน
D124,T6,2568-ศษ-576,หน่วยงานรับผิดชอบ,ข้อความ,รพ.สต.คลองสี่
D124,T6,2568-ศษ-576,งบจัดสรร,เงินบาท,125000
D124,T6,2568-ศษ-576,เบิกจ่าย,เงินบาท,113000
D124,T6,2568-ศษ-576,จำนวนผู้เข้าร่วม,จำนวนนับ,243
D124,T6,2568-ศษ-576,กลุ่มเป้าหมาย,รายการ,เจ้าหน้าที่ท้องถิ่น
D124,T6,2568-ศษ-576,สถานะ,ข้อความ,ดำเนินการแล้วเสร็จ
D124,T6,2568-ศษ-576,หมายเหตุ,ข้อความ,
D124,T6,2568-ศษ-943,รหัสกิจกรรม,ข้อความ,2568-ศษ-943
D124,T6,2568-ศษ-943,ชื่อกิจกรรม,ข้อความ,กิจกรรมเพิ่มประสิทธิภาพคุณภาพชีวิตผู้สูงอายุ
D124,T6,2568-ศษ-943,หน่วยงานรับผิดชอบ,ข้อความ,โรงพยาบาลส่งเสริมสุขภาพตำบลคลองสี่
D124,T6,2568-ศษ-943,งบจัดสรร,เงินบาท,71000
D124,T6,2568-ศษ-943,เบิกจ่าย,เงินบาท,49000
D124,T6,2568-ศษ-943,จำนวนผู้เข้าร่วม,จำนวนนับ,157
D124,T6,2568-ศษ-943,กลุ่มเป้าหมาย,รายการ,อาสาสมัครสาธารณสุขประจำหมู่บ้าน
D124,T6,2568-ศษ-943,สถานะ,ข้อความ,ดำเนินการแล้วเสร็จ
D124,T6,2568-ศษ-943,หมายเหตุ,ข้อความ,
D124,T6,2568-สค-876,รหัสกิจกรรม,ข้อความ,2568-สค-876
D124,T6,2568-สค-876,ชื่อกิจกรรม,ข้อความ,โครงการส่งเสริมและสนับสนุนเศรษฐกิจฐานราก
D124,T6,2568-สค-876,หน่วยงานรับผิดชอบ,ข้อความ,โรงพยาบาลส่งเสริมสุขภาพตำบลคลองสี่
D124,T6,2568-สค-876,งบจัดสรร,เงินบาท,501000
D124,T6,2568-สค-876,เบิกจ่าย,เงินบาท,466000
D124,T6,2568-สค-876,จำนวนผู้เข้าร่วม,จำนวนนับ,215
D124,T6,2568-สค-876,กลุ่มเป้าหมาย,รายการ,นักเรียนและนักศึกษา
D124,T6,2568-สค-876,สถานะ,ข้อความ,ดำเนินการแล้วเสร็จ
D124,T6,2568-สค-876,หมายเหตุ,ข้อความ,
D124,T6,2568-พช-616,รหัสกิจกรรม,ข้อความ,2568-พช-616
D124,T6,2568-พช-616,ชื่อกิจกรรม,ข้อความ,กิจกรรมขับเคลื่อนอาสาสมัครสาธารณสุขประจำหมู่บ้าน
D124,T6,2568-พช-616,หน่วยงานรับผิดชอบ,ข้อความ,โรงพยาบาลส่งเสริมสุขภาพตำบลคลองสี่
D124,T6,2568-พช-616,งบจัดสรร,เงินบาท,225500
D124,T6,2568-พช-616,เบิกจ่าย,เงินบาท,221000
D124,T6,2568-พช-616,จำนวนผู้เข้าร่วม,จำนวนนับ,237
D124,T6,2568-พช-616,กลุ่มเป้าหมาย,รายการ,ผู้ประสบภัยพิบัติ
D124,T6,2568-พช-616,สถานะ,ข้อความ,ดำเนินการแล้วเสร็จ
D124,T6,2568-พช-616,หมายเหตุ,ข้อความ,
D125,T6,2568-สค-717,รหัสกิจกรรม,ข้อความ,2568-สค-717
D125,T6,2568-สค-717,ชื่อกิจกรรม,ข้อความ,กิจกรรมแก้ไขปัญหาศูนย์พัฒนาเด็กเล็ก
D125,T6,2568-สค-717,หน่วยงานรับผิดชอบ,ข้อความ,สนง.เขตดอนเมือง
D125,T6,2568-สค-717,งบจัดสรร,เงินบาท,141500
D125,T6,2568-สค-717,เบิกจ่าย,เงินบาท,109500
D125,T6,2568-สค-717,จำนวนผู้เข้าร่วม,จำนวนนับ,222
D125,T6,2568-สค-717,กลุ่มเป้าหมาย,รายการ,ผู้ดูแลศูนย์พัฒนาเด็กเล็ก
D125,T6,2568-สค-717,สถานะ,ข้อความ,ดำเนินการแล้วเสร็จ
D125,T6,2568-สค-717,หมายเหตุ,ข้อความ,
D125,T6,2568-สธ-655,รหัสกิจกรรม,ข้อความ,2568-สธ-655
D125,T6,2568-สธ-655,ชื่อกิจกรรม,ข้อความ,กิจกรรมเสริมสร้างความเข้มแข็งของคุณภาพชีวิตผู้สูงอายุ
D125,T6,2568-สธ-655,หน่วยงานรับผิดชอบ,ข้อความ,สำนักงานเขตดอนเมือง
D125,T6,2568-สธ-655,งบจัดสรร,เงินบาท,275000
D125,T6,2568-สธ-655,เบิกจ่าย,เงินบาท,163000
D125,T6,2568-สธ-655,จำนวนผู้เข้าร่วม,จำนวนนับ,181
D125,T6,2568-สธ-655,กลุ่มเป้าหมาย,รายการ,ผู้ประสบภัยพิบัติ
D125,T6,2568-สธ-655,สถานะ,ข้อความ,ดำเนินการแล้วเสร็จ
D125,T6,2568-สธ-655,หมายเหตุ,ข้อความ,
D125,T6,2568-พช-431,รหัสกิจกรรม,ข้อความ,2568-พช-431
D125,T6,2568-พช-431,ชื่อกิจกรรม,ข้อความ,โครงการส่งเสริมและสนับสนุนการป้องกันโรคไข้เลือดออก
D125,T6,2568-พช-431,หน่วยงานรับผิดชอบ,ข้อความ,สนง.เขตดอนเมือง
D125,T6,2568-พช-431,งบจัดสรร,เงินบาท,497500
D125,T6,2568-พช-431,เบิกจ่าย,เงินบาท,464500
D125,T6,2568-พช-431,จำนวนผู้เข้าร่วม,จำนวนนับ,249
D125,T6,2568-พช-431,กลุ่มเป้าหมาย,รายการ,ผู้ดูแลศูนย์พัฒนาเด็กเล็ก
D125,T6,2568-พช-431,สถานะ,ข้อความ,ดำเนินการแล้วเสร็จ
D125,T6,2568-พช-431,หมายเหตุ,ข้อความ,
D125,T6,2568-ทถ-385,รหัสกิจกรรม,ข้อความ,2568-ทถ-385
D125,T6,2568-ทถ-385,ชื่อกิจกรรม,ข้อความ,กิจกรรมส่งเสริมและสนับสนุนเศรษฐกิจฐานราก
D125,T6,2568-ทถ-385,หน่วยงานรับผิดชอบ,ข้อความ,สนง.เขตดอนเมือง
D125,T6,2568-ทถ-385,งบจัดสรร,เงินบาท,124000
D125,T6,2568-ทถ-385,เบิกจ่าย,เงินบาท,98000
D125,T6,2568-ทถ-385,จำนวนผู้เข้าร่วม,จำนวนนับ,182
D125,T6,2568-ทถ-385,กลุ่มเป้าหมาย,รายการ,ผู้ต้องขัง
D125,T6,2568-ทถ-385,สถานะ,ข้อความ,ดำเนินการแล้วเสร็จ
D125,T6,2568-ทถ-385,หมายเหตุ,ข้อความ,
D125,T6,2568-ศษ-898,รหัสกิจกรรม,ข้อความ,2568-ศษ-898
D125,T6,2568-ศษ-898,ชื่อกิจกรรม,ข้อความ,โครงการพัฒนาศักยภาพการจัดการน้ำเสียชุมชน
D125,T6,2568-ศษ-898,หน่วยงานรับผิดชอบ,ข้อความ,สำนักงานเขตดอนเมือง
D125,T6,2568-ศษ-898,งบจัดสรร,เงินบาท,149500
D125,T6,2568-ศษ-898,เบิกจ่าย,เงินบาท,135000
D125,T6,2568-ศษ-898,จำนวนผู้เข้าร่วม,จำนวนนับ,179
D125,T6,2568-ศษ-898,กลุ่มเป้าหมาย,รายการ,แรงงานนอกระบบ
D125,T6,2568-ศษ-898,สถานะ,ข้อความ,ดำเนินการแล้วเสร็จ
D125,T6,2568-ศษ-898,หมายเหตุ,ข้อความ,
D125,T6,2568-ทถ-742,รหัสกิจกรรม,ข้อความ,2568-ทถ-742
D125,T6,2568-ทถ-742,ชื่อกิจกรรม,ข้อความ,โครงการเสริมสร้างความเข้มแข็งของศูนย์พัฒนาเด็กเล็ก
D125,T6,2568-ทถ-742,หน่วยงานรับผิดชอบ,ข้อความ,สำนักงานเขตดอนเมือง
D125,T6,2568-ทถ-742,งบจัดสรร,เงินบาท,54500
D125,T6,2568-ทถ-742,เบิกจ่าย,เงินบาท,51500
D125,T6,2568-ทถ-742,จำนวนผู้เข้าร่วม,จำนวนนับ,160
D125,T6,2568-ทถ-742,กลุ่มเป้าหมาย,รายการ,นักท่องเที่ยว
D125,T6,2568-ทถ-742,สถานะ,ข้อความ,ดำเนินการแล้วเสร็จ
D125,T6,2568-ทถ-742,หมายเหตุ,ข้อความ,
D126,T6,2567-พช-715,รหัสกิจกรรม,ข้อความ,2567-พช-715
D126,T6,2567-พช-715,ชื่อกิจกรรม,ข้อความ,โครงการขับเคลื่อนการเกษตรปลอดภัย
D126,T6,2567-พช-715,หน่วยงานรับผิดชอบ,ข้อความ,สำนักงานเขตดอนเมือง
D126,T6,2567-พช-715,งบจัดสรร,เงินบาท,326500
D126,T6,2567-พช-715,เบิกจ่าย,เงินบาท,190000
D126,T6,2567-พช-715,จำนวนผู้เข้าร่วม,จำนวนนับ,232
D126,T6,2567-พช-715,กลุ่มเป้าหมาย,รายการ,นักท่องเที่ยว
D126,T6,2567-พช-715,สถานะ,ข้อความ,ดำเนินการแล้วเสร็จ
D126,T6,2567-พช-715,หมายเหตุ,ข้อความ,
D126,T6,2567-ศษ-470,รหัสกิจกรรม,ข้อความ,2567-ศษ-470
D126,T6,2567-ศษ-470,ชื่อกิจกรรม,ข้อความ,โครงการพัฒนาศักยภาพศูนย์พัฒนาเด็กเล็ก
D126,T6,2567-ศษ-470,หน่วยงานรับผิดชอบ,ข้อความ,สนง.เขตดอนเมือง
D126,T6,2567-ศษ-470,งบจัดสรร,เงินบาท,132000
D126,T6,2567-ศษ-470,เบิกจ่าย,เงินบาท,111000
D126,T6,2567-ศษ-470,จำนวนผู้เข้าร่วม,จำนวนนับ,150
D126,T6,2567-ศษ-470,กลุ่มเป้าหมาย,รายการ,ครัวเรือนยากจน
D126,T6,2567-ศษ-470,สถานะ,ข้อความ,ดำเนินการแล้วเสร็จ
D126,T6,2567-ศษ-470,หมายเหตุ,ข้อความ,
D126,T6,2567-สค-321,รหัสกิจกรรม,ข้อความ,2567-สค-321
D126,T6,2567-สค-321,ชื่อกิจกรรม,ข้อความ,กิจกรรมเสริมสร้างความเข้มแข็งของการท่องเที่ยวโดยชุมชน
D126,T6,2567-สค-321,หน่วยงานรับผิดชอบ,ข้อความ,สำนักงานเขตดอนเมือง
D126,T6,2567-สค-321,งบจัดสรร,เงินบาท,221500
D126,T6,2567-สค-321,เบิกจ่าย,เงินบาท,137000
D126,T6,2567-สค-321,จำนวนผู้เข้าร่วม,จำนวนนับ,229
D126,T6,2567-สค-321,กลุ่มเป้าหมาย,รายการ,เจ้าหน้าที่ท้องถิ่น
D126,T6,2567-สค-321,สถานะ,ข้อความ,ดำเนินการแล้วเสร็จ
D126,T6,2567-สค-321,หมายเหตุ,ข้อความ,
D126,T6,2567-พช-158,รหัสกิจกรรม,ข้อความ,2567-พช-158
D126,T6,2567-พช-158,ชื่อกิจกรรม,ข้อความ,กิจกรรมพัฒนาศักยภาพกองทุนสวัสดิการชุมชน
D126,T6,2567-พช-158,หน่วยงานรับผิดชอบ,ข้อความ,สำนักงานเขตดอนเมือง
D126,T6,2567-พช-158,งบจัดสรร,เงินบาท,712500
D126,T6,2567-พช-158,เบิกจ่าย,เงินบาท,395500
D126,T6,2567-พช-158,จำนวนผู้เข้าร่วม,จำนวนนับ,242
D126,T6,2567-พช-158,กลุ่มเป้าหมาย,รายการ,แกนนำสุขภาพประจำครอบครัว
D126,T6,2567-พช-158,สถานะ,ข้อความ,ดำเนินการแล้วเสร็จ
D126,T6,2567-พช-158,หมายเหตุ,ข้อความ,
D126,T6,2567-สค-586,รหัสกิจกรรม,ข้อความ,2567-สค-586
D126,T6,2567-สค-586,ชื่อกิจกรรม,ข้อความ,กิจกรรมพัฒนาศักยภาพการเกษตรปลอดภัย
D126,T6,2567-สค-586,หน่วยงานรับผิดชอบ,ข้อความ,สำนักงานเขตดอนเมือง
D126,T6,2567-สค-586,งบจัดสรร,เงินบาท,247500
D126,T6,2567-สค-586,เบิกจ่าย,เงินบาท,165000
D126,T6,2567-สค-586,จำนวนผู้เข้าร่วม,จำนวนนับ,195
D126,T6,2567-สค-586,กลุ่มเป้าหมาย,รายการ,ผู้ค้าในตลาดสด
D126,T6,2567-สค-586,สถานะ,ข้อความ,ดำเนินการแล้วเสร็จ
D126,T6,2567-สค-586,หมายเหตุ,ข้อความ,
D126,T6,2567-กษ-589,รหัสกิจกรรม,ข้อความ,2567-กษ-589
D126,T6,2567-กษ-589,ชื่อกิจกรรม,ข้อความ,กิจกรรมพัฒนาศักยภาพการท่องเที่ยวโดยชุมชน
D126,T6,2567-กษ-589,หน่วยงานรับผิดชอบ,ข้อความ,สำนักงานเขตดอนเมือง
D126,T6,2567-กษ-589,งบจัดสรร,เงินบาท,320000
D126,T6,2567-กษ-589,เบิกจ่าย,เงินบาท,177000
D126,T6,2567-กษ-589,จำนวนผู้เข้าร่วม,จำนวนนับ,201
D126,T6,2567-กษ-589,กลุ่มเป้าหมาย,รายการ,ผู้ต้องขัง
D126,T6,2567-กษ-589,สถานะ,ข้อความ,ดำเนินการแล้วเสร็จ
D126,T6,2567-กษ-589,หมายเหตุ,ข้อความ,
D127,T6,2567-ทถ-096,รหัสกิจกรรม,ข้อความ,2567-ทถ-096
D127,T6,2567-ทถ-096,ชื่อกิจกรรม,ข้อความ,กิจกรรมขับเคลื่อนเศรษฐกิจฐานราก
D127,T6,2567-ทถ-096,หน่วยงานรับผิดชอบ,ข้อความ,สนง.เขตหนองแขม
D127,T6,2567-ทถ-096,งบจัดสรร,เงินบาท,50500
D127,T6,2567-ทถ-096,เบิกจ่าย,เงินบาท,42500
D127,T6,2567-ทถ-096,จำนวนผู้เข้าร่วม,จำนวนนับ,163
D127,T6,2567-ทถ-096,กลุ่มเป้าหมาย,รายการ,กลุ่มเปราะบางและผู้ด้อยโอกาส
D127,T6,2567-ทถ-096,สถานะ,ข้อความ,ดำเนินการแล้วเสร็จ
D127,T6,2567-ทถ-096,หมายเหตุ,ข้อความ,
D127,T6,2567-ศษ-697,รหัสกิจกรรม,ข้อความ,2567-ศษ-697
D127,T6,2567-ศษ-697,ชื่อกิจกรรม,ข้อความ,โครงการส่งเสริมและสนับสนุนครัวเรือนยากจนเป้าหมาย
D127,T6,2567-ศษ-697,หน่วยงานรับผิดชอบ,ข้อความ,สนง.เขตหนองแขม
D127,T6,2567-ศษ-697,งบจัดสรร,เงินบาท,583500
D127,T6,2567-ศษ-697,เบิกจ่าย,เงินบาท,346000
D127,T6,2567-ศษ-697,จำนวนผู้เข้าร่วม,จำนวนนับ,211
D127,T6,2567-ศษ-697,กลุ่มเป้าหมาย,รายการ,กลุ่มวิสาหกิจชุมชน
D127,T6,2567-ศษ-697,สถานะ,ข้อความ,ดำเนินการแล้วเสร็จ
D127,T6,2567-ศษ-697,หมายเหตุ,ข้อความ,
D127,T6,2567-กษ-737,รหัสกิจกรรม,ข้อความ,2567-กษ-737
D127,T6,2567-กษ-737,ชื่อกิจกรรม,ข้อความ,โครงการพัฒนาศักยภาพถนนสายหลักในเขตพื้นที่
D127,T6,2567-กษ-737,หน่วยงานรับผิดชอบ,ข้อความ,สำนักงานเขตหนองแขม
D127,T6,2567-กษ-737,งบจัดสรร,เงินบาท,397000
D127,T6,2567-กษ-737,เบิกจ่าย,เงินบาท,288500
D127,T6,2567-กษ-737,จำนวนผู้เข้าร่วม,จำนวนนับ,242
D127,T6,2567-กษ-737,กลุ่มเป้าหมาย,รายการ,เด็กและเยาวชน
D127,T6,2567-กษ-737,สถานะ,ข้อความ,ดำเนินการแล้วเสร็จ
D127,T6,2567-กษ-737,หมายเหตุ,ข้อความ,
D127,T6,2567-ศษ-483,รหัสกิจกรรม,ข้อความ,2567-ศษ-483
D127,T6,2567-ศษ-483,ชื่อกิจกรรม,ข้อความ,โครงการพัฒนาศักยภาพถนนสายหลักในเขตพื้นที่
D127,T6,2567-ศษ-483,หน่วยงานรับผิดชอบ,ข้อความ,สนง.เขตหนองแขม
D127,T6,2567-ศษ-483,งบจัดสรร,เงินบาท,677000
D127,T6,2567-ศษ-483,เบิกจ่าย,เงินบาท,489500
D127,T6,2567-ศษ-483,จำนวนผู้เข้าร่วม,จำนวนนับ,204
D127,T6,2567-ศษ-483,กลุ่มเป้าหมาย,รายการ,อาสาสมัครสาธารณสุขประจำหมู่บ้าน
D127,T6,2567-ศษ-483,สถานะ,ข้อความ,ดำเนินการแล้วเสร็จ
D127,T6,2567-ศษ-483,หมายเหตุ,ข้อความ,
D127,T6,2567-กษ-603,รหัสกิจกรรม,ข้อความ,2567-กษ-603
D127,T6,2567-กษ-603,ชื่อกิจกรรม,ข้อความ,โครงการเพิ่มประสิทธิภาพแผนพัฒนาท้องถิ่นห้าปี
D127,T6,2567-กษ-603,หน่วยงานรับผิดชอบ,ข้อความ,สนง.เขตหนองแขม
D127,T6,2567-กษ-603,งบจัดสรร,เงินบาท,33500
D127,T6,2567-กษ-603,เบิกจ่าย,เงินบาท,20000
D127,T6,2567-กษ-603,จำนวนผู้เข้าร่วม,จำนวนนับ,174
D127,T6,2567-กษ-603,กลุ่มเป้าหมาย,รายการ,ผู้นำศาสนา
D127,T6,2567-กษ-603,สถานะ,ข้อความ,ดำเนินการแล้วเสร็จ
D127,T6,2567-กษ-603,หมายเหตุ,ข้อความ,
D127,T6,2567-ศษ-124,รหัสกิจกรรม,ข้อความ,2567-ศษ-124
D127,T6,2567-ศษ-124,ชื่อกิจกรรม,ข้อความ,กิจกรรมยกระดับถนนสายหลักในเขตพื้นที่
D127,T6,2567-ศษ-124,หน่วยงานรับผิดชอบ,ข้อความ,สำนักงานเขตหนองแขม
D127,T6,2567-ศษ-124,งบจัดสรร,เงินบาท,191000
D127,T6,2567-ศษ-124,เบิกจ่าย,เงินบาท,111000
D127,T6,2567-ศษ-124,จำนวนผู้เข้าร่วม,จำนวนนับ,222
D127,T6,2567-ศษ-124,กลุ่มเป้าหมาย,รายการ,ผู้ป่วยติดเตียงและผู้ดูแลที่บ้าน
D127,T6,2567-ศษ-124,สถานะ,ข้อความ,ดำเนินการแล้วเสร็จ
D127,T6,2567-ศษ-124,หมายเหตุ,ข้อความ,
D128,T6,2567-ทถ-115,รหัสกิจกรรม,ข้อความ,2567-ทถ-115
D128,T6,2567-ทถ-115,ชื่อกิจกรรม,ข้อความ,โครงการเพิ่มประสิทธิภาพการเกษตรปลอดภัย
D128,T6,2567-ทถ-115,หน่วยงานรับผิดชอบ,ข้อความ,สำนักงานพัฒนาชุมชนอำเภอปากช่อง
D128,T6,2567-ทถ-115,งบจัดสรร,เงินบาท,641500
D128,T6,2567-ทถ-115,เบิกจ่าย,เงินบาท,490500
D128,T6,2567-ทถ-115,จำนวนผู้เข้าร่วม,จำนวนนับ,216
D128,T6,2567-ทถ-115,กลุ่มเป้าหมาย,รายการ,สตรีและครอบครัว
D128,T6,2567-ทถ-115,สถานะ,ข้อความ,ดำเนินการแล้วเสร็จ
D128,T6,2567-ทถ-115,หมายเหตุ,ข้อความ,
D128,T6,2567-ทถ-151,รหัสกิจกรรม,ข้อความ,2567-ทถ-151
D128,T6,2567-ทถ-151,ชื่อกิจกรรม,ข้อความ,กิจกรรมยกระดับการจัดการน้ำเสียชุมชน
D128,T6,2567-ทถ-151,หน่วยงานรับผิดชอบ,ข้อความ,สำนักงานพัฒนาชุมชนอำเภอปากช่อง
D128,T6,2567-ทถ-151,งบจัดสรร,เงินบาท,461500
D128,T6,2567-ทถ-151,เบิกจ่าย,เงินบาท,255500
D128,T6,2567-ทถ-151,จำนวนผู้เข้าร่วม,จำนวนนับ,160
D128,T6,2567-ทถ-151,กลุ่มเป้าหมาย,รายการ,ข้าราชการและเจ้าหน้าที่ของรัฐ
D128,T6,2567-ทถ-151,สถานะ,ข้อความ,ดำเนินการแล้วเสร็จ
D128,T6,2567-ทถ-151,หมายเหตุ,ข้อความ,
D128,T6,2567-กษ-779,รหัสกิจกรรม,ข้อความ,2567-กษ-779
D128,T6,2567-กษ-779,ชื่อกิจกรรม,ข้อความ,กิจกรรมขับเคลื่อนการเกษตรปลอดภัย
D128,T6,2567-กษ-779,หน่วยงานรับผิดชอบ,ข้อความ,สำนักงานพัฒนาชุมชนอำเภอปากช่อง
D128,T6,2567-กษ-779,งบจัดสรร,เงินบาท,170000
D128,T6,2567-กษ-779,เบิกจ่าย,เงินบาท,113000
D128,T6,2567-กษ-779,จำนวนผู้เข้าร่วม,จำนวนนับ,219
D128,T6,2567-กษ-779,กลุ่มเป้าหมาย,รายการ,ประชาชนทั่วไป
D128,T6,2567-กษ-779,สถานะ,ข้อความ,ดำเนินการแล้วเสร็จ
D128,T6,2567-กษ-779,หมายเหตุ,ข้อความ,
D128,T6,2567-สค-209,รหัสกิจกรรม,ข้อความ,2567-สค-209
D128,T6,2567-สค-209,ชื่อกิจกรรม,ข้อความ,กิจกรรมแก้ไขปัญหาการป้องกันโรคไข้เลือดออก
D128,T6,2567-สค-209,หน่วยงานรับผิดชอบ,ข้อความ,สำนักงานพัฒนาชุมชนอำเภอปากช่อง
D128,T6,2567-สค-209,งบจัดสรร,เงินบาท,352500
D128,T6,2567-สค-209,เบิกจ่าย,เงินบาท,215500
D128,T6,2567-สค-209,จำนวนผู้เข้าร่วม,จำนวนนับ,165
D128,T6,2567-สค-209,กลุ่มเป้าหมาย,รายการ,ประชาชนทั่วไป
D128,T6,2567-สค-209,สถานะ,ข้อความ,ดำเนินการแล้วเสร็จ
D128,T6,2567-สค-209,หมายเหตุ,ข้อความ,
D128,T6,2567-สค-748,รหัสกิจกรรม,ข้อความ,2567-สค-748
D128,T6,2567-สค-748,ชื่อกิจกรรม,ข้อความ,โครงการส่งเสริมและสนับสนุนการท่องเที่ยวโดยชุมชน
D128,T6,2567-สค-748,หน่วยงานรับผิดชอบ,ข้อความ,สำนักงานพัฒนาชุมชนอำเภอปากช่อง
D128,T6,2567-สค-748,งบจัดสรร,เงินบาท,227000
D128,T6,2567-สค-748,เบิกจ่าย,เงินบาท,216000
D128,T6,2567-สค-748,จำนวนผู้เข้าร่วม,จำนวนนับ,170
D128,T6,2567-สค-748,กลุ่มเป้าหมาย,รายการ,กลุ่มวิสาหกิจชุมชน
D128,T6,2567-สค-748,สถานะ,ข้อความ,ดำเนินการแล้วเสร็จ
D128,T6,2567-สค-748,หมายเหตุ,ข้อความ,
D128,T6,2567-ทถ-338,รหัสกิจกรรม,ข้อความ,2567-ทถ-338
D128,T6,2567-ทถ-338,ชื่อกิจกรรม,ข้อความ,กิจกรรมขับเคลื่อนการป้องกันโรคไข้เลือดออก
D128,T6,2567-ทถ-338,หน่วยงานรับผิดชอบ,ข้อความ,พช.อ.ปากช่อง
D128,T6,2567-ทถ-338,งบจัดสรร,เงินบาท,435500
D128,T6,2567-ทถ-338,เบิกจ่าย,เงินบาท,401000
D128,T6,2567-ทถ-338,จำนวนผู้เข้าร่วม,จำนวนนับ,154
D128,T6,2567-ทถ-338,กลุ่มเป้าหมาย,รายการ,ผู้นำศาสนา
D128,T6,2567-ทถ-338,สถานะ,ข้อความ,ดำเนินการแล้วเสร็จ
D128,T6,2567-ทถ-338,หมายเหตุ,ข้อความ,
D128,T6,2567-สธ-303,รหัสกิจกรรม,ข้อความ,2567-สธ-303
D128,T6,2567-สธ-303,ชื่อกิจกรรม,ข้อความ,กิจกรรมยกระดับครัวเรือนยากจนเป้าหมาย
D128,T6,2567-สธ-303,หน่วยงานรับผิดชอบ,ข้อความ,สำนักงานพัฒนาชุมชนอำเภอปากช่อง
D128,T6,2567-สธ-303,งบจัดสรร,เงินบาท,382000
D128,T6,2567-สธ-303,เบิกจ่าย,เงินบาท,334000
D128,T6,2567-สธ-303,จำนวนผู้เข้าร่วม,จำนวนนับ,228
D128,T6,2567-สธ-303,กลุ่มเป้าหมาย,รายการ,เจ้าหน้าที่ท้องถิ่น
D128,T6,2567-สธ-303,สถานะ,ข้อความ,ดำเนินการแล้วเสร็จ
D128,T6,2567-สธ-303,หมายเหตุ,ข้อความ,
D129,T6,2567-พช-170,รหัสกิจกรรม,ข้อความ,2567-พช-170
D129,T6,2567-พช-170,ชื่อกิจกรรม,ข้อความ,โครงการแก้ไขปัญหาอาสาสมัครสาธารณสุขประจำหมู่บ้าน
D129,T6,2567-พช-170,หน่วยงานรับผิดชอบ,ข้อความ,อบจ.พะเยา
D129,T6,2567-พช-170,งบจัดสรร,เงินบาท,545500
D129,T6,2567-พช-170,เบิกจ่าย,เงินบาท,311500
D129,T6,2567-พช-170,จำนวนผู้เข้าร่วม,จำนวนนับ,248
D129,T6,2567-พช-170,กลุ่มเป้าหมาย,รายการ,อาสาสมัครป้องกันภัยฝ่ายพลเรือน
D129,T6,2567-พช-170,สถานะ,ข้อความ,ดำเนินการแล้วเสร็จ
D129,T6,2567-พช-170,หมายเหตุ,ข้อความ,
D129,T6,2567-กษ-516,รหัสกิจกรรม,ข้อความ,2567-กษ-516
D129,T6,2567-กษ-516,ชื่อกิจกรรม,ข้อความ,กิจกรรมส่งเสริมและสนับสนุนกลุ่มวิสาหกิจชุมชน
D129,T6,2567-กษ-516,หน่วยงานรับผิดชอบ,ข้อความ,อบจ.พะเยา
D129,T6,2567-กษ-516,งบจัดสรร,เงินบาท,198500
D129,T6,2567-กษ-516,เบิกจ่าย,เงินบาท,157500
D129,T6,2567-กษ-516,จำนวนผู้เข้าร่วม,จำนวนนับ,240
D129,T6,2567-กษ-516,กลุ่มเป้าหมาย,รายการ,อาสาสมัครสาธารณสุขประจำหมู่บ้าน
D129,T6,2567-กษ-516,สถานะ,ข้อความ,ดำเนินการแล้วเสร็จ
D129,T6,2567-กษ-516,หมายเหตุ,ข้อความ,
D129,T6,2567-สธ-539,รหัสกิจกรรม,ข้อความ,2567-สธ-539
D129,T6,2567-สธ-539,ชื่อกิจกรรม,ข้อความ,โครงการแก้ไขปัญหาการบริหารจัดการขยะมูลฝอย
D129,T6,2567-สธ-539,หน่วยงานรับผิดชอบ,ข้อความ,องค์การบริหารส่วนจังหวัดพะเยา
D129,T6,2567-สธ-539,งบจัดสรร,เงินบาท,56500
D129,T6,2567-สธ-539,เบิกจ่าย,เงินบาท,56000
D129,T6,2567-สธ-539,จำนวนผู้เข้าร่วม,จำนวนนับ,183
D129,T6,2567-สธ-539,กลุ่มเป้าหมาย,รายการ,ผู้ค้าในตลาดสด
D129,T6,2567-สธ-539,สถานะ,ข้อความ,ดำเนินการแล้วเสร็จ
D129,T6,2567-สธ-539,หมายเหตุ,ข้อความ,
D129,T6,2567-ศษ-197,รหัสกิจกรรม,ข้อความ,2567-ศษ-197
D129,T6,2567-ศษ-197,ชื่อกิจกรรม,ข้อความ,กิจกรรมแก้ไขปัญหาแผนพัฒนาท้องถิ่นห้าปี
D129,T6,2567-ศษ-197,หน่วยงานรับผิดชอบ,ข้อความ,อบจ.พะเยา
D129,T6,2567-ศษ-197,งบจัดสรร,เงินบาท,587000
D129,T6,2567-ศษ-197,เบิกจ่าย,เงินบาท,512500
D129,T6,2567-ศษ-197,จำนวนผู้เข้าร่วม,จำนวนนับ,188
D129,T6,2567-ศษ-197,กลุ่มเป้าหมาย,รายการ,ผู้ประสบภัยพิบัติ
D129,T6,2567-ศษ-197,สถานะ,ข้อความ,ดำเนินการแล้วเสร็จ
D129,T6,2567-ศษ-197,หมายเหตุ,ข้อความ,
D129,T6,2567-สธ-786,รหัสกิจกรรม,ข้อความ,2567-สธ-786
D129,T6,2567-สธ-786,ชื่อกิจกรรม,ข้อความ,กิจกรรมเพิ่มประสิทธิภาพการเกษตรปลอดภัย
D129,T6,2567-สธ-786,หน่วยงานรับผิดชอบ,ข้อความ,อบจ.พะเยา
D129,T6,2567-สธ-786,งบจัดสรร,เงินบาท,508500
D129,T6,2567-สธ-786,เบิกจ่าย,เงินบาท,426000
D129,T6,2567-สธ-786,จำนวนผู้เข้าร่วม,จำนวนนับ,189
D129,T6,2567-สธ-786,กลุ่มเป้าหมาย,รายการ,นักเรียนและนักศึกษา
D129,T6,2567-สธ-786,สถานะ,ข้อความ,ดำเนินการแล้วเสร็จ
D129,T6,2567-สธ-786,หมายเหตุ,ข้อความ,
D129,T6,2567-ศษ-008,รหัสกิจกรรม,ข้อความ,2567-ศษ-008
D129,T6,2567-ศษ-008,ชื่อกิจกรรม,ข้อความ,กิจกรรมพัฒนาศักยภาพการป้องกันโรคไข้เลือดออก
D129,T6,2567-ศษ-008,หน่วยงานรับผิดชอบ,ข้อความ,องค์การบริหารส่วนจังหวัดพะเยา
D129,T6,2567-ศษ-008,งบจัดสรร,เงินบาท,290500
D129,T6,2567-ศษ-008,เบิกจ่าย,เงินบาท,199000
D129,T6,2567-ศษ-008,จำนวนผู้เข้าร่วม,จำนวนนับ,197
D129,T6,2567-ศษ-008,กลุ่มเป้าหมาย,รายการ,ผู้ประกอบการร้านอาหาร
D129,T6,2567-ศษ-008,สถานะ,ข้อความ,ดำเนินการแล้วเสร็จ
D129,T6,2567-ศษ-008,หมายเหตุ,ข้อความ,
D130,T6,2567-สค-298,รหัสกิจกรรม,ข้อความ,2567-สค-298
D130,T6,2567-สค-298,ชื่อกิจกรรม,ข้อความ,โครงการพัฒนาศักยภาพเศรษฐกิจฐานราก
D130,T6,2567-สค-298,หน่วยงานรับผิดชอบ,ข้อความ,รพ.สต.คลองสี่
D130,T6,2567-สค-298,งบจัดสรร,เงินบาท,59000
D130,T6,2567-สค-298,เบิกจ่าย,เงินบาท,33500
D130,T6,2567-สค-298,จำนวนผู้เข้าร่วม,จำนวนนับ,217
D130,T6,2567-สค-298,กลุ่มเป้าหมาย,รายการ,อาสาสมัครป้องกันภัยฝ่ายพลเรือน
D130,T6,2567-สค-298,สถานะ,ข้อความ,ดำเนินการแล้วเสร็จ
D130,T6,2567-สค-298,หมายเหตุ,ข้อความ,
D130,T6,2567-สธ-930,รหัสกิจกรรม,ข้อความ,2567-สธ-930
D130,T6,2567-สธ-930,ชื่อกิจกรรม,ข้อความ,กิจกรรมยกระดับคุณภาพชีวิตผู้สูงอายุ
D130,T6,2567-สธ-930,หน่วยงานรับผิดชอบ,ข้อความ,รพ.สต.คลองสี่
D130,T6,2567-สธ-930,งบจัดสรร,เงินบาท,56500
D130,T6,2567-สธ-930,เบิกจ่าย,เงินบาท,39000
D130,T6,2567-สธ-930,จำนวนผู้เข้าร่วม,จำนวนนับ,154
D130,T6,2567-สธ-930,กลุ่มเป้าหมาย,รายการ,ครัวเรือนยากจน
D130,T6,2567-สธ-930,สถานะ,ข้อความ,ดำเนินการแล้วเสร็จ
D130,T6,2567-สธ-930,หมายเหตุ,ข้อความ,
D130,T6,2567-พช-369,รหัสกิจกรรม,ข้อความ,2567-พช-369
D130,T6,2567-พช-369,ชื่อกิจกรรม,ข้อความ,กิจกรรมส่งเสริมและสนับสนุนแผนพัฒนาท้องถิ่นห้าปี
D130,T6,2567-พช-369,หน่วยงานรับผิดชอบ,ข้อความ,รพ.สต.คลองสี่
D130,T6,2567-พช-369,งบจัดสรร,เงินบาท,178500
D130,T6,2567-พช-369,เบิกจ่าย,เงินบาท,167500
D130,T6,2567-พช-369,จำนวนผู้เข้าร่วม,จำนวนนับ,165
D130,T6,2567-พช-369,กลุ่มเป้าหมาย,รายการ,ผู้ดูแลศูนย์พัฒนาเด็กเล็ก
D130,T6,2567-พช-369,สถานะ,ข้อความ,ดำเนินการแล้วเสร็จ
D130,T6,2567-พช-369,หมายเหตุ,ข้อความ,
D130,T6,2567-พช-260,รหัสกิจกรรม,ข้อความ,2567-พช-260
D130,T6,2567-พช-260,ชื่อกิจกรรม,ข้อความ,กิจกรรมแก้ไขปัญหาระบบประปาหมู่บ้าน
D130,T6,2567-พช-260,หน่วยงานรับผิดชอบ,ข้อความ,รพ.สต.คลองสี่
D130,T6,2567-พช-260,งบจัดสรร,เงินบาท,767500
D130,T6,2567-พช-260,เบิกจ่าย,เงินบาท,516500
D130,T6,2567-พช-260,จำนวนผู้เข้าร่วม,จำนวนนับ,179
D130,T6,2567-พช-260,กลุ่มเป้าหมาย,รายการ,เกษตรกรและผู้ประกอบการรายย่อย
D130,T6,2567-พช-260,สถานะ,ข้อความ,ดำเนินการแล้วเสร็จ
D130,T6,2567-พช-260,หมายเหตุ,ข้อความ,
D130,T6,2567-สธ-991,รหัสกิจกรรม,ข้อความ,2567-สธ-991
D130,T6,2567-สธ-991,ชื่อกิจกรรม,ข้อความ,โครงการส่งเสริมและสนับสนุนอาสาสมัครสาธารณสุขประจำหมู่บ้าน
D130,T6,2567-สธ-991,หน่วยงานรับผิดชอบ,ข้อความ,โรงพยาบาลส่งเสริมสุขภาพตำบลคลองสี่
D130,T6,2567-สธ-991,งบจัดสรร,เงินบาท,748000
D130,T6,2567-สธ-991,เบิกจ่าย,เงินบาท,502500
D130,T6,2567-สธ-991,จำนวนผู้เข้าร่วม,จำนวนนับ,204
D130,T6,2567-สธ-991,กลุ่มเป้าหมาย,รายการ,เจ้าหน้าที่ท้องถิ่น
D130,T6,2567-สธ-991,สถานะ,ข้อความ,ดำเนินการแล้วเสร็จ
D130,T6,2567-สธ-991,หมายเหตุ,ข้อความ,
D130,T6,2567-ทถ-578,รหัสกิจกรรม,ข้อความ,2567-ทถ-578
D130,T6,2567-ทถ-578,ชื่อกิจกรรม,ข้อความ,กิจกรรมเพิ่มประสิทธิภาพครัวเรือนยากจนเป้าหมาย
D130,T6,2567-ทถ-578,หน่วยงานรับผิดชอบ,ข้อความ,โรงพยาบาลส่งเสริมสุขภาพตำบลคลองสี่
D130,T6,2567-ทถ-578,งบจัดสรร,เงินบาท,111500
D130,T6,2567-ทถ-578,เบิกจ่าย,เงินบาท,106000
D130,T6,2567-ทถ-578,จำนวนผู้เข้าร่วม,จำนวนนับ,250
D130,T6,2567-ทถ-578,กลุ่มเป้าหมาย,รายการ,กลุ่มเปราะบางและผู้ด้อยโอกาส
D130,T6,2567-ทถ-578,สถานะ,ข้อความ,ดำเนินการแล้วเสร็จ
D130,T6,2567-ทถ-578,หมายเหตุ,ข้อความ,
D130,T6,2567-สค-623,รหัสกิจกรรม,ข้อความ,2567-สค-623
D130,T6,2567-สค-623,ชื่อกิจกรรม,ข้อความ,กิจกรรมเพิ่มประสิทธิภาพถนนสายหลักในเขตพื้นที่
D130,T6,2567-สค-623,หน่วยงานรับผิดชอบ,ข้อความ,รพ.สต.คลองสี่
D130,T6,2567-สค-623,งบจัดสรร,เงินบาท,571000
D130,T6,2567-สค-623,เบิกจ่าย,เงินบาท,405000
D130,T6,2567-สค-623,จำนวนผู้เข้าร่วม,จำนวนนับ,239
D130,T6,2567-สค-623,กลุ่มเป้าหมาย,รายการ,นักเรียนและนักศึกษา
D130,T6,2567-สค-623,สถานะ,ข้อความ,ดำเนินการแล้วเสร็จ
D130,T6,2567-สค-623,หมายเหตุ,ข้อความ,
D131,T6,2568-สธ-956,รหัสกิจกรรม,ข้อความ,2568-สธ-956
D131,T6,2568-สธ-956,ชื่อกิจกรรม,ข้อความ,กิจกรรมเสริมสร้างความเข้มแข็งของระบบประปาหมู่บ้าน
D131,T6,2568-สธ-956,หน่วยงานรับผิดชอบ,ข้อความ,รพ.สต.คลองสี่
D131,T6,2568-สธ-956,งบจัดสรร,เงินบาท,738500
D131,T6,2568-สธ-956,เบิกจ่าย,เงินบาท,595500
D131,T6,2568-สธ-956,จำนวนผู้เข้าร่วม,จำนวนนับ,184
D131,T6,2568-สธ-956,กลุ่มเป้าหมาย,รายการ,อาสาสมัครป้องกันภัยฝ่ายพลเรือน
D131,T6,2568-สธ-956,สถานะ,ข้อความ,ดำเนินการแล้วเสร็จ
D131,T6,2568-สธ-956,หมายเหตุ,ข้อความ,
D131,T6,2568-ศษ-151,รหัสกิจกรรม,ข้อความ,2568-ศษ-151
D131,T6,2568-ศษ-151,ชื่อกิจกรรม,ข้อความ,โครงการยกระดับเศรษฐกิจฐานราก
D131,T6,2568-ศษ-151,หน่วยงานรับผิดชอบ,ข้อความ,รพ.สต.คลองสี่
D131,T6,2568-ศษ-151,งบจัดสรร,เงินบาท,647000
D131,T6,2568-ศษ-151,เบิกจ่าย,เงินบาท,377500
D131,T6,2568-ศษ-151,จำนวนผู้เข้าร่วม,จำนวนนับ,158
D131,T6,2568-ศษ-151,กลุ่มเป้าหมาย,รายการ,อาสาสมัครป้องกันภัยฝ่ายพลเรือน
D131,T6,2568-ศษ-151,สถานะ,ข้อความ,ดำเนินการแล้วเสร็จ
D131,T6,2568-ศษ-151,หมายเหตุ,ข้อความ,
D131,T6,2568-พช-287,รหัสกิจกรรม,ข้อความ,2568-พช-287
D131,T6,2568-พช-287,ชื่อกิจกรรม,ข้อความ,โครงการส่งเสริมและสนับสนุนระบบประปาหมู่บ้าน
D131,T6,2568-พช-287,หน่วยงานรับผิดชอบ,ข้อความ,โรงพยาบาลส่งเสริมสุขภาพตำบลคลองสี่
D131,T6,2568-พช-287,งบจัดสรร,เงินบาท,256500
D131,T6,2568-พช-287,เบิกจ่าย,เงินบาท,190000
D131,T6,2568-พช-287,จำนวนผู้เข้าร่วม,จำนวนนับ,178
D131,T6,2568-พช-287,กลุ่มเป้าหมาย,รายการ,ผู้สูงอายุ
D131,T6,2568-พช-287,สถานะ,ข้อความ,ดำเนินการแล้วเสร็จ
D131,T6,2568-พช-287,หมายเหตุ,ข้อความ,
D131,T6,2568-ศษ-232,รหัสกิจกรรม,ข้อความ,2568-ศษ-232
D131,T6,2568-ศษ-232,ชื่อกิจกรรม,ข้อความ,โครงการขับเคลื่อนการป้องกันโรคไข้เลือดออก
D131,T6,2568-ศษ-232,หน่วยงานรับผิดชอบ,ข้อความ,โรงพยาบาลส่งเสริมสุขภาพตำบลคลองสี่
D131,T6,2568-ศษ-232,งบจัดสรร,เงินบาท,640500
D131,T6,2568-ศษ-232,เบิกจ่าย,เงินบาท,623500
D131,T6,2568-ศษ-232,จำนวนผู้เข้าร่วม,จำนวนนับ,199
D131,T6,2568-ศษ-232,กลุ่มเป้าหมาย,รายการ,ผู้ว่างงาน
D131,T6,2568-ศษ-232,สถานะ,ข้อความ,ดำเนินการแล้วเสร็จ
D131,T6,2568-ศษ-232,หมายเหตุ,ข้อความ,
D131,T6,2568-สธ-682,รหัสกิจกรรม,ข้อความ,2568-สธ-682
D131,T6,2568-สธ-682,ชื่อกิจกรรม,ข้อความ,โครงการเพิ่มประสิทธิภาพอาสาสมัครสาธารณสุขประจำหมู่บ้าน
D131,T6,2568-สธ-682,หน่วยงานรับผิดชอบ,ข้อความ,รพ.สต.คลองสี่
D131,T6,2568-สธ-682,งบจัดสรร,เงินบาท,620000
D131,T6,2568-สธ-682,เบิกจ่าย,เงินบาท,392500
D131,T6,2568-สธ-682,จำนวนผู้เข้าร่วม,จำนวนนับ,166
D131,T6,2568-สธ-682,กลุ่มเป้าหมาย,รายการ,ผู้นำชุมชนและปราชญ์ชาวบ้าน
D131,T6,2568-สธ-682,สถานะ,ข้อความ,ดำเนินการแล้วเสร็จ
D131,T6,2568-สธ-682,หมายเหตุ,ข้อความ,
D131,T6,2568-สค-550,รหัสกิจกรรม,ข้อความ,2568-สค-550
D131,T6,2568-สค-550,ชื่อกิจกรรม,ข้อความ,กิจกรรมเสริมสร้างความเข้มแข็งของการจัดการน้ำเสียชุมชน
D131,T6,2568-สค-550,หน่วยงานรับผิดชอบ,ข้อความ,รพ.สต.คลองสี่
D131,T6,2568-สค-550,งบจัดสรร,เงินบาท,612500
D131,T6,2568-สค-550,เบิกจ่าย,เงินบาท,485000
D131,T6,2568-สค-550,จำนวนผู้เข้าร่วม,จำนวนนับ,249
D131,T6,2568-สค-550,กลุ่มเป้าหมาย,รายการ,แรงงานนอกระบบ
D131,T6,2568-สค-550,สถานะ,ข้อความ,ดำเนินการแล้วเสร็จ
D131,T6,2568-สค-550,หมายเหตุ,ข้อความ,
D131,T6,2568-พช-459,รหัสกิจกรรม,ข้อความ,2568-พช-459
D131,T6,2568-พช-459,ชื่อกิจกรรม,ข้อความ,โครงการเสริมสร้างความเข้มแข็งของระบบประปาหมู่บ้าน
D131,T6,2568-พช-459,หน่วยงานรับผิดชอบ,ข้อความ,โรงพยาบาลส่งเสริมสุขภาพตำบลคลองสี่
D131,T6,2568-พช-459,งบจัดสรร,เงินบาท,451000
D131,T6,2568-พช-459,เบิกจ่าย,เงินบาท,445500
D131,T6,2568-พช-459,จำนวนผู้เข้าร่วม,จำนวนนับ,238
D131,T6,2568-พช-459,กลุ่มเป้าหมาย,รายการ,กลุ่มวิสาหกิจชุมชน
D131,T6,2568-พช-459,สถานะ,ข้อความ,ดำเนินการแล้วเสร็จ
D131,T6,2568-พช-459,หมายเหตุ,ข้อความ,
D132,T6,2567-สค-868,รหัสกิจกรรม,ข้อความ,2567-สค-868
D132,T6,2567-สค-868,ชื่อกิจกรรม,ข้อความ,กิจกรรมขับเคลื่อนการท่องเที่ยวโดยชุมชน
D132,T6,2567-สค-868,หน่วยงานรับผิดชอบ,ข้อความ,สสจ.น่าน
D132,T6,2567-สค-868,งบจัดสรร,เงินบาท,28500
D132,T6,2567-สค-868,เบิกจ่าย,เงินบาท,22000
D132,T6,2567-สค-868,จำนวนผู้เข้าร่วม,จำนวนนับ,229
D132,T6,2567-สค-868,กลุ่มเป้าหมาย,รายการ,ผู้ค้าในตลาดสด
D132,T6,2567-สค-868,สถานะ,ข้อความ,ดำเนินการแล้วเสร็จ
D132,T6,2567-สค-868,หมายเหตุ,ข้อความ,
D132,T6,2567-ทถ-594,รหัสกิจกรรม,ข้อความ,2567-ทถ-594
D132,T6,2567-ทถ-594,ชื่อกิจกรรม,ข้อความ,กิจกรรมพัฒนาศักยภาพการป้องกันโรคไข้เลือดออก
D132,T6,2567-ทถ-594,หน่วยงานรับผิดชอบ,ข้อความ,สสจ.น่าน
D132,T6,2567-ทถ-594,งบจัดสรร,เงินบาท,513500
D132,T6,2567-ทถ-594,เบิกจ่าย,เงินบาท,390500
D132,T6,2567-ทถ-594,จำนวนผู้เข้าร่วม,จำนวนนับ,250
D132,T6,2567-ทถ-594,กลุ่มเป้าหมาย,รายการ,เจ้าหน้าที่ท้องถิ่น
D132,T6,2567-ทถ-594,สถานะ,ข้อความ,ดำเนินการแล้วเสร็จ
D132,T6,2567-ทถ-594,หมายเหตุ,ข้อความ,
D132,T6,2567-สธ-396,รหัสกิจกรรม,ข้อความ,2567-สธ-396
D132,T6,2567-สธ-396,ชื่อกิจกรรม,ข้อความ,กิจกรรมพัฒนาศักยภาพกองทุนสวัสดิการชุมชน
D132,T6,2567-สธ-396,หน่วยงานรับผิดชอบ,ข้อความ,สสจ.น่าน
D132,T6,2567-สธ-396,งบจัดสรร,เงินบาท,675500
D132,T6,2567-สธ-396,เบิกจ่าย,เงินบาท,611000
D132,T6,2567-สธ-396,จำนวนผู้เข้าร่วม,จำนวนนับ,190
D132,T6,2567-สธ-396,กลุ่มเป้าหมาย,รายการ,ผู้ปกครองเด็กก่อนวัยเรียน
D132,T6,2567-สธ-396,สถานะ,ข้อความ,ดำเนินการแล้วเสร็จ
D132,T6,2567-สธ-396,หมายเหตุ,ข้อความ,
D132,T6,2567-ศษ-950,รหัสกิจกรรม,ข้อความ,2567-ศษ-950
D132,T6,2567-ศษ-950,ชื่อกิจกรรม,ข้อความ,โครงการขับเคลื่อนการป้องกันโรคไข้เลือดออก
D132,T6,2567-ศษ-950,หน่วยงานรับผิดชอบ,ข้อความ,สำนักงานสาธารณสุขจังหวัดน่าน
D132,T6,2567-ศษ-950,งบจัดสรร,เงินบาท,522500
D132,T6,2567-ศษ-950,เบิกจ่าย,เงินบาท,376000
D132,T6,2567-ศษ-950,จำนวนผู้เข้าร่วม,จำนวนนับ,230
D132,T6,2567-ศษ-950,กลุ่มเป้าหมาย,รายการ,ผู้ประสบภัยพิบัติ
D132,T6,2567-ศษ-950,สถานะ,ข้อความ,ดำเนินการแล้วเสร็จ
D132,T6,2567-ศษ-950,หมายเหตุ,ข้อความ,
D132,T6,2567-ศษ-804,รหัสกิจกรรม,ข้อความ,2567-ศษ-804
D132,T6,2567-ศษ-804,ชื่อกิจกรรม,ข้อความ,กิจกรรมเสริมสร้างความเข้มแข็งของกองทุนสวัสดิการชุมชน
D132,T6,2567-ศษ-804,หน่วยงานรับผิดชอบ,ข้อความ,สสจ.น่าน
D132,T6,2567-ศษ-804,งบจัดสรร,เงินบาท,511000
D132,T6,2567-ศษ-804,เบิกจ่าย,เงินบาท,328500
D132,T6,2567-ศษ-804,จำนวนผู้เข้าร่วม,จำนวนนับ,212
D132,T6,2567-ศษ-804,กลุ่มเป้าหมาย,รายการ,ข้าราชการและเจ้าหน้าที่ของรัฐ
D132,T6,2567-ศษ-804,สถานะ,ข้อความ,ดำเนินการแล้วเสร็จ
D132,T6,2567-ศษ-804,หมายเหตุ,ข้อความ,
D132,T6,2567-สธ-731,รหัสกิจกรรม,ข้อความ,2567-สธ-731
D132,T6,2567-สธ-731,ชื่อกิจกรรม,ข้อความ,กิจกรรมเสริมสร้างความเข้มแข็งของอาสาสมัครสาธารณสุขประจำหมู่บ้าน
D132,T6,2567-สธ-731,หน่วยงานรับผิดชอบ,ข้อความ,สำนักงานสาธารณสุขจังหวัดน่าน
D132,T6,2567-สธ-731,งบจัดสรร,เงินบาท,173000
D132,T6,2567-สธ-731,เบิกจ่าย,เงินบาท,140500
D132,T6,2567-สธ-731,จำนวนผู้เข้าร่วม,จำนวนนับ,216
D132,T6,2567-สธ-731,กลุ่มเป้าหมาย,รายการ,ผู้ปกครองเด็กก่อนวัยเรียน
D132,T6,2567-สธ-731,สถานะ,ข้อความ,ดำเนินการแล้วเสร็จ
D132,T6,2567-สธ-731,หมายเหตุ,ข้อความ,
D133,T6,2567-ศษ-797,รหัสกิจกรรม,ข้อความ,2567-ศษ-797
D133,T6,2567-ศษ-797,ชื่อกิจกรรม,ข้อความ,กิจกรรมจัดทำแผนถนนสายหลักในเขตพื้นที่
D133,T6,2567-ศษ-797,หน่วยงานรับผิดชอบ,ข้อความ,สนง.เกษตรอำเภอปาย
D133,T6,2567-ศษ-797,งบจัดสรร,เงินบาท,208500
D133,T6,2567-ศษ-797,เบิกจ่าย,เงินบาท,161000
D133,T6,2567-ศษ-797,จำนวนผู้เข้าร่วม,จำนวนนับ,44
D133,T6,2567-ศษ-797,กลุ่มเป้าหมาย,รายการ,ประชาชนทั่วไป
D133,T6,2567-ศษ-797,สถานะ,ข้อความ,ดำเนินการแล้วเสร็จ
D133,T6,2567-ศษ-797,หมายเหตุ,ข้อความ,
D133,T6,2567-กษ-195,รหัสกิจกรรม,ข้อความ,2567-กษ-195
D133,T6,2567-กษ-195,ชื่อกิจกรรม,ข้อความ,กิจกรรมบำรุงรักษาแผนพัฒนาท้องถิ่นห้าปี
D133,T6,2567-กษ-195,หน่วยงานรับผิดชอบ,ข้อความ,สำนักงานเกษตรอำเภอปาย
D133,T6,2567-กษ-195,งบจัดสรร,เงินบาท,490500
D133,T6,2567-กษ-195,เบิกจ่าย,เงินบาท,324500
D133,T6,2567-กษ-195,จำนวนผู้เข้าร่วม,จำนวนนับ,160
D133,T6,2567-กษ-195,กลุ่มเป้าหมาย,รายการ,เกษตรกรผู้เลี้ยงโคเนื้อ
D133,T6,2567-กษ-195,สถานะ,ข้อความ,ดำเนินการแล้วเสร็จ
D133,T6,2567-กษ-195,หมายเหตุ,ข้อความ,
D133,T6,2567-ทถ-046,รหัสกิจกรรม,ข้อความ,2567-ทถ-046
D133,T6,2567-ทถ-046,ชื่อกิจกรรม,ข้อความ,กิจกรรมจัดทำแผนศูนย์พัฒนาเด็กเล็ก
D133,T6,2567-ทถ-046,หน่วยงานรับผิดชอบ,ข้อความ,สำนักงานเกษตรอำเภอปาย
D133,T6,2567-ทถ-046,งบจัดสรร,เงินบาท,454000
D133,T6,2567-ทถ-046,เบิกจ่าย,เงินบาท,276500
D133,T6,2567-ทถ-046,จำนวนผู้เข้าร่วม,จำนวนนับ,52
D133,T6,2567-ทถ-046,กลุ่มเป้าหมาย,รายการ,นักเรียนและนักศึกษา
D133,T6,2567-ทถ-046,สถานะ,ข้อความ,ดำเนินการแล้วเสร็จ
D133,T6,2567-ทถ-046,หมายเหตุ,ข้อความ,
D133,T6,2567-ศษ-307,รหัสกิจกรรม,ข้อความ,2567-ศษ-307
D133,T6,2567-ศษ-307,ชื่อกิจกรรม,ข้อความ,กิจกรรมประชาสัมพันธ์อาสาสมัครสาธารณสุขประจำหมู่บ้าน
D133,T6,2567-ศษ-307,หน่วยงานรับผิดชอบ,ข้อความ,สำนักงานเกษตรอำเภอปาย
D133,T6,2567-ศษ-307,งบจัดสรร,เงินบาท,780500
D133,T6,2567-ศษ-307,เบิกจ่าย,เงินบาท,747500
D133,T6,2567-ศษ-307,จำนวนผู้เข้าร่วม,จำนวนนับ,160
D133,T6,2567-ศษ-307,กลุ่มเป้าหมาย,รายการ,เกษตรกรและผู้ประกอบการรายย่อย
D133,T6,2567-ศษ-307,สถานะ,ข้อความ,ดำเนินการแล้วเสร็จ
D133,T6,2567-ศษ-307,หมายเหตุ,ข้อความ,
D133,T6,2567-สธ-069,รหัสกิจกรรม,ข้อความ,2567-สธ-069
D133,T6,2567-สธ-069,ชื่อกิจกรรม,ข้อความ,โครงการสำรวจข้อมูลแผนพัฒนาท้องถิ่นห้าปี
D133,T6,2567-สธ-069,หน่วยงานรับผิดชอบ,ข้อความ,สนง.เกษตรอำเภอปาย
D133,T6,2567-สธ-069,งบจัดสรร,เงินบาท,133000
D133,T6,2567-สธ-069,เบิกจ่าย,เงินบาท,117500
D133,T6,2567-สธ-069,จำนวนผู้เข้าร่วม,จำนวนนับ,186
D133,T6,2567-สธ-069,กลุ่มเป้าหมาย,รายการ,ผู้ต้องขัง
D133,T6,2567-สธ-069,สถานะ,ข้อความ,ดำเนินการแล้วเสร็จ
D133,T6,2567-สธ-069,หมายเหตุ,ข้อความ,
D133,T6,2567-สธ-843,รหัสกิจกรรม,ข้อความ,2567-สธ-843
D133,T6,2567-สธ-843,ชื่อกิจกรรม,ข้อความ,โครงการสำรวจข้อมูลคุณภาพชีวิตผู้สูงอายุ
D133,T6,2567-สธ-843,หน่วยงานรับผิดชอบ,ข้อความ,สำนักงานเกษตรอำเภอปาย
D133,T6,2567-สธ-843,งบจัดสรร,เงินบาท,211500
D133,T6,2567-สธ-843,เบิกจ่าย,เงินบาท,170000
D133,T6,2567-สธ-843,จำนวนผู้เข้าร่วม,จำนวนนับ,194
D133,T6,2567-สธ-843,กลุ่มเป้าหมาย,รายการ,กลุ่มออมทรัพย์เพื่อการผลิต
D133,T6,2567-สธ-843,สถานะ,ข้อความ,ดำเนินการแล้วเสร็จ
D133,T6,2567-สธ-843,หมายเหตุ,ข้อความ,
D134,T6,2567-พช-166,รหัสกิจกรรม,ข้อความ,2567-พช-166
D134,T6,2567-พช-166,ชื่อกิจกรรม,ข้อความ,โครงการจัดประชุมระบบประปาหมู่บ้าน
D134,T6,2567-พช-166,หน่วยงานรับผิดชอบ,ข้อความ,รพ.สต.หนองบัว
D134,T6,2567-พช-166,งบจัดสรร,เงินบาท,820500
D134,T6,2567-พช-166,เบิกจ่าย,เงินบาท,616500
D134,T6,2567-พช-166,จำนวนผู้เข้าร่วม,จำนวนนับ,219
D134,T6,2567-พช-166,กลุ่มเป้าหมาย,รายการ,ผู้พิการและผู้ดูแล
D134,T6,2567-พช-166,สถานะ,ข้อความ,ดำเนินการแล้วเสร็จ
D134,T6,2567-พช-166,หมายเหตุ,ข้อความ,
D134,T6,2567-สธ-180,รหัสกิจกรรม,ข้อความ,2567-สธ-180
D134,T6,2567-สธ-180,ชื่อกิจกรรม,ข้อความ,กิจกรรมสำรวจข้อมูลอาสาสมัครสาธารณสุขประจำหมู่บ้าน
D134,T6,2567-สธ-180,หน่วยงานรับผิดชอบ,ข้อความ,โรงพยาบาลส่งเสริมสุขภาพตำบลหนองบัว
D134,T6,2567-สธ-180,งบจัดสรร,เงินบาท,406000
D134,T6,2567-สธ-180,เบิกจ่าย,เงินบาท,363000
D134,T6,2567-สธ-180,จำนวนผู้เข้าร่วม,จำนวนนับ,149
D134,T6,2567-สธ-180,กลุ่มเป้าหมาย,รายการ,ผู้พิการและผู้ดูแล
D134,T6,2567-สธ-180,สถานะ,ข้อความ,ดำเนินการแล้วเสร็จ
D134,T6,2567-สธ-180,หมายเหตุ,ข้อความ,
D134,T6,2567-ศษ-701,รหัสกิจกรรม,ข้อความ,2567-ศษ-701
D134,T6,2567-ศษ-701,ชื่อกิจกรรม,ข้อความ,กิจกรรมสำรวจข้อมูลการป้องกันโรคไข้เลือดออก
D134,T6,2567-ศษ-701,หน่วยงานรับผิดชอบ,ข้อความ,โรงพยาบาลส่งเสริมสุขภาพตำบลหนองบัว
D134,T6,2567-ศษ-701,งบจัดสรร,เงินบาท,822500
D134,T6,2567-ศษ-701,เบิกจ่าย,เงินบาท,697500
D134,T6,2567-ศษ-701,จำนวนผู้เข้าร่วม,จำนวนนับ,161
D134,T6,2567-ศษ-701,กลุ่มเป้าหมาย,รายการ,ผู้พิการและผู้ดูแล
D134,T6,2567-ศษ-701,สถานะ,ข้อความ,ดำเนินการแล้วเสร็จ
D134,T6,2567-ศษ-701,หมายเหตุ,ข้อความ,
D134,T6,2567-กษ-025,รหัสกิจกรรม,ข้อความ,2567-กษ-025
D134,T6,2567-กษ-025,ชื่อกิจกรรม,ข้อความ,กิจกรรมอบรมเชิงปฏิบัติการอาสาสมัครสาธารณสุขประจำหมู่บ้าน
D134,T6,2567-กษ-025,หน่วยงานรับผิดชอบ,ข้อความ,โรงพยาบาลส่งเสริมสุขภาพตำบลหนองบัว
D134,T6,2567-กษ-025,งบจัดสรร,เงินบาท,591500
D134,T6,2567-กษ-025,เบิกจ่าย,เงินบาท,589500
D134,T6,2567-กษ-025,จำนวนผู้เข้าร่วม,จำนวนนับ,94
D134,T6,2567-กษ-025,กลุ่มเป้าหมาย,รายการ,ผู้ว่างงาน
D134,T6,2567-กษ-025,สถานะ,ข้อความ,ดำเนินการแล้วเสร็จ
D134,T6,2567-กษ-025,หมายเหตุ,ข้อความ,
D134,T6,2567-ศษ-642,รหัสกิจกรรม,ข้อความ,2567-ศษ-642
D134,T6,2567-ศษ-642,ชื่อกิจกรรม,ข้อความ,กิจกรรมประชาสัมพันธ์กองทุนสวัสดิการชุมชน
D134,T6,2567-ศษ-642,หน่วยงานรับผิดชอบ,ข้อความ,โรงพยาบาลส่งเสริมสุขภาพตำบลหนองบัว
D134,T6,2567-ศษ-642,งบจัดสรร,เงินบาท,401000
D134,T6,2567-ศษ-642,เบิกจ่าย,เงินบาท,349500
D134,T6,2567-ศษ-642,จำนวนผู้เข้าร่วม,จำนวนนับ,150
D134,T6,2567-ศษ-642,กลุ่มเป้าหมาย,รายการ,ผู้ประกอบการร้านอาหาร
D134,T6,2567-ศษ-642,สถานะ,ข้อความ,ดำเนินการแล้วเสร็จ
D134,T6,2567-ศษ-642,หมายเหตุ,ข้อความ,
D134,T6,2567-ทถ-682,รหัสกิจกรรม,ข้อความ,2567-ทถ-682
D134,T6,2567-ทถ-682,ชื่อกิจกรรม,ข้อความ,กิจกรรมจัดเก็บข้อมูลระบบประปาหมู่บ้าน
D134,T6,2567-ทถ-682,หน่วยงานรับผิดชอบ,ข้อความ,รพ.สต.หนองบัว
D134,T6,2567-ทถ-682,งบจัดสรร,เงินบาท,626000
D134,T6,2567-ทถ-682,เบิกจ่าย,เงินบาท,458000
D134,T6,2567-ทถ-682,จำนวนผู้เข้าร่วม,จำนวนนับ,204
D134,T6,2567-ทถ-682,กลุ่มเป้าหมาย,รายการ,แกนนำสุขภาพประจำครอบครัว
D134,T6,2567-ทถ-682,สถานะ,ข้อความ,ดำเนินการแล้วเสร็จ
D134,T6,2567-ทถ-682,หมายเหตุ,ข้อความ,
D135,T6,2567-สค-391,รหัสกิจกรรม,ข้อความ,2567-สค-391
D135,T6,2567-สค-391,ชื่อกิจกรรม,ข้อความ,โครงการบำรุงรักษาการป้องกันโรคไข้เลือดออก
D135,T6,2567-สค-391,หน่วยงานรับผิดชอบ,ข้อความ,องค์การบริหารส่วนตำบลบ้านแหลม
D135,T6,2567-สค-391,งบจัดสรร,เงินบาท,521000
D135,T6,2567-สค-391,เบิกจ่าย,เงินบาท,344000
D135,T6,2567-สค-391,จำนวนผู้เข้าร่วม,จำนวนนับ,218
D135,T6,2567-สค-391,กลุ่มเป้าหมาย,รายการ,ผู้ดูแลศูนย์พัฒนาเด็กเล็ก
D135,T6,2567-สค-391,สถานะ,ข้อความ,ดำเนินการแล้วเสร็จ
D135,T6,2567-สค-391,หมายเหตุ,ข้อความ,
D135,T6,2567-ทถ-082,รหัสกิจกรรม,ข้อความ,2567-ทถ-082
D135,T6,2567-ทถ-082,ชื่อกิจกรรม,ข้อความ,กิจกรรมประชาสัมพันธ์ครัวเรือนยากจนเป้าหมาย
D135,T6,2567-ทถ-082,หน่วยงานรับผิดชอบ,ข้อความ,องค์การบริหารส่วนตำบลบ้านแหลม
D135,T6,2567-ทถ-082,งบจัดสรร,เงินบาท,496000
D135,T6,2567-ทถ-082,เบิกจ่าย,เงินบาท,437500
D135,T6,2567-ทถ-082,จำนวนผู้เข้าร่วม,จำนวนนับ,234
D135,T6,2567-ทถ-082,กลุ่มเป้าหมาย,รายการ,สตรีและครอบครัว
D135,T6,2567-ทถ-082,สถานะ,ข้อความ,ดำเนินการแล้วเสร็จ
D135,T6,2567-ทถ-082,หมายเหตุ,ข้อความ,
D135,T6,2567-ศษ-202,รหัสกิจกรรม,ข้อความ,2567-ศษ-202
D135,T6,2567-ศษ-202,ชื่อกิจกรรม,ข้อความ,โครงการประชาสัมพันธ์การจัดการน้ำเสียชุมชน
D135,T6,2567-ศษ-202,หน่วยงานรับผิดชอบ,ข้อความ,องค์การบริหารส่วนตำบลบ้านแหลม
D135,T6,2567-ศษ-202,งบจัดสรร,เงินบาท,347000
D135,T6,2567-ศษ-202,เบิกจ่าย,เงินบาท,219000
D135,T6,2567-ศษ-202,จำนวนผู้เข้าร่วม,จำนวนนับ,241
D135,T6,2567-ศษ-202,กลุ่มเป้าหมาย,รายการ,เด็กและเยาวชน
D135,T6,2567-ศษ-202,สถานะ,ข้อความ,ดำเนินการแล้วเสร็จ
D135,T6,2567-ศษ-202,หมายเหตุ,ข้อความ,
D135,T6,2567-ทถ-920,รหัสกิจกรรม,ข้อความ,2567-ทถ-920
D135,T6,2567-ทถ-920,ชื่อกิจกรรม,ข้อความ,โครงการบำรุงรักษาการป้องกันโรคไข้เลือดออก
D135,T6,2567-ทถ-920,หน่วยงานรับผิดชอบ,ข้อความ,องค์การบริหารส่วนตำบลบ้านแหลม
D135,T6,2567-ทถ-920,งบจัดสรร,เงินบาท,50000
D135,T6,2567-ทถ-920,เบิกจ่าย,เงินบาท,36500
D135,T6,2567-ทถ-920,จำนวนผู้เข้าร่วม,จำนวนนับ,33
D135,T6,2567-ทถ-920,กลุ่มเป้าหมาย,รายการ,ผู้สูงอายุ
D135,T6,2567-ทถ-920,สถานะ,ข้อความ,ดำเนินการแล้วเสร็จ
D135,T6,2567-ทถ-920,หมายเหตุ,ข้อความ,
D135,T6,2567-สธ-494,รหัสกิจกรรม,ข้อความ,2567-สธ-494
D135,T6,2567-สธ-494,ชื่อกิจกรรม,ข้อความ,กิจกรรมบำรุงรักษาศูนย์พัฒนาเด็กเล็ก
D135,T6,2567-สธ-494,หน่วยงานรับผิดชอบ,ข้อความ,องค์การบริหารส่วนตำบลบ้านแหลม
D135,T6,2567-สธ-494,งบจัดสรร,เงินบาท,525000
D135,T6,2567-สธ-494,เบิกจ่าย,เงินบาท,414500
D135,T6,2567-สธ-494,จำนวนผู้เข้าร่วม,จำนวนนับ,198
D135,T6,2567-สธ-494,กลุ่มเป้าหมาย,รายการ,สตรีและครอบครัว
D135,T6,2567-สธ-494,สถานะ,ข้อความ,ดำเนินการแล้วเสร็จ
D135,T6,2567-สธ-494,หมายเหตุ,ข้อความ,
D135,T6,2567-สค-921,รหัสกิจกรรม,ข้อความ,2567-สค-921
D135,T6,2567-สค-921,ชื่อกิจกรรม,ข้อความ,กิจกรรมสำรวจข้อมูลกองทุนสวัสดิการชุมชน
D135,T6,2567-สค-921,หน่วยงานรับผิดชอบ,ข้อความ,อบต.บ้านแหลม
D135,T6,2567-สค-921,งบจัดสรร,เงินบาท,292000
D135,T6,2567-สค-921,เบิกจ่าย,เงินบาท,240500
D135,T6,2567-สค-921,จำนวนผู้เข้าร่วม,จำนวนนับ,29
D135,T6,2567-สค-921,กลุ่มเป้าหมาย,รายการ,ผู้สูงอายุ
D135,T6,2567-สค-921,สถานะ,ข้อความ,ดำเนินการแล้วเสร็จ
D135,T6,2567-สค-921,หมายเหตุ,ข้อความ,
D135,T6,2567-พช-478,รหัสกิจกรรม,ข้อความ,2567-พช-478
D135,T6,2567-พช-478,ชื่อกิจกรรม,ข้อความ,โครงการจัดเก็บข้อมูลครัวเรือนยากจนเป้าหมาย
D135,T6,2567-พช-478,หน่วยงานรับผิดชอบ,ข้อความ,อบต.บ้านแหลม
D135,T6,2567-พช-478,งบจัดสรร,เงินบาท,278000
D135,T6,2567-พช-478,เบิกจ่าย,เงินบาท,188500
D135,T6,2567-พช-478,จำนวนผู้เข้าร่วม,จำนวนนับ,214
D135,T6,2567-พช-478,กลุ่มเป้าหมาย,รายการ,ผู้นำศาสนา
D135,T6,2567-พช-478,สถานะ,ข้อความ,ดำเนินการแล้วเสร็จ
D135,T6,2567-พช-478,หมายเหตุ,ข้อความ,
D136,T6,2568-ทถ-700,รหัสกิจกรรม,ข้อความ,2568-ทถ-700
D136,T6,2568-ทถ-700,ชื่อกิจกรรม,ข้อความ,กิจกรรมสำรวจข้อมูลกองทุนสวัสดิการชุมชน
D136,T6,2568-ทถ-700,หน่วยงานรับผิดชอบ,ข้อความ,สนง.ประมงจังหวัดระนอง
D136,T6,2568-ทถ-700,งบจัดสรร,เงินบาท,320500
D136,T6,2568-ทถ-700,เบิกจ่าย,เงินบาท,296500
D136,T6,2568-ทถ-700,จำนวนผู้เข้าร่วม,จำนวนนับ,98
D136,T6,2568-ทถ-700,กลุ่มเป้าหมาย,รายการ,สตรีและครอบครัว
D136,T6,2568-ทถ-700,สถานะ,ข้อความ,ดำเนินการแล้วเสร็จ
D136,T6,2568-ทถ-700,หมายเหตุ,ข้อความ,
D136,T6,2568-กษ-628,รหัสกิจกรรม,ข้อความ,2568-กษ-628
D136,T6,2568-กษ-628,ชื่อกิจกรรม,ข้อความ,โครงการอบรมเชิงปฏิบัติการศูนย์พัฒนาเด็กเล็ก
D136,T6,2568-กษ-628,หน่วยงานรับผิดชอบ,ข้อความ,สำนักงานประมงจังหวัดระนอง
D136,T6,2568-กษ-628,งบจัดสรร,เงินบาท,286500
D136,T6,2568-กษ-628,เบิกจ่าย,เงินบาท,275000
D136,T6,2568-กษ-628,จำนวนผู้เข้าร่วม,จำนวนนับ,53
D136,T6,2568-กษ-628,กลุ่มเป้าหมาย,รายการ,นักท่องเที่ยว
D136,T6,2568-กษ-628,สถานะ,ข้อความ,ดำเนินการแล้วเสร็จ
D136,T6,2568-กษ-628,หมายเหตุ,ข้อความ,
D136,T6,2568-ศษ-947,รหัสกิจกรรม,ข้อความ,2568-ศษ-947
D136,T6,2568-ศษ-947,ชื่อกิจกรรม,ข้อความ,กิจกรรมจัดทำแผนคุณภาพชีวิตผู้สูงอายุ
D136,T6,2568-ศษ-947,หน่วยงานรับผิดชอบ,ข้อความ,สำนักงานประมงจังหวัดระนอง
D136,T6,2568-ศษ-947,งบจัดสรร,เงินบาท,35500
D136,T6,2568-ศษ-947,เบิกจ่าย,เงินบาท,32000
D136,T6,2568-ศษ-947,จำนวนผู้เข้าร่วม,จำนวนนับ,35
D136,T6,2568-ศษ-947,กลุ่มเป้าหมาย,รายการ,ผู้ว่างงาน
D136,T6,2568-ศษ-947,สถานะ,ข้อความ,ดำเนินการแล้วเสร็จ
D136,T6,2568-ศษ-947,หมายเหตุ,ข้อความ,
D136,T6,2568-สค-244,รหัสกิจกรรม,ข้อความ,2568-สค-244
D136,T6,2568-สค-244,ชื่อกิจกรรม,ข้อความ,กิจกรรมอบรมเชิงปฏิบัติการเศรษฐกิจฐานราก
D136,T6,2568-สค-244,หน่วยงานรับผิดชอบ,ข้อความ,สำนักงานประมงจังหวัดระนอง
D136,T6,2568-สค-244,งบจัดสรร,เงินบาท,723500
D136,T6,2568-สค-244,เบิกจ่าย,เงินบาท,544000
D136,T6,2568-สค-244,จำนวนผู้เข้าร่วม,จำนวนนับ,144
D136,T6,2568-สค-244,กลุ่มเป้าหมาย,รายการ,ผู้ดูแลศูนย์พัฒนาเด็กเล็ก
D136,T6,2568-สค-244,สถานะ,ข้อความ,ดำเนินการแล้วเสร็จ
D136,T6,2568-สค-244,หมายเหตุ,ข้อความ,
D136,T6,2568-สธ-390,รหัสกิจกรรม,ข้อความ,2568-สธ-390
D136,T6,2568-สธ-390,ชื่อกิจกรรม,ข้อความ,โครงการจัดเก็บข้อมูลเศรษฐกิจฐานราก
D136,T6,2568-สธ-390,หน่วยงานรับผิดชอบ,ข้อความ,สนง.ประมงจังหวัดระนอง
D136,T6,2568-สธ-390,งบจัดสรร,เงินบาท,766500
D136,T6,2568-สธ-390,เบิกจ่าย,เงินบาท,754500
D136,T6,2568-สธ-390,จำนวนผู้เข้าร่วม,จำนวนนับ,120
D136,T6,2568-สธ-390,กลุ่มเป้าหมาย,รายการ,ผู้ต้องขัง
D136,T6,2568-สธ-390,สถานะ,ข้อความ,ดำเนินการแล้วเสร็จ
D136,T6,2568-สธ-390,หมายเหตุ,ข้อความ,
D136,T6,2568-กษ-519,รหัสกิจกรรม,ข้อความ,2568-กษ-519
D136,T6,2568-กษ-519,ชื่อกิจกรรม,ข้อความ,กิจกรรมประชาสัมพันธ์การป้องกันโรคไข้เลือดออก
D136,T6,2568-กษ-519,หน่วยงานรับผิดชอบ,ข้อความ,สำนักงานประมงจังหวัดระนอง
D136,T6,2568-กษ-519,งบจัดสรร,เงินบาท,622000
D136,T6,2568-กษ-519,เบิกจ่าย,เงินบาท,450000
D136,T6,2568-กษ-519,จำนวนผู้เข้าร่วม,จำนวนนับ,60
D136,T6,2568-กษ-519,กลุ่มเป้าหมาย,รายการ,นักเรียนและนักศึกษา
D136,T6,2568-กษ-519,สถานะ,ข้อความ,ดำเนินการแล้วเสร็จ
D136,T6,2568-กษ-519,หมายเหตุ,ข้อความ,
D136,T6,2568-สค-227,รหัสกิจกรรม,ข้อความ,2568-สค-227
D136,T6,2568-สค-227,ชื่อกิจกรรม,ข้อความ,โครงการจัดทำแผนการเกษตรปลอดภัย
D136,T6,2568-สค-227,หน่วยงานรับผิดชอบ,ข้อความ,สำนักงานประมงจังหวัดระนอง
D136,T6,2568-สค-227,งบจัดสรร,เงินบาท,301000
D136,T6,2568-สค-227,เบิกจ่าย,เงินบาท,228500
D136,T6,2568-สค-227,จำนวนผู้เข้าร่วม,จำนวนนับ,221
D136,T6,2568-สค-227,กลุ่มเป้าหมาย,รายการ,ครัวเรือนยากจน
D136,T6,2568-สค-227,สถานะ,ข้อความ,ดำเนินการแล้วเสร็จ
D136,T6,2568-สค-227,หมายเหตุ,ข้อความ,
D137,T6,2568-ศษ-774,รหัสกิจกรรม,ข้อความ,2568-ศษ-774
D137,T6,2568-ศษ-774,ชื่อกิจกรรม,ข้อความ,กิจกรรมจัดทำแผนการป้องกันโรคไข้เลือดออก
D137,T6,2568-ศษ-774,หน่วยงานรับผิดชอบ,ข้อความ,สำนักงานพัฒนาสังคมและความมั่นคงของมนุษย์จังหวัดสตูล
D137,T6,2568-ศษ-774,งบจัดสรร,เงินบาท,457500
D137,T6,2568-ศษ-774,เบิกจ่าย,เงินบาท,375500
D137,T6,2568-ศษ-774,จำนวนผู้เข้าร่วม,จำนวนนับ,38
D137,T6,2568-ศษ-774,กลุ่มเป้าหมาย,รายการ,ข้าราชการและเจ้าหน้าที่ของรัฐ
D137,T6,2568-ศษ-774,สถานะ,ข้อความ,ดำเนินการแล้วเสร็จ
D137,T6,2568-ศษ-774,หมายเหตุ,ข้อความ,
D137,T6,2568-สธ-027,รหัสกิจกรรม,ข้อความ,2568-สธ-027
D137,T6,2568-สธ-027,ชื่อกิจกรรม,ข้อความ,กิจกรรมอบรมเชิงปฏิบัติการศูนย์พัฒนาเด็กเล็ก
D137,T6,2568-สธ-027,หน่วยงานรับผิดชอบ,ข้อความ,พมจ.สตูล
D137,T6,2568-สธ-027,งบจัดสรร,เงินบาท,711500
D137,T6,2568-สธ-027,เบิกจ่าย,เงินบาท,494000
D137,T6,2568-สธ-027,จำนวนผู้เข้าร่วม,จำนวนนับ,122
D137,T6,2568-สธ-027,กลุ่มเป้าหมาย,รายการ,นักท่องเที่ยว
D137,T6,2568-สธ-027,สถานะ,ข้อความ,ดำเนินการแล้วเสร็จ
D137,T6,2568-สธ-027,หมายเหตุ,ข้อความ,
D137,T6,2568-ทถ-004,รหัสกิจกรรม,ข้อความ,2568-ทถ-004
D137,T6,2568-ทถ-004,ชื่อกิจกรรม,ข้อความ,โครงการจัดเก็บข้อมูลระบบประปาหมู่บ้าน
D137,T6,2568-ทถ-004,หน่วยงานรับผิดชอบ,ข้อความ,พมจ.สตูล
D137,T6,2568-ทถ-004,งบจัดสรร,เงินบาท,739500
D137,T6,2568-ทถ-004,เบิกจ่าย,เงินบาท,446000
D137,T6,2568-ทถ-004,จำนวนผู้เข้าร่วม,จำนวนนับ,143
D137,T6,2568-ทถ-004,กลุ่มเป้าหมาย,รายการ,ผู้ประกันตนตามมาตรา 40
D137,T6,2568-ทถ-004,สถานะ,ข้อความ,ดำเนินการแล้วเสร็จ
D137,T6,2568-ทถ-004,หมายเหตุ,ข้อความ,
D137,T6,2568-กษ-348,รหัสกิจกรรม,ข้อความ,2568-กษ-348
D137,T6,2568-กษ-348,ชื่อกิจกรรม,ข้อความ,โครงการจัดประชุมเศรษฐกิจฐานราก
D137,T6,2568-กษ-348,หน่วยงานรับผิดชอบ,ข้อความ,สำนักงานพัฒนาสังคมและความมั่นคงของมนุษย์จังหวัดสตูล
D137,T6,2568-กษ-348,งบจัดสรร,เงินบาท,539000
D137,T6,2568-กษ-348,เบิกจ่าย,เงินบาท,517500
D137,T6,2568-กษ-348,จำนวนผู้เข้าร่วม,จำนวนนับ,138
D137,T6,2568-กษ-348,กลุ่มเป้าหมาย,รายการ,อาสาสมัครสาธารณสุขประจำหมู่บ้าน
D137,T6,2568-กษ-348,สถานะ,ข้อความ,ดำเนินการแล้วเสร็จ
D137,T6,2568-กษ-348,หมายเหตุ,ข้อความ,
D137,T6,2568-สธ-881,รหัสกิจกรรม,ข้อความ,2568-สธ-881
D137,T6,2568-สธ-881,ชื่อกิจกรรม,ข้อความ,โครงการจัดทำแผนการท่องเที่ยวโดยชุมชน
D137,T6,2568-สธ-881,หน่วยงานรับผิดชอบ,ข้อความ,พมจ.สตูล
D137,T6,2568-สธ-881,งบจัดสรร,เงินบาท,90500
D137,T6,2568-สธ-881,เบิกจ่าย,เงินบาท,66000
D137,T6,2568-สธ-881,จำนวนผู้เข้าร่วม,จำนวนนับ,200
D137,T6,2568-สธ-881,กลุ่มเป้าหมาย,รายการ,กลุ่มเปราะบางและผู้ด้อยโอกาส
D137,T6,2568-สธ-881,สถานะ,ข้อความ,ดำเนินการแล้วเสร็จ
D137,T6,2568-สธ-881,หมายเหตุ,ข้อความ,
D137,T6,2568-ศษ-470,รหัสกิจกรรม,ข้อความ,2568-ศษ-470
D137,T6,2568-ศษ-470,ชื่อกิจกรรม,ข้อความ,โครงการจัดประชุมเศรษฐกิจฐานราก
D137,T6,2568-ศษ-470,หน่วยงานรับผิดชอบ,ข้อความ,พมจ.สตูล
D137,T6,2568-ศษ-470,งบจัดสรร,เงินบาท,726500
D137,T6,2568-ศษ-470,เบิกจ่าย,เงินบาท,553500
D137,T6,2568-ศษ-470,จำนวนผู้เข้าร่วม,จำนวนนับ,157
D137,T6,2568-ศษ-470,กลุ่มเป้าหมาย,รายการ,เจ้าหน้าที่ท้องถิ่น
D137,T6,2568-ศษ-470,สถานะ,ข้อความ,ดำเนินการแล้วเสร็จ
D137,T6,2568-ศษ-470,หมายเหตุ,ข้อความ,
D138,T6,2567-กษ-495,รหัสกิจกรรม,ข้อความ,2567-กษ-495
D138,T6,2567-กษ-495,ชื่อกิจกรรม,ข้อความ,กิจกรรมจัดทำแผนแผนพัฒนาท้องถิ่นห้าปี
D138,T6,2567-กษ-495,หน่วยงานรับผิดชอบ,ข้อความ,กศน.อำเภอบ้านโป่ง
D138,T6,2567-กษ-495,งบจัดสรร,เงินบาท,810500
D138,T6,2567-กษ-495,เบิกจ่าย,เงินบาท,760500
D138,T6,2567-กษ-495,จำนวนผู้เข้าร่วม,จำนวนนับ,52
D138,T6,2567-กษ-495,กลุ่มเป้าหมาย,รายการ,นักเรียนและนักศึกษา
D138,T6,2567-กษ-495,สถานะ,ข้อความ,ดำเนินการแล้วเสร็จ
D138,T6,2567-กษ-495,หมายเหตุ,ข้อความ,
D138,T6,2567-กษ-015,รหัสกิจกรรม,ข้อความ,2567-กษ-015
D138,T6,2567-กษ-015,ชื่อกิจกรรม,ข้อความ,กิจกรรมตรวจเยี่ยมการบริหารจัดการขยะมูลฝอย
D138,T6,2567-กษ-015,หน่วยงานรับผิดชอบ,ข้อความ,กศน.อำเภอบ้านโป่ง
D138,T6,2567-กษ-015,งบจัดสรร,เงินบาท,191500
D138,T6,2567-กษ-015,เบิกจ่าย,เงินบาท,188500
D138,T6,2567-กษ-015,จำนวนผู้เข้าร่วม,จำนวนนับ,181
D138,T6,2567-กษ-015,กลุ่มเป้าหมาย,รายการ,ผู้ว่างงาน
D138,T6,2567-กษ-015,สถานะ,ข้อความ,ดำเนินการแล้วเสร็จ
D138,T6,2567-กษ-015,หมายเหตุ,ข้อความ,
D138,T6,2567-กษ-489,รหัสกิจกรรม,ข้อความ,2567-กษ-489
D138,T6,2567-กษ-489,ชื่อกิจกรรม,ข้อความ,โครงการประชาสัมพันธ์การท่องเที่ยวโดยชุมชน
D138,T6,2567-กษ-489,หน่วยงานรับผิดชอบ,ข้อความ,ศูนย์การศึกษานอกระบบและการศึกษาตามอัธยาศัยอำเภอบ้านโป่ง
D138,T6,2567-กษ-489,งบจัดสรร,เงินบาท,226500
D138,T6,2567-กษ-489,เบิกจ่าย,เงินบาท,192000
D138,T6,2567-กษ-489,จำนวนผู้เข้าร่วม,จำนวนนับ,156
D138,T6,2567-กษ-489,กลุ่มเป้าหมาย,รายการ,กลุ่มเปราะบางและผู้ด้อยโอกาส
D138,T6,2567-กษ-489,สถานะ,ข้อความ,ดำเนินการแล้วเสร็จ
D138,T6,2567-กษ-489,หมายเหตุ,ข้อความ,
D138,T6,2567-สค-225,รหัสกิจกรรม,ข้อความ,2567-สค-225
D138,T6,2567-สค-225,ชื่อกิจกรรม,ข้อความ,กิจกรรมตรวจเยี่ยมการป้องกันโรคไข้เลือดออก
D138,T6,2567-สค-225,หน่วยงานรับผิดชอบ,ข้อความ,ศูนย์การศึกษานอกระบบและการศึกษาตามอัธยาศัยอำเภอบ้านโป่ง
D138,T6,2567-สค-225,งบจัดสรร,เงินบาท,246500
D138,T6,2567-สค-225,เบิกจ่าย,เงินบาท,172500
D138,T6,2567-สค-225,จำนวนผู้เข้าร่วม,จำนวนนับ,91
D138,T6,2567-สค-225,กลุ่มเป้าหมาย,รายการ,ผู้ต้องขัง
D138,T6,2567-สค-225,สถานะ,ข้อความ,ดำเนินการแล้วเสร็จ
D138,T6,2567-สค-225,หมายเหตุ,ข้อความ,
D138,T6,2567-ทถ-346,รหัสกิจกรรม,ข้อความ,2567-ทถ-346
D138,T6,2567-ทถ-346,ชื่อกิจกรรม,ข้อความ,โครงการประชาสัมพันธ์การจัดการน้ำเสียชุมชน
D138,T6,2567-ทถ-346,หน่วยงานรับผิดชอบ,ข้อความ,ศูนย์การศึกษานอกระบบและการศึกษาตามอัธยาศัยอำเภอบ้านโป่ง
D138,T6,2567-ทถ-346,งบจัดสรร,เงินบาท,60500
D138,T6,2567-ทถ-346,เบิกจ่าย,เงินบาท,42500
D138,T6,2567-ทถ-346,จำนวนผู้เข้าร่วม,จำนวนนับ,131
D138,T6,2567-ทถ-346,กลุ่มเป้าหมาย,รายการ,ผู้ประสบภัยพิบัติ
D138,T6,2567-ทถ-346,สถานะ,ข้อความ,ดำเนินการแล้วเสร็จ
D138,T6,2567-ทถ-346,หมายเหตุ,ข้อความ,
D138,T6,2567-ศษ-549,รหัสกิจกรรม,ข้อความ,2567-ศษ-549
D138,T6,2567-ศษ-549,ชื่อกิจกรรม,ข้อความ,กิจกรรมจัดประชุมการจัดการน้ำเสียชุมชน
D138,T6,2567-ศษ-549,หน่วยงานรับผิดชอบ,ข้อความ,ศูนย์การศึกษานอกระบบและการศึกษาตามอัธยาศัยอำเภอบ้านโป่ง
D138,T6,2567-ศษ-549,งบจัดสรร,เงินบาท,231000
D138,T6,2567-ศษ-549,เบิกจ่าย,เงินบาท,132000
D138,T6,2567-ศษ-549,จำนวนผู้เข้าร่วม,จำนวนนับ,127
D138,T6,2567-ศษ-549,กลุ่มเป้าหมาย,รายการ,อาสาสมัครป้องกันภัยฝ่ายพลเรือน
D138,T6,2567-ศษ-549,สถานะ,ข้อความ,ดำเนินการแล้วเสร็จ
D138,T6,2567-ศษ-549,หมายเหตุ,ข้อความ,
D139,T6,2568-ทถ-868,รหัสกิจกรรม,ข้อความ,2568-ทถ-868
D139,T6,2568-ทถ-868,ชื่อกิจกรรม,ข้อความ,โครงการบำรุงรักษาการเกษตรปลอดภัย
D139,T6,2568-ทถ-868,หน่วยงานรับผิดชอบ,ข้อความ,สถจ.ชุมพร
D139,T6,2568-ทถ-868,งบจัดสรร,เงินบาท,393000
D139,T6,2568-ทถ-868,เบิกจ่าย,เงินบาท,351000
D139,T6,2568-ทถ-868,จำนวนผู้เข้าร่วม,จำนวนนับ,70
D139,T6,2568-ทถ-868,กลุ่มเป้าหมาย,รายการ,ผู้ปกครองเด็กก่อนวัยเรียน
D139,T6,2568-ทถ-868,สถานะ,ข้อความ,ดำเนินการแล้วเสร็จ
D139,T6,2568-ทถ-868,หมายเหตุ,ข้อความ,
D139,T6,2568-กษ-958,รหัสกิจกรรม,ข้อความ,2568-กษ-958
D139,T6,2568-กษ-958,ชื่อกิจกรรม,ข้อความ,กิจกรรมบำรุงรักษากองทุนสวัสดิการชุมชน
D139,T6,2568-กษ-958,หน่วยงานรับผิดชอบ,ข้อความ,สถจ.ชุมพร
D139,T6,2568-กษ-958,งบจัดสรร,เงินบาท,434000
D139,T6,2568-กษ-958,เบิกจ่าย,เงินบาท,395500
D139,T6,2568-กษ-958,จำนวนผู้เข้าร่วม,จำนวนนับ,47
D139,T6,2568-กษ-958,กลุ่มเป้าหมาย,รายการ,แรงงานนอกระบบ
D139,T6,2568-กษ-958,สถานะ,ข้อความ,ดำเนินการแล้วเสร็จ
D139,T6,2568-กษ-958,หมายเหตุ,ข้อความ,
D139,T6,2568-ศษ-779,รหัสกิจกรรม,ข้อความ,2568-ศษ-779
D139,T6,2568-ศษ-779,ชื่อกิจกรรม,ข้อความ,โครงการจัดเก็บข้อมูลอาสาสมัครสาธารณสุขประจำหมู่บ้าน
D139,T6,2568-ศษ-779,หน่วยงานรับผิดชอบ,ข้อความ,สถจ.ชุมพร
D139,T6,2568-ศษ-779,งบจัดสรร,เงินบาท,457000
D139,T6,2568-ศษ-779,เบิกจ่าย,เงินบาท,410500
D139,T6,2568-ศษ-779,จำนวนผู้เข้าร่วม,จำนวนนับ,233
D139,T6,2568-ศษ-779,กลุ่มเป้าหมาย,รายการ,กลุ่มออมทรัพย์เพื่อการผลิต
D139,T6,2568-ศษ-779,สถานะ,ข้อความ,ดำเนินการแล้วเสร็จ
D139,T6,2568-ศษ-779,หมายเหตุ,ข้อความ,
D139,T6,2568-ทถ-166,รหัสกิจกรรม,ข้อความ,2568-ทถ-166
D139,T6,2568-ทถ-166,ชื่อกิจกรรม,ข้อความ,โครงการประชาสัมพันธ์ระบบประปาหมู่บ้าน
D139,T6,2568-ทถ-166,หน่วยงานรับผิดชอบ,ข้อความ,สถจ.ชุมพร
D139,T6,2568-ทถ-166,งบจัดสรร,เงินบาท,355000
D139,T6,2568-ทถ-166,เบิกจ่าย,เงินบาท,337500
D139,T6,2568-ทถ-166,จำนวนผู้เข้าร่วม,จำนวนนับ,27
D139,T6,2568-ทถ-166,กลุ่มเป้าหมาย,รายการ,ผู้ประสบภัยพิบัติ
D139,T6,2568-ทถ-166,สถานะ,ข้อความ,ดำเนินการแล้วเสร็จ
D139,T6,2568-ทถ-166,หมายเหตุ,ข้อความ,
D139,T6,2568-กษ-776,รหัสกิจกรรม,ข้อความ,2568-กษ-776
D139,T6,2568-กษ-776,ชื่อกิจกรรม,ข้อความ,โครงการจัดประชุมถนนสายหลักในเขตพื้นที่
D139,T6,2568-กษ-776,หน่วยงานรับผิดชอบ,ข้อความ,สำนักงานส่งเสริมการปกครองท้องถิ่นจังหวัดชุมพร
D139,T6,2568-กษ-776,งบจัดสรร,เงินบาท,391000
D139,T6,2568-กษ-776,เบิกจ่าย,เงินบาท,224500
D139,T6,2568-กษ-776,จำนวนผู้เข้าร่วม,จำนวนนับ,71
D139,T6,2568-กษ-776,กลุ่มเป้าหมาย,รายการ,ผู้ประกอบการร้านอาหาร
D139,T6,2568-กษ-776,สถานะ,ข้อความ,ดำเนินการแล้วเสร็จ
D139,T6,2568-กษ-776,หมายเหตุ,ข้อความ,
D139,T6,2568-พช-004,รหัสกิจกรรม,ข้อความ,2568-พช-004
D139,T6,2568-พช-004,ชื่อกิจกรรม,ข้อความ,โครงการจัดทำแผนกลุ่มวิสาหกิจชุมชน
D139,T6,2568-พช-004,หน่วยงานรับผิดชอบ,ข้อความ,สถจ.ชุมพร
D139,T6,2568-พช-004,งบจัดสรร,เงินบาท,560500
D139,T6,2568-พช-004,เบิกจ่าย,เงินบาท,555500
D139,T6,2568-พช-004,จำนวนผู้เข้าร่วม,จำนวนนับ,89
D139,T6,2568-พช-004,กลุ่มเป้าหมาย,รายการ,เกษตรกรผู้เลี้ยงโคเนื้อ
D139,T6,2568-พช-004,สถานะ,ข้อความ,ดำเนินการแล้วเสร็จ
D139,T6,2568-พช-004,หมายเหตุ,ข้อความ,
D140,T6,2567-สค-463,รหัสกิจกรรม,ข้อความ,2567-สค-463
D140,T6,2567-สค-463,ชื่อกิจกรรม,ข้อความ,กิจกรรมอบรมเชิงปฏิบัติการคุณภาพชีวิตผู้สูงอายุ
D140,T6,2567-สค-463,หน่วยงานรับผิดชอบ,ข้อความ,พมจ.สตูล
D140,T6,2567-สค-463,งบจัดสรร,เงินบาท,382000
D140,T6,2567-สค-463,เบิกจ่าย,เงินบาท,352500
D140,T6,2567-สค-463,จำนวนผู้เข้าร่วม,จำนวนนับ,109
D140,T6,2567-สค-463,กลุ่มเป้าหมาย,รายการ,ผู้ป่วยติดเตียงและผู้ดูแลที่บ้าน
D140,T6,2567-สค-463,สถานะ,ข้อความ,ดำเนินการแล้วเสร็จ
D140,T6,2567-สค-463,หมายเหตุ,ข้อความ,
D140,T6,2567-สธ-198,รหัสกิจกรรม,ข้อความ,2567-สธ-198
D140,T6,2567-สธ-198,ชื่อกิจกรรม,ข้อความ,กิจกรรมสำรวจข้อมูลการบริหารจัดการขยะมูลฝอย
D140,T6,2567-สธ-198,หน่วยงานรับผิดชอบ,ข้อความ,สำนักงานพัฒนาสังคมและความมั่นคงของมนุษย์จังหวัดสตูล
D140,T6,2567-สธ-198,งบจัดสรร,เงินบาท,521000
D140,T6,2567-สธ-198,เบิกจ่าย,เงินบาท,475500
D140,T6,2567-สธ-198,จำนวนผู้เข้าร่วม,จำนวนนับ,39
D140,T6,2567-สธ-198,กลุ่มเป้าหมาย,รายการ,เกษตรกรและผู้ประกอบการรายย่อย
D140,T6,2567-สธ-198,สถานะ,ข้อความ,ดำเนินการแล้วเสร็จ
D140,T6,2567-สธ-198,หมายเหตุ,ข้อความ,
D140,T6,2567-สค-693,รหัสกิจกรรม,ข้อความ,2567-สค-693
D140,T6,2567-สค-693,ชื่อกิจกรรม,ข้อความ,โครงการจัดเก็บข้อมูลการท่องเที่ยวโดยชุมชน
D140,T6,2567-สค-693,หน่วยงานรับผิดชอบ,ข้อความ,พมจ.สตูล
D140,T6,2567-สค-693,งบจัดสรร,เงินบาท,599500
D140,T6,2567-สค-693,เบิกจ่าย,เงินบาท,355000
D140,T6,2567-สค-693,จำนวนผู้เข้าร่วม,จำนวนนับ,33
D140,T6,2567-สค-693,กลุ่มเป้าหมาย,รายการ,ผู้พิการและผู้ดูแล
D140,T6,2567-สค-693,สถานะ,ข้อความ,ดำเนินการแล้วเสร็จ
D140,T6,2567-สค-693,หมายเหตุ,ข้อความ,
D140,T6,2567-สค-600,รหัสกิจกรรม,ข้อความ,2567-สค-600
D140,T6,2567-สค-600,ชื่อกิจกรรม,ข้อความ,โครงการประชาสัมพันธ์ถนนสายหลักในเขตพื้นที่
D140,T6,2567-สค-600,หน่วยงานรับผิดชอบ,ข้อความ,สำนักงานพัฒนาสังคมและความมั่นคงของมนุษย์จังหวัดสตูล
D140,T6,2567-สค-600,งบจัดสรร,เงินบาท,70500
D140,T6,2567-สค-600,เบิกจ่าย,เงินบาท,41000
D140,T6,2567-สค-600,จำนวนผู้เข้าร่วม,จำนวนนับ,209
D140,T6,2567-สค-600,กลุ่มเป้าหมาย,รายการ,ข้าราชการและเจ้าหน้าที่ของรัฐ
D140,T6,2567-สค-600,สถานะ,ข้อความ,ดำเนินการแล้วเสร็จ
D140,T6,2567-สค-600,หมายเหตุ,ข้อความ,
D140,T6,2567-ศษ-489,รหัสกิจกรรม,ข้อความ,2567-ศษ-489
D140,T6,2567-ศษ-489,ชื่อกิจกรรม,ข้อความ,โครงการจัดประชุมอาสาสมัครสาธารณสุขประจำหมู่บ้าน
D140,T6,2567-ศษ-489,หน่วยงานรับผิดชอบ,ข้อความ,พมจ.สตูล
D140,T6,2567-ศษ-489,งบจัดสรร,เงินบาท,28000
D140,T6,2567-ศษ-489,เบิกจ่าย,เงินบาท,18000
D140,T6,2567-ศษ-489,จำนวนผู้เข้าร่วม,จำนวนนับ,126
D140,T6,2567-ศษ-489,กลุ่มเป้าหมาย,รายการ,ครัวเรือนยากจน
D140,T6,2567-ศษ-489,สถานะ,ข้อความ,ดำเนินการแล้วเสร็จ
D140,T6,2567-ศษ-489,หมายเหตุ,ข้อความ,
D140,T6,2567-ศษ-727,รหัสกิจกรรม,ข้อความ,2567-ศษ-727
D140,T6,2567-ศษ-727,ชื่อกิจกรรม,ข้อความ,กิจกรรมจัดประชุมการป้องกันโรคไข้เลือดออก
D140,T6,2567-ศษ-727,หน่วยงานรับผิดชอบ,ข้อความ,พมจ.สตูล
D140,T6,2567-ศษ-727,งบจัดสรร,เงินบาท,673000
D140,T6,2567-ศษ-727,เบิกจ่าย,เงินบาท,514500
D140,T6,2567-ศษ-727,จำนวนผู้เข้าร่วม,จำนวนนับ,44
D140,T6,2567-ศษ-727,กลุ่มเป้าหมาย,รายการ,แรงงานนอกระบบ
D140,T6,2567-ศษ-727,สถานะ,ข้อความ,ดำเนินการแล้วเสร็จ
D140,T6,2567-ศษ-727,หมายเหตุ,ข้อความ,
D141,T6,2568-กษ-802,รหัสกิจกรรม,ข้อความ,2568-กษ-802
D141,T6,2568-กษ-802,ชื่อกิจกรรม,ข้อความ,กิจกรรมจัดทำแผนการท่องเที่ยวโดยชุมชน
D141,T6,2568-กษ-802,หน่วยงานรับผิดชอบ,ข้อความ,เทศบาลเมืองลำพูน
D141,T6,2568-กษ-802,งบจัดสรร,เงินบาท,330500
D141,T6,2568-กษ-802,เบิกจ่าย,เงินบาท,239500
D141,T6,2568-กษ-802,จำนวนผู้เข้าร่วม,จำนวนนับ,133
D141,T6,2568-กษ-802,กลุ่มเป้าหมาย,รายการ,ผู้ปกครองเด็กก่อนวัยเรียน
D141,T6,2568-กษ-802,สถานะ,ข้อความ,ดำเนินการแล้วเสร็จ
D141,T6,2568-กษ-802,หมายเหตุ,ข้อความ,
D141,T6,2568-ทถ-821,รหัสกิจกรรม,ข้อความ,2568-ทถ-821
D141,T6,2568-ทถ-821,ชื่อกิจกรรม,ข้อความ,กิจกรรมจัดทำแผนถนนสายหลักในเขตพื้นที่
D141,T6,2568-ทถ-821,หน่วยงานรับผิดชอบ,ข้อความ,เทศบาลเมืองลำพูน
D141,T6,2568-ทถ-821,งบจัดสรร,เงินบาท,667500
D141,T6,2568-ทถ-821,เบิกจ่าย,เงินบาท,551000
D141,T6,2568-ทถ-821,จำนวนผู้เข้าร่วม,จำนวนนับ,144
D141,T6,2568-ทถ-821,กลุ่มเป้าหมาย,รายการ,เกษตรกรและผู้ประกอบการรายย่อย
D141,T6,2568-ทถ-821,สถานะ,ข้อความ,ดำเนินการแล้วเสร็จ
D141,T6,2568-ทถ-821,หมายเหตุ,ข้อความ,
D141,T6,2568-กษ-980,รหัสกิจกรรม,ข้อความ,2568-กษ-980
D141,T6,2568-กษ-980,ชื่อกิจกรรม,ข้อความ,โครงการจัดเก็บข้อมูลการบริหารจัดการขยะมูลฝอย
D141,T6,2568-กษ-980,หน่วยงานรับผิดชอบ,ข้อความ,เทศบาลเมืองลำพูน
D141,T6,2568-กษ-980,งบจัดสรร,เงินบาท,75000
D141,T6,2568-กษ-980,เบิกจ่าย,เงินบาท,43000
D141,T6,2568-กษ-980,จำนวนผู้เข้าร่วม,จำนวนนับ,248
D141,T6,2568-กษ-980,กลุ่มเป้าหมาย,รายการ,ครัวเรือนยากจน
D141,T6,2568-กษ-980,สถานะ,ข้อความ,ดำเนินการแล้วเสร็จ
D141,T6,2568-กษ-980,หมายเหตุ,ข้อความ,
D141,T6,2568-สค-855,รหัสกิจกรรม,ข้อความ,2568-สค-855
D141,T6,2568-สค-855,ชื่อกิจกรรม,ข้อความ,กิจกรรมสำรวจข้อมูลอาสาสมัครสาธารณสุขประจำหมู่บ้าน
D141,T6,2568-สค-855,หน่วยงานรับผิดชอบ,ข้อความ,ทม.ลำพูน
D141,T6,2568-สค-855,งบจัดสรร,เงินบาท,818500
D141,T6,2568-สค-855,เบิกจ่าย,เงินบาท,668000
D141,T6,2568-สค-855,จำนวนผู้เข้าร่วม,จำนวนนับ,180
D141,T6,2568-สค-855,กลุ่มเป้าหมาย,รายการ,ผู้ดูแลศูนย์พัฒนาเด็กเล็ก
D141,T6,2568-สค-855,สถานะ,ข้อความ,ดำเนินการแล้วเสร็จ
D141,T6,2568-สค-855,หมายเหตุ,ข้อความ,
D141,T6,2568-ทถ-839,รหัสกิจกรรม,ข้อความ,2568-ทถ-839
D141,T6,2568-ทถ-839,ชื่อกิจกรรม,ข้อความ,โครงการจัดประชุมการเกษตรปลอดภัย
D141,T6,2568-ทถ-839,หน่วยงานรับผิดชอบ,ข้อความ,เทศบาลเมืองลำพูน
D141,T6,2568-ทถ-839,งบจัดสรร,เงินบาท,690500
D141,T6,2568-ทถ-839,เบิกจ่าย,เงินบาท,412000
D141,T6,2568-ทถ-839,จำนวนผู้เข้าร่วม,จำนวนนับ,245
D141,T6,2568-ทถ-839,กลุ่มเป้าหมาย,รายการ,กลุ่มเปราะบางและผู้ด้อยโอกาส
D141,T6,2568-ทถ-839,สถานะ,ข้อความ,ดำเนินการแล้วเสร็จ
D141,T6,2568-ทถ-839,หมายเหตุ,ข้อความ,
D141,T6,2568-สค-034,รหัสกิจกรรม,ข้อความ,2568-สค-034
D141,T6,2568-สค-034,ชื่อกิจกรรม,ข้อความ,กิจกรรมสำรวจข้อมูลระบบประปาหมู่บ้าน
D141,T6,2568-สค-034,หน่วยงานรับผิดชอบ,ข้อความ,ทม.ลำพูน
D141,T6,2568-สค-034,งบจัดสรร,เงินบาท,628000
D141,T6,2568-สค-034,เบิกจ่าย,เงินบาท,606000
D141,T6,2568-สค-034,จำนวนผู้เข้าร่วม,จำนวนนับ,179
D141,T6,2568-สค-034,กลุ่มเป้าหมาย,รายการ,ผู้พิการและผู้ดูแล
D141,T6,2568-สค-034,สถานะ,ข้อความ,ดำเนินการแล้วเสร็จ
D141,T6,2568-สค-034,หมายเหตุ,ข้อความ,
D142,T6,2567-ศษ-702,รหัสกิจกรรม,ข้อความ,2567-ศษ-702
D142,T6,2567-ศษ-702,ชื่อกิจกรรม,ข้อความ,กิจกรรมบำรุงรักษากองทุนสวัสดิการชุมชน
D142,T6,2567-ศษ-702,หน่วยงานรับผิดชอบ,ข้อความ,ศูนย์การศึกษานอกระบบและการศึกษาตามอัธยาศัยอำเภอบ้านโป่ง
D142,T6,2567-ศษ-702,งบจัดสรร,เงินบาท,512000
D142,T6,2567-ศษ-702,เบิกจ่าย,เงินบาท,457000
D142,T6,2567-ศษ-702,จำนวนผู้เข้าร่วม,จำนวนนับ,129
D142,T6,2567-ศษ-702,กลุ่มเป้าหมาย,รายการ,ผู้ค้าในตลาดสด
D142,T6,2567-ศษ-702,สถานะ,ข้อความ,ดำเนินการแล้วเสร็จ
D142,T6,2567-ศษ-702,หมายเหตุ,ข้อความ,
D142,T6,2567-ศษ-190,รหัสกิจกรรม,ข้อความ,2567-ศษ-190
D142,T6,2567-ศษ-190,ชื่อกิจกรรม,ข้อความ,กิจกรรมบำรุงรักษาถนนสายหลักในเขตพื้นที่
D142,T6,2567-ศษ-190,หน่วยงานรับผิดชอบ,ข้อความ,ศูนย์การศึกษานอกระบบและการศึกษาตามอัธยาศัยอำเภอบ้านโป่ง
D142,T6,2567-ศษ-190,งบจัดสรร,เงินบาท,526500
D142,T6,2567-ศษ-190,เบิกจ่าย,เงินบาท,349500
D142,T6,2567-ศษ-190,จำนวนผู้เข้าร่วม,จำนวนนับ,218
D142,T6,2567-ศษ-190,กลุ่มเป้าหมาย,รายการ,สตรีและครอบครัว
D142,T6,2567-ศษ-190,สถานะ,ข้อความ,ดำเนินการแล้วเสร็จ
D142,T6,2567-ศษ-190,หมายเหตุ,ข้อความ,
D142,T6,2567-กษ-744,รหัสกิจกรรม,ข้อความ,2567-กษ-744
D142,T6,2567-กษ-744,ชื่อกิจกรรม,ข้อความ,กิจกรรมจัดทำแผนครัวเรือนยากจนเป้าหมาย
D142,T6,2567-กษ-744,หน่วยงานรับผิดชอบ,ข้อความ,กศน.อำเภอบ้านโป่ง
D142,T6,2567-กษ-744,งบจัดสรร,เงินบาท,756500
D142,T6,2567-กษ-744,เบิกจ่าย,เงินบาท,641000
D142,T6,2567-กษ-744,จำนวนผู้เข้าร่วม,จำนวนนับ,69
D142,T6,2567-กษ-744,กลุ่มเป้าหมาย,รายการ,กลุ่มวิสาหกิจชุมชน
D142,T6,2567-กษ-744,สถานะ,ข้อความ,ดำเนินการแล้วเสร็จ
D142,T6,2567-กษ-744,หมายเหตุ,ข้อความ,
D142,T6,2567-ศษ-322,รหัสกิจกรรม,ข้อความ,2567-ศษ-322
D142,T6,2567-ศษ-322,ชื่อกิจกรรม,ข้อความ,กิจกรรมบำรุงรักษาครัวเรือนยากจนเป้าหมาย
D142,T6,2567-ศษ-322,หน่วยงานรับผิดชอบ,ข้อความ,กศน.อำเภอบ้านโป่ง
D142,T6,2567-ศษ-322,งบจัดสรร,เงินบาท,594500
D142,T6,2567-ศษ-322,เบิกจ่าย,เงินบาท,536000
D142,T6,2567-ศษ-322,จำนวนผู้เข้าร่วม,จำนวนนับ,68
D142,T6,2567-ศษ-322,กลุ่มเป้าหมาย,รายการ,ประชาชนทั่วไป
D142,T6,2567-ศษ-322,สถานะ,ข้อความ,ดำเนินการแล้วเสร็จ
D142,T6,2567-ศษ-322,หมายเหตุ,ข้อความ,
D142,T6,2567-สธ-537,รหัสกิจกรรม,ข้อความ,2567-สธ-537
D142,T6,2567-สธ-537,ชื่อกิจกรรม,ข้อความ,กิจกรรมจัดประชุมศูนย์พัฒนาเด็กเล็ก
D142,T6,2567-สธ-537,หน่วยงานรับผิดชอบ,ข้อความ,ศูนย์การศึกษานอกระบบและการศึกษาตามอัธยาศัยอำเภอบ้านโป่ง
D142,T6,2567-สธ-537,งบจัดสรร,เงินบาท,784000
D142,T6,2567-สธ-537,เบิกจ่าย,เงินบาท,553500
D142,T6,2567-สธ-537,จำนวนผู้เข้าร่วม,จำนวนนับ,160
D142,T6,2567-สธ-537,กลุ่มเป้าหมาย,รายการ,ผู้ป่วยติดเตียงและผู้ดูแลที่บ้าน
D142,T6,2567-สธ-537,สถานะ,ข้อความ,ดำเนินการแล้วเสร็จ
D142,T6,2567-สธ-537,หมายเหตุ,ข้อความ,
D142,T6,2567-กษ-424,รหัสกิจกรรม,ข้อความ,2567-กษ-424
D142,T6,2567-กษ-424,ชื่อกิจกรรม,ข้อความ,โครงการบำรุงรักษาศูนย์พัฒนาเด็กเล็ก
D142,T6,2567-กษ-424,หน่วยงานรับผิดชอบ,ข้อความ,ศูนย์การศึกษานอกระบบและการศึกษาตามอัธยาศัยอำเภอบ้านโป่ง
D142,T6,2567-กษ-424,งบจัดสรร,เงินบาท,538000
D142,T6,2567-กษ-424,เบิกจ่าย,เงินบาท,314500
D142,T6,2567-กษ-424,จำนวนผู้เข้าร่วม,จำนวนนับ,132
D142,T6,2567-กษ-424,กลุ่มเป้าหมาย,รายการ,ผู้พิการและผู้ดูแล
D142,T6,2567-กษ-424,สถานะ,ข้อความ,ดำเนินการแล้วเสร็จ
D142,T6,2567-กษ-424,หมายเหตุ,ข้อความ,
D142,T6,2567-กษ-778,รหัสกิจกรรม,ข้อความ,2567-กษ-778
D142,T6,2567-กษ-778,ชื่อกิจกรรม,ข้อความ,โครงการตรวจเยี่ยมการท่องเที่ยวโดยชุมชน
D142,T6,2567-กษ-778,หน่วยงานรับผิดชอบ,ข้อความ,กศน.อำเภอบ้านโป่ง
D142,T6,2567-กษ-778,งบจัดสรร,เงินบาท,524500
D142,T6,2567-กษ-778,เบิกจ่าย,เงินบาท,347500
D142,T6,2567-กษ-778,จำนวนผู้เข้าร่วม,จำนวนนับ,234
D142,T6,2567-กษ-778,กลุ่มเป้าหมาย,รายการ,ผู้ประกอบการร้านอาหาร
D142,T6,2567-กษ-778,สถานะ,ข้อความ,ดำเนินการแล้วเสร็จ
D142,T6,2567-กษ-778,หมายเหตุ,ข้อความ,
D143,T6,2568-กษ-346,รหัสกิจกรรม,ข้อความ,2568-กษ-346
D143,T6,2568-กษ-346,ชื่อกิจกรรม,ข้อความ,โครงการสำรวจข้อมูลคุณภาพชีวิตผู้สูงอายุ
D143,T6,2568-กษ-346,หน่วยงานรับผิดชอบ,ข้อความ,องค์การบริหารส่วนตำบลหนองปลาไหล
D143,T6,2568-กษ-346,งบจัดสรร,เงินบาท,603500
D143,T6,2568-กษ-346,เบิกจ่าย,เงินบาท,388500
D143,T6,2568-กษ-346,จำนวนผู้เข้าร่วม,จำนวนนับ,188
D143,T6,2568-กษ-346,กลุ่มเป้าหมาย,รายการ,ผู้ประสบภัยพิบัติ
D143,T6,2568-กษ-346,สถานะ,ข้อความ,ดำเนินการแล้วเสร็จ
D143,T6,2568-กษ-346,หมายเหตุ,ข้อความ,
D143,T6,2568-กษ-728,รหัสกิจกรรม,ข้อความ,2568-กษ-728
D143,T6,2568-กษ-728,ชื่อกิจกรรม,ข้อความ,โครงการจัดประชุมแผนพัฒนาท้องถิ่นห้าปี
D143,T6,2568-กษ-728,หน่วยงานรับผิดชอบ,ข้อความ,อบต.หนองปลาไหล
D143,T6,2568-กษ-728,งบจัดสรร,เงินบาท,295000
D143,T6,2568-กษ-728,เบิกจ่าย,เงินบาท,249000
D143,T6,2568-กษ-728,จำนวนผู้เข้าร่วม,จำนวนนับ,88
D143,T6,2568-กษ-728,กลุ่มเป้าหมาย,รายการ,ครัวเรือนยากจน
D143,T6,2568-กษ-728,สถานะ,ข้อความ,ดำเนินการแล้วเสร็จ
D143,T6,2568-กษ-728,หมายเหตุ,ข้อความ,
D143,T6,2568-กษ-647,รหัสกิจกรรม,ข้อความ,2568-กษ-647
D143,T6,2568-กษ-647,ชื่อกิจกรรม,ข้อความ,กิจกรรมบำรุงรักษาระบบประปาหมู่บ้าน
D143,T6,2568-กษ-647,หน่วยงานรับผิดชอบ,ข้อความ,องค์การบริหารส่วนตำบลหนองปลาไหล
D143,T6,2568-กษ-647,งบจัดสรร,เงินบาท,494500
D143,T6,2568-กษ-647,เบิกจ่าย,เงินบาท,352000
D143,T6,2568-กษ-647,จำนวนผู้เข้าร่วม,จำนวนนับ,27
D143,T6,2568-กษ-647,กลุ่มเป้าหมาย,รายการ,เด็กและเยาวชน
D143,T6,2568-กษ-647,สถานะ,ข้อความ,ดำเนินการแล้วเสร็จ
D143,T6,2568-กษ-647,หมายเหตุ,ข้อความ,
D143,T6,2568-ศษ-339,รหัสกิจกรรม,ข้อความ,2568-ศษ-339
D143,T6,2568-ศษ-339,ชื่อกิจกรรม,ข้อความ,กิจกรรมประชาสัมพันธ์อาสาสมัครสาธารณสุขประจำหมู่บ้าน
D143,T6,2568-ศษ-339,หน่วยงานรับผิดชอบ,ข้อความ,อบต.หนองปลาไหล
D143,T6,2568-ศษ-339,งบจัดสรร,เงินบาท,792500
D143,T6,2568-ศษ-339,เบิกจ่าย,เงินบาท,527500
D143,T6,2568-ศษ-339,จำนวนผู้เข้าร่วม,จำนวนนับ,107
D143,T6,2568-ศษ-339,กลุ่มเป้าหมาย,รายการ,อาสาสมัครป้องกันภัยฝ่ายพลเรือน
D143,T6,2568-ศษ-339,สถานะ,ข้อความ,ดำเนินการแล้วเสร็จ
D143,T6,2568-ศษ-339,หมายเหตุ,ข้อความ,
D143,T6,2568-ทถ-431,รหัสกิจกรรม,ข้อความ,2568-ทถ-431
D143,T6,2568-ทถ-431,ชื่อกิจกรรม,ข้อความ,กิจกรรมจัดเก็บข้อมูลการจัดการน้ำเสียชุมชน
D143,T6,2568-ทถ-431,หน่วยงานรับผิดชอบ,ข้อความ,องค์การบริหารส่วนตำบลหนองปลาไหล
D143,T6,2568-ทถ-431,งบจัดสรร,เงินบาท,551500
D143,T6,2568-ทถ-431,เบิกจ่าย,เงินบาท,505500
D143,T6,2568-ทถ-431,จำนวนผู้เข้าร่วม,จำนวนนับ,223
D143,T6,2568-ทถ-431,กลุ่มเป้าหมาย,รายการ,กลุ่มวิสาหกิจชุมชน
D143,T6,2568-ทถ-431,สถานะ,ข้อความ,ดำเนินการแล้วเสร็จ
D143,T6,2568-ทถ-431,หมายเหตุ,ข้อความ,
D143,T6,2568-สธ-927,รหัสกิจกรรม,ข้อความ,2568-สธ-927
D143,T6,2568-สธ-927,ชื่อกิจกรรม,ข้อความ,โครงการประชาสัมพันธ์การเกษตรปลอดภัย
D143,T6,2568-สธ-927,หน่วยงานรับผิดชอบ,ข้อความ,อบต.หนองปลาไหล
D143,T6,2568-สธ-927,งบจัดสรร,เงินบาท,703500
D143,T6,2568-สธ-927,เบิกจ่าย,เงินบาท,519500
D143,T6,2568-สธ-927,จำนวนผู้เข้าร่วม,จำนวนนับ,152
D143,T6,2568-สธ-927,กลุ่มเป้าหมาย,รายการ,กลุ่มออมทรัพย์เพื่อการผลิต
D143,T6,2568-สธ-927,สถานะ,ข้อความ,ดำเนินการแล้วเสร็จ
D143,T6,2568-สธ-927,หมายเหตุ,ข้อความ,
D143,T6,2568-สค-804,รหัสกิจกรรม,ข้อความ,2568-สค-804
D143,T6,2568-สค-804,ชื่อกิจกรรม,ข้อความ,กิจกรรมจัดประชุมการบริหารจัดการขยะมูลฝอย
D143,T6,2568-สค-804,หน่วยงานรับผิดชอบ,ข้อความ,อบต.หนองปลาไหล
D143,T6,2568-สค-804,งบจัดสรร,เงินบาท,777500
D143,T6,2568-สค-804,เบิกจ่าย,เงินบาท,485500
D143,T6,2568-สค-804,จำนวนผู้เข้าร่วม,จำนวนนับ,180
D143,T6,2568-สค-804,กลุ่มเป้าหมาย,รายการ,กลุ่มออมทรัพย์เพื่อการผลิต
D143,T6,2568-สค-804,สถานะ,ข้อความ,ดำเนินการแล้วเสร็จ
D143,T6,2568-สค-804,หมายเหตุ,ข้อความ,
D144,T6,2568-กษ-031,รหัสกิจกรรม,ข้อความ,2568-กษ-031
D144,T6,2568-กษ-031,ชื่อกิจกรรม,ข้อความ,กิจกรรมประชาสัมพันธ์กลุ่มวิสาหกิจชุมชน
D144,T6,2568-กษ-031,หน่วยงานรับผิดชอบ,ข้อความ,เทศบาลเมืองลำพูน
D144,T6,2568-กษ-031,งบจัดสรร,เงินบาท,166000
D144,T6,2568-กษ-031,เบิกจ่าย,เงินบาท,144000
D144,T6,2568-กษ-031,จำนวนผู้เข้าร่วม,จำนวนนับ,237
D144,T6,2568-กษ-031,กลุ่มเป้าหมาย,รายการ,ผู้ปกครองเด็กก่อนวัยเรียน
D144,T6,2568-กษ-031,สถานะ,ข้อความ,ดำเนินการแล้วเสร็จ
D144,T6,2568-กษ-031,หมายเหตุ,ข้อความ,
D144,T6,2568-สธ-013,รหัสกิจกรรม,ข้อความ,2568-สธ-013
D144,T6,2568-สธ-013,ชื่อกิจกรรม,ข้อความ,โครงการจัดทำแผนถนนสายหลักในเขตพื้นที่
D144,T6,2568-สธ-013,หน่วยงานรับผิดชอบ,ข้อความ,ทม.ลำพูน
D144,T6,2568-สธ-013,งบจัดสรร,เงินบาท,129500
D144,T6,2568-สธ-013,เบิกจ่าย,เงินบาท,104500
D144,T6,2568-สธ-013,จำนวนผู้เข้าร่วม,จำนวนนับ,207
D144,T6,2568-สธ-013,กลุ่มเป้าหมาย,รายการ,ผู้สูงอายุ
D144,T6,2568-สธ-013,สถานะ,ข้อความ,ดำเนินการแล้วเสร็จ
D144,T6,2568-สธ-013,หมายเหตุ,ข้อความ,
D144,T6,2568-สธ-472,รหัสกิจกรรม,ข้อความ,2568-สธ-472
D144,T6,2568-สธ-472,ชื่อกิจกรรม,ข้อความ,โครงการจัดประชุมศูนย์พัฒนาเด็กเล็ก
D144,T6,2568-สธ-472,หน่วยงานรับผิดชอบ,ข้อความ,เทศบาลเมืองลำพูน
D144,T6,2568-สธ-472,งบจัดสรร,เงินบาท,651000
D144,T6,2568-สธ-472,เบิกจ่าย,เงินบาท,548500
D144,T6,2568-สธ-472,จำนวนผู้เข้าร่วม,จำนวนนับ,176
D144,T6,2568-สธ-472,กลุ่มเป้าหมาย,รายการ,เกษตรกรผู้เลี้ยงโคเนื้อ
D144,T6,2568-สธ-472,สถานะ,ข้อความ,ดำเนินการแล้วเสร็จ
D144,T6,2568-สธ-472,หมายเหตุ,ข้อความ,
D144,T6,2568-พช-066,รหัสกิจกรรม,ข้อความ,2568-พช-066
D144,T6,2568-พช-066,ชื่อกิจกรรม,ข้อความ,โครงการสำรวจข้อมูลการเกษตรปลอดภัย
D144,T6,2568-พช-066,หน่วยงานรับผิดชอบ,ข้อความ,เทศบาลเมืองลำพูน
D144,T6,2568-พช-066,งบจัดสรร,เงินบาท,436500
D144,T6,2568-พช-066,เบิกจ่าย,เงินบาท,351500
D144,T6,2568-พช-066,จำนวนผู้เข้าร่วม,จำนวนนับ,102
D144,T6,2568-พช-066,กลุ่มเป้าหมาย,รายการ,กลุ่มเปราะบางและผู้ด้อยโอกาส
D144,T6,2568-พช-066,สถานะ,ข้อความ,ดำเนินการแล้วเสร็จ
D144,T6,2568-พช-066,หมายเหตุ,ข้อความ,
D144,T6,2568-ทถ-731,รหัสกิจกรรม,ข้อความ,2568-ทถ-731
D144,T6,2568-ทถ-731,ชื่อกิจกรรม,ข้อความ,กิจกรรมบำรุงรักษาอาสาสมัครสาธารณสุขประจำหมู่บ้าน
D144,T6,2568-ทถ-731,หน่วยงานรับผิดชอบ,ข้อความ,เทศบาลเมืองลำพูน
D144,T6,2568-ทถ-731,งบจัดสรร,เงินบาท,453000
D144,T6,2568-ทถ-731,เบิกจ่าย,เงินบาท,407500
D144,T6,2568-ทถ-731,จำนวนผู้เข้าร่วม,จำนวนนับ,71
D144,T6,2568-ทถ-731,กลุ่มเป้าหมาย,รายการ,ผู้พิการและผู้ดูแล
D144,T6,2568-ทถ-731,สถานะ,ข้อความ,ดำเนินการแล้วเสร็จ
D144,T6,2568-ทถ-731,หมายเหตุ,ข้อความ,
D144,T6,2568-พช-291,รหัสกิจกรรม,ข้อความ,2568-พช-291
D144,T6,2568-พช-291,ชื่อกิจกรรม,ข้อความ,กิจกรรมอบรมเชิงปฏิบัติการการป้องกันโรคไข้เลือดออก
D144,T6,2568-พช-291,หน่วยงานรับผิดชอบ,ข้อความ,ทม.ลำพูน
D144,T6,2568-พช-291,งบจัดสรร,เงินบาท,472000
D144,T6,2568-พช-291,เบิกจ่าย,เงินบาท,327000
D144,T6,2568-พช-291,จำนวนผู้เข้าร่วม,จำนวนนับ,183
D144,T6,2568-พช-291,กลุ่มเป้าหมาย,รายการ,กลุ่มเปราะบางและผู้ด้อยโอกาส
D144,T6,2568-พช-291,สถานะ,ข้อความ,ดำเนินการแล้วเสร็จ
D144,T6,2568-พช-291,หมายเหตุ,ข้อความ,
D145,T6,2567-พช-055,รหัสกิจกรรม,ข้อความ,2567-พช-055
D145,T6,2567-พช-055,ชื่อกิจกรรม,ข้อความ,โครงการบำรุงรักษาศูนย์พัฒนาเด็กเล็ก
D145,T6,2567-พช-055,หน่วยงานรับผิดชอบ,ข้อความ,องค์การบริหารส่วนตำบลบ้านแหลม
D145,T6,2567-พช-055,งบจัดสรร,เงินบาท,476500
D145,T6,2567-พช-055,เบิกจ่าย,เงินบาท,438000
D145,T6,2567-พช-055,จำนวนผู้เข้าร่วม,จำนวนนับ,201
D145,T6,2567-พช-055,กลุ่มเป้าหมาย,รายการ,ข้าราชการและเจ้าหน้าที่ของรัฐ
D145,T6,2567-พช-055,สถานะ,ข้อความ,ดำเนินการแล้วเสร็จ
D145,T6,2567-พช-055,หมายเหตุ,ข้อความ,
D145,T6,2567-ทถ-796,รหัสกิจกรรม,ข้อความ,2567-ทถ-796
D145,T6,2567-ทถ-796,ชื่อกิจกรรม,ข้อความ,กิจกรรมประชาสัมพันธ์การท่องเที่ยวโดยชุมชน
D145,T6,2567-ทถ-796,หน่วยงานรับผิดชอบ,ข้อความ,อบต.บ้านแหลม
D145,T6,2567-ทถ-796,งบจัดสรร,เงินบาท,163500
D145,T6,2567-ทถ-796,เบิกจ่าย,เงินบาท,111000
D145,T6,2567-ทถ-796,จำนวนผู้เข้าร่วม,จำนวนนับ,157
D145,T6,2567-ทถ-796,กลุ่มเป้าหมาย,รายการ,แกนนำสุขภาพประจำครอบครัว
D145,T6,2567-ทถ-796,สถานะ,ข้อความ,ดำเนินการแล้วเสร็จ
D145,T6,2567-ทถ-796,หมายเหตุ,ข้อความ,
D145,T6,2567-ทถ-795,รหัสกิจกรรม,ข้อความ,2567-ทถ-795
D145,T6,2567-ทถ-795,ชื่อกิจกรรม,ข้อความ,กิจกรรมประชาสัมพันธ์เศรษฐกิจฐานราก
D145,T6,2567-ทถ-795,หน่วยงานรับผิดชอบ,ข้อความ,องค์การบริหารส่วนตำบลบ้านแหลม
D145,T6,2567-ทถ-795,งบจัดสรร,เงินบาท,272000
D145,T6,2567-ทถ-795,เบิกจ่าย,เงินบาท,250500
D145,T6,2567-ทถ-795,จำนวนผู้เข้าร่วม,จำนวนนับ,187
D145,T6,2567-ทถ-795,กลุ่มเป้าหมาย,รายการ,กลุ่มออมทรัพย์เพื่อการผลิต
D145,T6,2567-ทถ-795,สถานะ,ข้อความ,ดำเนินการแล้วเสร็จ
D145,T6,2567-ทถ-795,หมายเหตุ,ข้อความ,
D145,T6,2567-ศษ-405,รหัสกิจกรรม,ข้อความ,2567-ศษ-405
D145,T6,2567-ศษ-405,ชื่อกิจกรรม,ข้อความ,กิจกรรมตรวจเยี่ยมถนนสายหลักในเขตพื้นที่
D145,T6,2567-ศษ-405,หน่วยงานรับผิดชอบ,ข้อความ,องค์การบริหารส่วนตำบลบ้านแหลม
D145,T6,2567-ศษ-405,งบจัดสรร,เงินบาท,842000
D145,T6,2567-ศษ-405,เบิกจ่าย,เงินบาท,685500
D145,T6,2567-ศษ-405,จำนวนผู้เข้าร่วม,จำนวนนับ,88
D145,T6,2567-ศษ-405,กลุ่มเป้าหมาย,รายการ,ผู้ป่วยติดเตียงและผู้ดูแลที่บ้าน
D145,T6,2567-ศษ-405,สถานะ,ข้อความ,ดำเนินการแล้วเสร็จ
D145,T6,2567-ศษ-405,หมายเหตุ,ข้อความ,
D145,T6,2567-กษ-404,รหัสกิจกรรม,ข้อความ,2567-กษ-404
D145,T6,2567-กษ-404,ชื่อกิจกรรม,ข้อความ,โครงการตรวจเยี่ยมการเกษตรปลอดภัย
D145,T6,2567-กษ-404,หน่วยงานรับผิดชอบ,ข้อความ,องค์การบริหารส่วนตำบลบ้านแหลม
D145,T6,2567-กษ-404,งบจัดสรร,เงินบาท,284500
D145,T6,2567-กษ-404,เบิกจ่าย,เงินบาท,187500
D145,T6,2567-กษ-404,จำนวนผู้เข้าร่วม,จำนวนนับ,162
D145,T6,2567-กษ-404,กลุ่มเป้าหมาย,รายการ,กลุ่มวิสาหกิจชุมชน
D145,T6,2567-กษ-404,สถานะ,ข้อความ,ดำเนินการแล้วเสร็จ
D145,T6,2567-กษ-404,หมายเหตุ,ข้อความ,
D145,T6,2567-กษ-375,รหัสกิจกรรม,ข้อความ,2567-กษ-375
D145,T6,2567-กษ-375,ชื่อกิจกรรม,ข้อความ,โครงการตรวจเยี่ยมถนนสายหลักในเขตพื้นที่
D145,T6,2567-กษ-375,หน่วยงานรับผิดชอบ,ข้อความ,องค์การบริหารส่วนตำบลบ้านแหลม
D145,T6,2567-กษ-375,งบจัดสรร,เงินบาท,825000
D145,T6,2567-กษ-375,เบิกจ่าย,เงินบาท,790500
D145,T6,2567-กษ-375,จำนวนผู้เข้าร่วม,จำนวนนับ,172
D145,T6,2567-กษ-375,กลุ่มเป้าหมาย,รายการ,กลุ่มออมทรัพย์เพื่อการผลิต
D145,T6,2567-กษ-375,สถานะ,ข้อความ,ดำเนินการแล้วเสร็จ
D145,T6,2567-กษ-375,หมายเหตุ,ข้อความ,
D146,T6,2567-ศษ-451,รหัสกิจกรรม,ข้อความ,2567-ศษ-451
D146,T6,2567-ศษ-451,ชื่อกิจกรรม,ข้อความ,กิจกรรมอบรมเชิงปฏิบัติการการป้องกันโรคไข้เลือดออก
D146,T6,2567-ศษ-451,หน่วยงานรับผิดชอบ,ข้อความ,พมจ.สตูล
D146,T6,2567-ศษ-451,งบจัดสรร,เงินบาท,431000
D146,T6,2567-ศษ-451,เบิกจ่าย,เงินบาท,349500
D146,T6,2567-ศษ-451,จำนวนผู้เข้าร่วม,จำนวนนับ,97
D146,T6,2567-ศษ-451,กลุ่มเป้าหมาย,รายการ,เกษตรกรและผู้ประกอบการรายย่อย
D146,T6,2567-ศษ-451,สถานะ,ข้อความ,ดำเนินการแล้วเสร็จ
D146,T6,2567-ศษ-451,หมายเหตุ,ข้อความ,
D146,T6,2567-ศษ-140,รหัสกิจกรรม,ข้อความ,2567-ศษ-140
D146,T6,2567-ศษ-140,ชื่อกิจกรรม,ข้อความ,กิจกรรมตรวจเยี่ยมการป้องกันโรคไข้เลือดออก
D146,T6,2567-ศษ-140,หน่วยงานรับผิดชอบ,ข้อความ,สำนักงานพัฒนาสังคมและความมั่นคงของมนุษย์จังหวัดสตูล
D146,T6,2567-ศษ-140,งบจัดสรร,เงินบาท,272000
D146,T6,2567-ศษ-140,เบิกจ่าย,เงินบาท,260500
D146,T6,2567-ศษ-140,จำนวนผู้เข้าร่วม,จำนวนนับ,233
D146,T6,2567-ศษ-140,กลุ่มเป้าหมาย,รายการ,ผู้ป่วยติดเตียงและผู้ดูแลที่บ้าน
D146,T6,2567-ศษ-140,สถานะ,ข้อความ,ดำเนินการแล้วเสร็จ
D146,T6,2567-ศษ-140,หมายเหตุ,ข้อความ,
D146,T6,2567-สค-049,รหัสกิจกรรม,ข้อความ,2567-สค-049
D146,T6,2567-สค-049,ชื่อกิจกรรม,ข้อความ,กิจกรรมจัดประชุมการเกษตรปลอดภัย
D146,T6,2567-สค-049,หน่วยงานรับผิดชอบ,ข้อความ,พมจ.สตูล
D146,T6,2567-สค-049,งบจัดสรร,เงินบาท,314000
D146,T6,2567-สค-049,เบิกจ่าย,เงินบาท,212500
D146,T6,2567-สค-049,จำนวนผู้เข้าร่วม,จำนวนนับ,234
D146,T6,2567-สค-049,กลุ่มเป้าหมาย,รายการ,ผู้ประสบภัยพิบัติ
D146,T6,2567-สค-049,สถานะ,ข้อความ,ดำเนินการแล้วเสร็จ
D146,T6,2567-สค-049,หมายเหตุ,ข้อความ,
D146,T6,2567-ศษ-522,รหัสกิจกรรม,ข้อความ,2567-ศษ-522
D146,T6,2567-ศษ-522,ชื่อกิจกรรม,ข้อความ,กิจกรรมบำรุงรักษากองทุนสวัสดิการชุมชน
D146,T6,2567-ศษ-522,หน่วยงานรับผิดชอบ,ข้อความ,พมจ.สตูล
D146,T6,2567-ศษ-522,งบจัดสรร,เงินบาท,552000
D146,T6,2567-ศษ-522,เบิกจ่าย,เงินบาท,470500
D146,T6,2567-ศษ-522,จำนวนผู้เข้าร่วม,จำนวนนับ,35
D146,T6,2567-ศษ-522,กลุ่มเป้าหมาย,รายการ,ผู้นำชุมชนและปราชญ์ชาวบ้าน
D146,T6,2567-ศษ-522,สถานะ,ข้อความ,ดำเนินการแล้วเสร็จ
D146,T6,2567-ศษ-522,หมายเหตุ,ข้อความ,
D146,T6,2567-กษ-959,รหัสกิจกรรม,ข้อความ,2567-กษ-959
D146,T6,2567-กษ-959,ชื่อกิจกรรม,ข้อความ,กิจกรรมตรวจเยี่ยมศูนย์พัฒนาเด็กเล็ก
D146,T6,2567-กษ-959,หน่วยงานรับผิดชอบ,ข้อความ,สำนักงานพัฒนาสังคมและความมั่นคงของมนุษย์จังหวัดสตูล
D146,T6,2567-กษ-959,งบจัดสรร,เงินบาท,582500
D146,T6,2567-กษ-959,เบิกจ่าย,เงินบาท,555500
D146,T6,2567-กษ-959,จำนวนผู้เข้าร่วม,จำนวนนับ,195
D146,T6,2567-กษ-959,กลุ่มเป้าหมาย,รายการ,ผู้สูงอายุ
D146,T6,2567-กษ-959,สถานะ,ข้อความ,ดำเนินการแล้วเสร็จ
D146,T6,2567-กษ-959,หมายเหตุ,ข้อความ,
D146,T6,2567-พช-365,รหัสกิจกรรม,ข้อความ,2567-พช-365
D146,T6,2567-พช-365,ชื่อกิจกรรม,ข้อความ,โครงการบำรุงรักษาระบบประปาหมู่บ้าน
D146,T6,2567-พช-365,หน่วยงานรับผิดชอบ,ข้อความ,พมจ.สตูล
D146,T6,2567-พช-365,งบจัดสรร,เงินบาท,360000
D146,T6,2567-พช-365,เบิกจ่าย,เงินบาท,243000
D146,T6,2567-พช-365,จำนวนผู้เข้าร่วม,จำนวนนับ,88
D146,T6,2567-พช-365,กลุ่มเป้าหมาย,รายการ,ผู้ประกอบการร้านอาหาร
D146,T6,2567-พช-365,สถานะ,ข้อความ,ดำเนินการแล้วเสร็จ
D146,T6,2567-พช-365,หมายเหตุ,ข้อความ,
D147,T6,2568-ทถ-030,รหัสกิจกรรม,ข้อความ,2568-ทถ-030
D147,T6,2568-ทถ-030,ชื่อกิจกรรม,ข้อความ,กิจกรรมสำรวจข้อมูลคุณภาพชีวิตผู้สูงอายุ
D147,T6,2568-ทถ-030,หน่วยงานรับผิดชอบ,ข้อความ,สถจ.ชุมพร
D147,T6,2568-ทถ-030,งบจัดสรร,เงินบาท,569500
D147,T6,2568-ทถ-030,เบิกจ่าย,เงินบาท,387500
D147,T6,2568-ทถ-030,จำนวนผู้เข้าร่วม,จำนวนนับ,38
D147,T6,2568-ทถ-030,กลุ่มเป้าหมาย,รายการ,ประชาชนทั่วไป
D147,T6,2568-ทถ-030,สถานะ,ข้อความ,ดำเนินการแล้วเสร็จ
D147,T6,2568-ทถ-030,หมายเหตุ,ข้อความ,
D147,T6,2568-กษ-481,รหัสกิจกรรม,ข้อความ,2568-กษ-481
D147,T6,2568-กษ-481,ชื่อกิจกรรม,ข้อความ,โครงการสำรวจข้อมูลคุณภาพชีวิตผู้สูงอายุ
D147,T6,2568-กษ-481,หน่วยงานรับผิดชอบ,ข้อความ,สถจ.ชุมพร
D147,T6,2568-กษ-481,งบจัดสรร,เงินบาท,787000
D147,T6,2568-กษ-481,เบิกจ่าย,เงินบาท,688000
D147,T6,2568-กษ-481,จำนวนผู้เข้าร่วม,จำนวนนับ,229
D147,T6,2568-กษ-481,กลุ่มเป้าหมาย,รายการ,ผู้สูงอายุ
D147,T6,2568-กษ-481,สถานะ,ข้อความ,ดำเนินการแล้วเสร็จ
D147,T6,2568-กษ-481,หมายเหตุ,ข้อความ,
D147,T6,2568-กษ-592,รหัสกิจกรรม,ข้อความ,2568-กษ-592
D147,T6,2568-กษ-592,ชื่อกิจกรรม,ข้อความ,กิจกรรมประชาสัมพันธ์ถนนสายหลักในเขตพื้นที่
D147,T6,2568-กษ-592,หน่วยงานรับผิดชอบ,ข้อความ,สำนักงานส่งเสริมการปกครองท้องถิ่นจังหวัดชุมพร
D147,T6,2568-กษ-592,งบจัดสรร,เงินบาท,443000
D147,T6,2568-กษ-592,เบิกจ่าย,เงินบาท,407000
D147,T6,2568-กษ-592,จำนวนผู้เข้าร่วม,จำนวนนับ,44
D147,T6,2568-กษ-592,กลุ่มเป้าหมาย,รายการ,ผู้ป่วยติดเตียงและผู้ดูแลที่บ้าน
D147,T6,2568-กษ-592,สถานะ,ข้อความ,ดำเนินการแล้วเสร็จ
D147,T6,2568-กษ-592,หมายเหตุ,ข้อความ,
D147,T6,2568-ศษ-908,รหัสกิจกรรม,ข้อความ,2568-ศษ-908
D147,T6,2568-ศษ-908,ชื่อกิจกรรม,ข้อความ,กิจกรรมจัดทำแผนเศรษฐกิจฐานราก
D147,T6,2568-ศษ-908,หน่วยงานรับผิดชอบ,ข้อความ,สำนักงานส่งเสริมการปกครองท้องถิ่นจังหวัดชุมพร
D147,T6,2568-ศษ-908,งบจัดสรร,เงินบาท,620000
D147,T6,2568-ศษ-908,เบิกจ่าย,เงินบาท,604000
D147,T6,2568-ศษ-908,จำนวนผู้เข้าร่วม,จำนวนนับ,220
D147,T6,2568-ศษ-908,กลุ่มเป้าหมาย,รายการ,ผู้ดูแลศูนย์พัฒนาเด็กเล็ก
D147,T6,2568-ศษ-908,สถานะ,ข้อความ,ดำเนินการแล้วเสร็จ
D147,T6,2568-ศษ-908,หมายเหตุ,ข้อความ,
D147,T6,2568-สค-200,รหัสกิจกรรม,ข้อความ,2568-สค-200
D147,T6,2568-สค-200,ชื่อกิจกรรม,ข้อความ,โครงการจัดประชุมครัวเรือนยากจนเป้าหมาย
D147,T6,2568-สค-200,หน่วยงานรับผิดชอบ,ข้อความ,สถจ.ชุมพร
D147,T6,2568-สค-200,งบจัดสรร,เงินบาท,133000
D147,T6,2568-สค-200,เบิกจ่าย,เงินบาท,95500
D147,T6,2568-สค-200,จำนวนผู้เข้าร่วม,จำนวนนับ,47
D147,T6,2568-สค-200,กลุ่มเป้าหมาย,รายการ,ผู้ปกครองเด็กก่อนวัยเรียน
D147,T6,2568-สค-200,สถานะ,ข้อความ,ดำเนินการแล้วเสร็จ
D147,T6,2568-สค-200,หมายเหตุ,ข้อความ,
D147,T6,2568-กษ-275,รหัสกิจกรรม,ข้อความ,2568-กษ-275
D147,T6,2568-กษ-275,ชื่อกิจกรรม,ข้อความ,กิจกรรมบำรุงรักษาการจัดการน้ำเสียชุมชน
D147,T6,2568-กษ-275,หน่วยงานรับผิดชอบ,ข้อความ,สำนักงานส่งเสริมการปกครองท้องถิ่นจังหวัดชุมพร
D147,T6,2568-กษ-275,งบจัดสรร,เงินบาท,784000
D147,T6,2568-กษ-275,เบิกจ่าย,เงินบาท,494500
D147,T6,2568-กษ-275,จำนวนผู้เข้าร่วม,จำนวนนับ,40
D147,T6,2568-กษ-275,กลุ่มเป้าหมาย,รายการ,อาสาสมัครป้องกันภัยฝ่ายพลเรือน
D147,T6,2568-กษ-275,สถานะ,ข้อความ,ดำเนินการแล้วเสร็จ
D147,T6,2568-กษ-275,หมายเหตุ,ข้อความ,
D147,T6,2568-ทถ-150,รหัสกิจกรรม,ข้อความ,2568-ทถ-150
D147,T6,2568-ทถ-150,ชื่อกิจกรรม,ข้อความ,โครงการจัดประชุมการท่องเที่ยวโดยชุมชน
D147,T6,2568-ทถ-150,หน่วยงานรับผิดชอบ,ข้อความ,สำนักงานส่งเสริมการปกครองท้องถิ่นจังหวัดชุมพร
D147,T6,2568-ทถ-150,งบจัดสรร,เงินบาท,118000
D147,T6,2568-ทถ-150,เบิกจ่าย,เงินบาท,107000
D147,T6,2568-ทถ-150,จำนวนผู้เข้าร่วม,จำนวนนับ,111
D147,T6,2568-ทถ-150,กลุ่มเป้าหมาย,รายการ,ผู้ดูแลศูนย์พัฒนาเด็กเล็ก
D147,T6,2568-ทถ-150,สถานะ,ข้อความ,ดำเนินการแล้วเสร็จ
D147,T6,2568-ทถ-150,หมายเหตุ,ข้อความ,
D148,T6,2568-สธ-623,รหัสกิจกรรม,ข้อความ,2568-สธ-623
D148,T6,2568-สธ-623,ชื่อกิจกรรม,ข้อความ,โครงการสำรวจข้อมูลการเกษตรปลอดภัย
D148,T6,2568-สธ-623,หน่วยงานรับผิดชอบ,ข้อความ,องค์การบริหารส่วนจังหวัดพะเยา
D148,T6,2568-สธ-623,งบจัดสรร,เงินบาท,483500
D148,T6,2568-สธ-623,เบิกจ่าย,เงินบาท,368500
D148,T6,2568-สธ-623,จำนวนผู้เข้าร่วม,จำนวนนับ,87
D148,T6,2568-สธ-623,กลุ่มเป้าหมาย,รายการ,ผู้ปกครองเด็กก่อนวัยเรียน
D148,T6,2568-สธ-623,สถานะ,ข้อความ,ดำเนินการแล้วเสร็จ
D148,T6,2568-สธ-623,หมายเหตุ,ข้อความ,
D148,T6,2568-สธ-603,รหัสกิจกรรม,ข้อความ,2568-สธ-603
D148,T6,2568-สธ-603,ชื่อกิจกรรม,ข้อความ,กิจกรรมบำรุงรักษาแผนพัฒนาท้องถิ่นห้าปี
D148,T6,2568-สธ-603,หน่วยงานรับผิดชอบ,ข้อความ,องค์การบริหารส่วนจังหวัดพะเยา
D148,T6,2568-สธ-603,งบจัดสรร,เงินบาท,56500
D148,T6,2568-สธ-603,เบิกจ่าย,เงินบาท,44000
D148,T6,2568-สธ-603,จำนวนผู้เข้าร่วม,จำนวนนับ,206
D148,T6,2568-สธ-603,กลุ่มเป้าหมาย,รายการ,ผู้ประสบภัยพิบัติ
D148,T6,2568-สธ-603,สถานะ,ข้อความ,ดำเนินการแล้วเสร็จ
D148,T6,2568-สธ-603,หมายเหตุ,ข้อความ,
D148,T6,2568-ศษ-071,รหัสกิจกรรม,ข้อความ,2568-ศษ-071
D148,T6,2568-ศษ-071,ชื่อกิจกรรม,ข้อความ,โครงการบำรุงรักษาคุณภาพชีวิตผู้สูงอายุ
D148,T6,2568-ศษ-071,หน่วยงานรับผิดชอบ,ข้อความ,องค์การบริหารส่วนจังหวัดพะเยา
D148,T6,2568-ศษ-071,งบจัดสรร,เงินบาท,762500
D148,T6,2568-ศษ-071,เบิกจ่าย,เงินบาท,553000
D148,T6,2568-ศษ-071,จำนวนผู้เข้าร่วม,จำนวนนับ,123
D148,T6,2568-ศษ-071,กลุ่มเป้าหมาย,รายการ,ผู้ดูแลศูนย์พัฒนาเด็กเล็ก
D148,T6,2568-ศษ-071,สถานะ,ข้อความ,ดำเนินการแล้วเสร็จ
D148,T6,2568-ศษ-071,หมายเหตุ,ข้อความ,
D148,T6,2568-กษ-970,รหัสกิจกรรม,ข้อความ,2568-กษ-970
D148,T6,2568-กษ-970,ชื่อกิจกรรม,ข้อความ,โครงการจัดเก็บข้อมูลการป้องกันโรคไข้เลือดออก
D148,T6,2568-กษ-970,หน่วยงานรับผิดชอบ,ข้อความ,อบจ.พะเยา
D148,T6,2568-กษ-970,งบจัดสรร,เงินบาท,642000
D148,T6,2568-กษ-970,เบิกจ่าย,เงินบาท,468500
D148,T6,2568-กษ-970,จำนวนผู้เข้าร่วม,จำนวนนับ,122
D148,T6,2568-กษ-970,กลุ่มเป้าหมาย,รายการ,ผู้ค้าในตลาดสด
D148,T6,2568-กษ-970,สถานะ,ข้อความ,ดำเนินการแล้วเสร็จ
D148,T6,2568-กษ-970,หมายเหตุ,ข้อความ,
D148,T6,2568-ทถ-012,รหัสกิจกรรม,ข้อความ,2568-ทถ-012
D148,T6,2568-ทถ-012,ชื่อกิจกรรม,ข้อความ,โครงการสำรวจข้อมูลระบบประปาหมู่บ้าน
D148,T6,2568-ทถ-012,หน่วยงานรับผิดชอบ,ข้อความ,อบจ.พะเยา
D148,T6,2568-ทถ-012,งบจัดสรร,เงินบาท,699500
D148,T6,2568-ทถ-012,เบิกจ่าย,เงินบาท,574500
D148,T6,2568-ทถ-012,จำนวนผู้เข้าร่วม,จำนวนนับ,214
D148,T6,2568-ทถ-012,กลุ่มเป้าหมาย,รายการ,นักเรียนและนักศึกษา
D148,T6,2568-ทถ-012,สถานะ,ข้อความ,ดำเนินการแล้วเสร็จ
D148,T6,2568-ทถ-012,หมายเหตุ,ข้อความ,
D148,T6,2568-กษ-011,รหัสกิจกรรม,ข้อความ,2568-กษ-011
D148,T6,2568-กษ-011,ชื่อกิจกรรม,ข้อความ,กิจกรรมประชาสัมพันธ์ศูนย์พัฒนาเด็กเล็ก
D148,T6,2568-กษ-011,หน่วยงานรับผิดชอบ,ข้อความ,อบจ.พะเยา
D148,T6,2568-กษ-011,งบจัดสรร,เงินบาท,349000
D148,T6,2568-กษ-011,เบิกจ่าย,เงินบาท,283500
D148,T6,2568-กษ-011,จำนวนผู้เข้าร่วม,จำนวนนับ,127
D148,T6,2568-กษ-011,กลุ่มเป้าหมาย,รายการ,เกษตรกรและผู้ประกอบการรายย่อย
D148,T6,2568-กษ-011,สถานะ,ข้อความ,ดำเนินการแล้วเสร็จ
D148,T6,2568-กษ-011,หมายเหตุ,ข้อความ,
D148,T6,2568-พช-933,รหัสกิจกรรม,ข้อความ,2568-พช-933
D148,T6,2568-พช-933,ชื่อกิจกรรม,ข้อความ,โครงการตรวจเยี่ยมอาสาสมัครสาธารณสุขประจำหมู่บ้าน
D148,T6,2568-พช-933,หน่วยงานรับผิดชอบ,ข้อความ,องค์การบริหารส่วนจังหวัดพะเยา
D148,T6,2568-พช-933,งบจัดสรร,เงินบาท,499500
D148,T6,2568-พช-933,เบิกจ่าย,เงินบาท,427000
D148,T6,2568-พช-933,จำนวนผู้เข้าร่วม,จำนวนนับ,210
D148,T6,2568-พช-933,กลุ่มเป้าหมาย,รายการ,ผู้ดูแลศูนย์พัฒนาเด็กเล็ก
D148,T6,2568-พช-933,สถานะ,ข้อความ,ดำเนินการแล้วเสร็จ
D148,T6,2568-พช-933,หมายเหตุ,ข้อความ,
D149,T6,2568-สค-991,รหัสกิจกรรม,ข้อความ,2568-สค-991
D149,T6,2568-สค-991,ชื่อกิจกรรม,ข้อความ,โครงการตรวจเยี่ยมการเกษตรปลอดภัย
D149,T6,2568-สค-991,หน่วยงานรับผิดชอบ,ข้อความ,สนง.เกษตรอำเภอปาย
D149,T6,2568-สค-991,งบจัดสรร,เงินบาท,479000
D149,T6,2568-สค-991,เบิกจ่าย,เงินบาท,304500
D149,T6,2568-สค-991,จำนวนผู้เข้าร่วม,จำนวนนับ,179
D149,T6,2568-สค-991,กลุ่มเป้าหมาย,รายการ,แรงงานนอกระบบ
D149,T6,2568-สค-991,สถานะ,ข้อความ,ดำเนินการแล้วเสร็จ
D149,T6,2568-สค-991,หมายเหตุ,ข้อความ,
D149,T6,2568-สค-772,รหัสกิจกรรม,ข้อความ,2568-สค-772
D149,T6,2568-สค-772,ชื่อกิจกรรม,ข้อความ,กิจกรรมบำรุงรักษาถนนสายหลักในเขตพื้นที่
D149,T6,2568-สค-772,หน่วยงานรับผิดชอบ,ข้อความ,สนง.เกษตรอำเภอปาย
D149,T6,2568-สค-772,งบจัดสรร,เงินบาท,746000
D149,T6,2568-สค-772,เบิกจ่าย,เงินบาท,680500
D149,T6,2568-สค-772,จำนวนผู้เข้าร่วม,จำนวนนับ,48
D149,T6,2568-สค-772,กลุ่มเป้าหมาย,รายการ,ข้าราชการและเจ้าหน้าที่ของรัฐ
D149,T6,2568-สค-772,สถานะ,ข้อความ,ดำเนินการแล้วเสร็จ
D149,T6,2568-สค-772,หมายเหตุ,ข้อความ,
D149,T6,2568-ทถ-722,รหัสกิจกรรม,ข้อความ,2568-ทถ-722
D149,T6,2568-ทถ-722,ชื่อกิจกรรม,ข้อความ,กิจกรรมจัดเก็บข้อมูลศูนย์พัฒนาเด็กเล็ก
D149,T6,2568-ทถ-722,หน่วยงานรับผิดชอบ,ข้อความ,สนง.เกษตรอำเภอปาย
D149,T6,2568-ทถ-722,งบจัดสรร,เงินบาท,146500
D149,T6,2568-ทถ-722,เบิกจ่าย,เงินบาท,114000
D149,T6,2568-ทถ-722,จำนวนผู้เข้าร่วม,จำนวนนับ,95
D149,T6,2568-ทถ-722,กลุ่มเป้าหมาย,รายการ,นักเรียนและนักศึกษา
D149,T6,2568-ทถ-722,สถานะ,ข้อความ,ดำเนินการแล้วเสร็จ
D149,T6,2568-ทถ-722,หมายเหตุ,ข้อความ,
D149,T6,2568-สธ-807,รหัสกิจกรรม,ข้อความ,2568-สธ-807
D149,T6,2568-สธ-807,ชื่อกิจกรรม,ข้อความ,โครงการจัดประชุมระบบประปาหมู่บ้าน
D149,T6,2568-สธ-807,หน่วยงานรับผิดชอบ,ข้อความ,สนง.เกษตรอำเภอปาย
D149,T6,2568-สธ-807,งบจัดสรร,เงินบาท,710500
D149,T6,2568-สธ-807,เบิกจ่าย,เงินบาท,530000
D149,T6,2568-สธ-807,จำนวนผู้เข้าร่วม,จำนวนนับ,196
D149,T6,2568-สธ-807,กลุ่มเป้าหมาย,รายการ,เจ้าหน้าที่ท้องถิ่น
D149,T6,2568-สธ-807,สถานะ,ข้อความ,ดำเนินการแล้วเสร็จ
D149,T6,2568-สธ-807,หมายเหตุ,ข้อความ,
D149,T6,2568-สธ-761,รหัสกิจกรรม,ข้อความ,2568-สธ-761
D149,T6,2568-สธ-761,ชื่อกิจกรรม,ข้อความ,กิจกรรมจัดทำแผนเศรษฐกิจฐานราก
D149,T6,2568-สธ-761,หน่วยงานรับผิดชอบ,ข้อความ,สนง.เกษตรอำเภอปาย
D149,T6,2568-สธ-761,งบจัดสรร,เงินบาท,406000
D149,T6,2568-สธ-761,เบิกจ่าย,เงินบาท,347500
D149,T6,2568-สธ-761,จำนวนผู้เข้าร่วม,จำนวนนับ,113
D149,T6,2568-สธ-761,กลุ่มเป้าหมาย,รายการ,สตรีและครอบครัว
D149,T6,2568-สธ-761,สถานะ,ข้อความ,ดำเนินการแล้วเสร็จ
D149,T6,2568-สธ-761,หมายเหตุ,ข้อความ,
D149,T6,2568-ทถ-955,รหัสกิจกรรม,ข้อความ,2568-ทถ-955
D149,T6,2568-ทถ-955,ชื่อกิจกรรม,ข้อความ,กิจกรรมประชาสัมพันธ์คุณภาพชีวิตผู้สูงอายุ
D149,T6,2568-ทถ-955,หน่วยงานรับผิดชอบ,ข้อความ,สนง.เกษตรอำเภอปาย
D149,T6,2568-ทถ-955,งบจัดสรร,เงินบาท,659500
D149,T6,2568-ทถ-955,เบิกจ่าย,เงินบาท,372000
D149,T6,2568-ทถ-955,จำนวนผู้เข้าร่วม,จำนวนนับ,233
D149,T6,2568-ทถ-955,กลุ่มเป้าหมาย,รายการ,ผู้ปกครองเด็กก่อนวัยเรียน
D149,T6,2568-ทถ-955,สถานะ,ข้อความ,ดำเนินการแล้วเสร็จ
D149,T6,2568-ทถ-955,หมายเหตุ,ข้อความ,
D149,T6,2568-พช-594,รหัสกิจกรรม,ข้อความ,2568-พช-594
D149,T6,2568-พช-594,ชื่อกิจกรรม,ข้อความ,กิจกรรมบำรุงรักษากลุ่มวิสาหกิจชุมชน
D149,T6,2568-พช-594,หน่วยงานรับผิดชอบ,ข้อความ,สำนักงานเกษตรอำเภอปาย
D149,T6,2568-พช-594,งบจัดสรร,เงินบาท,175000
D149,T6,2568-พช-594,เบิกจ่าย,เงินบาท,133500
D149,T6,2568-พช-594,จำนวนผู้เข้าร่วม,จำนวนนับ,53
D149,T6,2568-พช-594,กลุ่มเป้าหมาย,รายการ,เจ้าหน้าที่ท้องถิ่น
D149,T6,2568-พช-594,สถานะ,ข้อความ,ดำเนินการแล้วเสร็จ
D149,T6,2568-พช-594,หมายเหตุ,ข้อความ,
D150,T6,2567-สค-604,รหัสกิจกรรม,ข้อความ,2567-สค-604
D150,T6,2567-สค-604,ชื่อกิจกรรม,ข้อความ,โครงการจัดประชุมการท่องเที่ยวโดยชุมชน
D150,T6,2567-สค-604,หน่วยงานรับผิดชอบ,ข้อความ,พช.อ.เมือง
D150,T6,2567-สค-604,งบจัดสรร,เงินบาท,442000
D150,T6,2567-สค-604,เบิกจ่าย,เงินบาท,292500
D150,T6,2567-สค-604,จำนวนผู้เข้าร่วม,จำนวนนับ,240
D150,T6,2567-สค-604,กลุ่มเป้าหมาย,รายการ,ผู้ประสบภัยพิบัติ
D150,T6,2567-สค-604,สถานะ,ข้อความ,ดำเนินการแล้วเสร็จ
D150,T6,2567-สค-604,หมายเหตุ,ข้อความ,
D150,T6,2567-ศษ-676,รหัสกิจกรรม,ข้อความ,2567-ศษ-676
D150,T6,2567-ศษ-676,ชื่อกิจกรรม,ข้อความ,โครงการประชาสัมพันธ์การบริหารจัดการขยะมูลฝอย
D150,T6,2567-ศษ-676,หน่วยงานรับผิดชอบ,ข้อความ,พช.อ.เมือง
D150,T6,2567-ศษ-676,งบจัดสรร,เงินบาท,96000
D150,T6,2567-ศษ-676,เบิกจ่าย,เงินบาท,94500
D150,T6,2567-ศษ-676,จำนวนผู้เข้าร่วม,จำนวนนับ,200
D150,T6,2567-ศษ-676,กลุ่มเป้าหมาย,รายการ,กลุ่มเปราะบางและผู้ด้อยโอกาส
D150,T6,2567-ศษ-676,สถานะ,ข้อความ,ดำเนินการแล้วเสร็จ
D150,T6,2567-ศษ-676,หมายเหตุ,ข้อความ,
D150,T6,2567-กษ-024,รหัสกิจกรรม,ข้อความ,2567-กษ-024
D150,T6,2567-กษ-024,ชื่อกิจกรรม,ข้อความ,กิจกรรมสำรวจข้อมูลศูนย์พัฒนาเด็กเล็ก
D150,T6,2567-กษ-024,หน่วยงานรับผิดชอบ,ข้อความ,สำนักงานพัฒนาชุมชนอำเภอเมือง
D150,T6,2567-กษ-024,งบจัดสรร,เงินบาท,148000
D150,T6,2567-กษ-024,เบิกจ่าย,เงินบาท,146500
D150,T6,2567-กษ-024,จำนวนผู้เข้าร่วม,จำนวนนับ,69
D150,T6,2567-กษ-024,กลุ่มเป้าหมาย,รายการ,ผู้ประกอบการร้านอาหาร
D150,T6,2567-กษ-024,สถานะ,ข้อความ,ดำเนินการแล้วเสร็จ
D150,T6,2567-กษ-024,หมายเหตุ,ข้อความ,
D150,T6,2567-สธ-532,รหัสกิจกรรม,ข้อความ,2567-สธ-532
D150,T6,2567-สธ-532,ชื่อกิจกรรม,ข้อความ,โครงการบำรุงรักษาครัวเรือนยากจนเป้าหมาย
D150,T6,2567-สธ-532,หน่วยงานรับผิดชอบ,ข้อความ,สำนักงานพัฒนาชุมชนอำเภอเมือง
D150,T6,2567-สธ-532,งบจัดสรร,เงินบาท,277000
D150,T6,2567-สธ-532,เบิกจ่าย,เงินบาท,175500
D150,T6,2567-สธ-532,จำนวนผู้เข้าร่วม,จำนวนนับ,189
D150,T6,2567-สธ-532,กลุ่มเป้าหมาย,รายการ,ผู้ประกอบการร้านอาหาร
D150,T6,2567-สธ-532,สถานะ,ข้อความ,ดำเนินการแล้วเสร็จ
D150,T6,2567-สธ-532,หมายเหตุ,ข้อความ,
D150,T6,2567-ทถ-195,รหัสกิจกรรม,ข้อความ,2567-ทถ-195
D150,T6,2567-ทถ-195,ชื่อกิจกรรม,ข้อความ,กิจกรรมประชาสัมพันธ์ระบบประปาหมู่บ้าน
D150,T6,2567-ทถ-195,หน่วยงานรับผิดชอบ,ข้อความ,พช.อ.เมือง
D150,T6,2567-ทถ-195,งบจัดสรร,เงินบาท,281000
D150,T6,2567-ทถ-195,เบิกจ่าย,เงินบาท,269000
D150,T6,2567-ทถ-195,จำนวนผู้เข้าร่วม,จำนวนนับ,249
D150,T6,2567-ทถ-195,กลุ่มเป้าหมาย,รายการ,อาสาสมัครป้องกันภัยฝ่ายพลเรือน
D150,T6,2567-ทถ-195,สถานะ,ข้อความ,ดำเนินการแล้วเสร็จ
D150,T6,2567-ทถ-195,หมายเหตุ,ข้อความ,
D150,T6,2567-สธ-283,รหัสกิจกรรม,ข้อความ,2567-สธ-283
D150,T6,2567-สธ-283,ชื่อกิจกรรม,ข้อความ,กิจกรรมจัดประชุมแผนพัฒนาท้องถิ่นห้าปี
D150,T6,2567-สธ-283,หน่วยงานรับผิดชอบ,ข้อความ,สำนักงานพัฒนาชุมชนอำเภอเมือง
D150,T6,2567-สธ-283,งบจัดสรร,เงินบาท,210000
D150,T6,2567-สธ-283,เบิกจ่าย,เงินบาท,166000
D150,T6,2567-สธ-283,จำนวนผู้เข้าร่วม,จำนวนนับ,108
D150,T6,2567-สธ-283,กลุ่มเป้าหมาย,รายการ,กลุ่มเปราะบางและผู้ด้อยโอกาส
D150,T6,2567-สธ-283,สถานะ,ข้อความ,ดำเนินการแล้วเสร็จ
D150,T6,2567-สธ-283,หมายเหตุ,ข้อความ,
D150,T6,2567-สค-255,รหัสกิจกรรม,ข้อความ,2567-สค-255
D150,T6,2567-สค-255,ชื่อกิจกรรม,ข้อความ,โครงการจัดประชุมครัวเรือนยากจนเป้าหมาย
D150,T6,2567-สค-255,หน่วยงานรับผิดชอบ,ข้อความ,สำนักงานพัฒนาชุมชนอำเภอเมือง
D150,T6,2567-สค-255,งบจัดสรร,เงินบาท,821000
D150,T6,2567-สค-255,เบิกจ่าย,เงินบาท,560500
D150,T6,2567-สค-255,จำนวนผู้เข้าร่วม,จำนวนนับ,213
D150,T6,2567-สค-255,กลุ่มเป้าหมาย,รายการ,ผู้ประกันตนตามมาตรา 40
D150,T6,2567-สค-255,สถานะ,ข้อความ,ดำเนินการแล้วเสร็จ
D150,T6,2567-สค-255,หมายเหตุ,ข้อความ,
